/*
SQLyog Ultimate v12.09 (64 bit)
MySQL - 10.1.31-MariaDB : Database - car_fix
*********************************************************************
*/

/*!40101 SET NAMES utf8 */;

/*!40101 SET SQL_MODE=''*/;

/*!40014 SET @OLD_UNIQUE_CHECKS=@@UNIQUE_CHECKS, UNIQUE_CHECKS=0 */;
/*!40014 SET @OLD_FOREIGN_KEY_CHECKS=@@FOREIGN_KEY_CHECKS, FOREIGN_KEY_CHECKS=0 */;
/*!40101 SET @OLD_SQL_MODE=@@SQL_MODE, SQL_MODE='NO_AUTO_VALUE_ON_ZERO' */;
/*!40111 SET @OLD_SQL_NOTES=@@SQL_NOTES, SQL_NOTES=0 */;
/*Table structure for table `admin_queries` */

DROP TABLE IF EXISTS `admin_queries`;

CREATE TABLE `admin_queries` (
  `id` int(10) unsigned NOT NULL AUTO_INCREMENT,
  `name` varchar(191) COLLATE utf8mb4_unicode_ci NOT NULL,
  `email` varchar(191) COLLATE utf8mb4_unicode_ci NOT NULL,
  `subject` varchar(191) COLLATE utf8mb4_unicode_ci DEFAULT NULL,
  `message` varchar(191) COLLATE utf8mb4_unicode_ci NOT NULL,
  `status` tinyint(4) NOT NULL DEFAULT '1' COMMENT '0,1',
  `created_at` timestamp NULL DEFAULT NULL,
  `updated_at` timestamp NULL DEFAULT NULL,
  `deleted_at` timestamp NULL DEFAULT NULL,
  PRIMARY KEY (`id`)
) ENGINE=InnoDB DEFAULT CHARSET=utf8mb4 COLLATE=utf8mb4_unicode_ci;

/*Data for the table `admin_queries` */

/*Table structure for table `app_settings` */

DROP TABLE IF EXISTS `app_settings`;

CREATE TABLE `app_settings` (
  `id` int(11) unsigned NOT NULL AUTO_INCREMENT,
  `locale` varchar(10) NOT NULL DEFAULT '''en''',
  `app_title` varchar(255) NOT NULL,
  `email` varchar(255) DEFAULT NULL,
  `phone` varchar(255) DEFAULT NULL,
  `street` varchar(255) DEFAULT NULL,
  `about` text,
  `logo` varchar(255) DEFAULT NULL,
  `latitude` double DEFAULT NULL,
  `longitude` double DEFAULT NULL,
  `playstore` varchar(255) DEFAULT NULL,
  `appstore` varchar(255) DEFAULT NULL,
  `social_links` varchar(255) DEFAULT NULL,
  `app_version` double NOT NULL,
  `force_update` tinyint(2) NOT NULL,
  `created_at` timestamp NOT NULL DEFAULT CURRENT_TIMESTAMP,
  `updated_at` timestamp NOT NULL DEFAULT CURRENT_TIMESTAMP,
  `deleted_at` timestamp NOT NULL DEFAULT '0000-00-00 00:00:00',
  PRIMARY KEY (`id`)
) ENGINE=InnoDB DEFAULT CHARSET=utf8;

/*Data for the table `app_settings` */

/*Table structure for table `area_translations` */

DROP TABLE IF EXISTS `area_translations`;

CREATE TABLE `area_translations` (
  `id` int(10) unsigned NOT NULL AUTO_INCREMENT,
  `area_id` int(10) unsigned NOT NULL,
  `locale` varchar(5) COLLATE utf8mb4_unicode_ci NOT NULL,
  `name` varchar(255) COLLATE utf8mb4_unicode_ci NOT NULL,
  `created_at` timestamp NULL DEFAULT NULL,
  `updated_at` timestamp NULL DEFAULT NULL,
  `deleted_at` timestamp NULL DEFAULT NULL,
  PRIMARY KEY (`id`),
  KEY `area_translations_area_id_foreign` (`area_id`),
  CONSTRAINT `area_translations_area_id_foreign` FOREIGN KEY (`area_id`) REFERENCES `areas` (`id`) ON DELETE CASCADE ON UPDATE CASCADE
) ENGINE=InnoDB AUTO_INCREMENT=1172 DEFAULT CHARSET=utf8mb4 COLLATE=utf8mb4_unicode_ci;

/*Data for the table `area_translations` */

insert  into `area_translations`(`id`,`area_id`,`locale`,`name`,`created_at`,`updated_at`,`deleted_at`) values (1,1,'en','Abu Hail','2018-07-17 05:11:20','2018-07-17 05:11:20',NULL),(2,2,'en','Academic City','2018-07-17 05:11:20','2018-07-17 05:11:20',NULL),(3,3,'en','Al Awir','2018-07-17 05:11:20','2018-07-17 05:11:20',NULL),(4,4,'en','Al Bada\'a','2018-07-17 05:11:20','2018-07-17 05:11:20',NULL),(5,5,'en','Al Baraha','2018-07-17 05:11:20','2018-07-17 05:11:20',NULL),(6,6,'en','Al Barari','2018-07-17 05:11:20','2018-07-17 05:11:20',NULL),(7,7,'en','Al Barsha 1','2018-07-17 05:11:20','2018-07-17 05:11:20',NULL),(8,8,'en','Al Barsha 2','2018-07-17 05:11:20','2018-07-17 05:11:20',NULL),(9,9,'en','Al Barsha 3','2018-07-17 05:11:20','2018-07-17 05:11:20',NULL),(10,10,'en','Al Barsha South','2018-07-17 05:11:20','2018-07-17 05:11:20',NULL),(11,11,'en','Al Buteen','2018-07-17 05:11:20','2018-07-17 05:11:20',NULL),(12,12,'en','Al Dhagaya','2018-07-17 05:11:20','2018-07-17 05:11:20',NULL),(13,13,'en','Al Furjan','2018-07-17 05:11:20','2018-07-17 05:11:20',NULL),(14,14,'en','Al Garhoud','2018-07-17 05:11:20','2018-07-17 05:11:20',NULL),(15,15,'en','Al Hamriya','2018-07-17 05:11:20','2018-07-17 05:11:20',NULL),(16,16,'en','Al Hudaiba','2018-07-17 05:11:20','2018-07-17 05:11:20',NULL),(17,17,'en','Al Jaddaf','2018-07-17 05:11:20','2018-07-17 05:11:20',NULL),(18,18,'en','Al Jaffiliya','2018-07-17 05:11:20','2018-07-17 05:11:20',NULL),(19,19,'en','Al Karama','2018-07-17 05:11:20','2018-07-17 05:11:20',NULL),(20,20,'en','Al Khabaisi','2018-07-17 05:11:20','2018-07-17 05:11:20',NULL),(21,21,'en','Al Khawaneej 1','2018-07-17 05:11:20','2018-07-17 05:11:20',NULL),(22,22,'en','Al Khawaneej 2','2018-07-17 05:11:20','2018-07-17 05:11:20',NULL),(23,23,'en','Al Kifaf','2018-07-17 05:11:20','2018-07-17 05:11:20',NULL),(24,24,'en','Al Mamzar','2018-07-17 05:11:20','2018-07-17 05:11:20',NULL),(25,25,'en','Al Manara','2018-07-17 05:11:20','2018-07-17 05:11:20',NULL),(26,26,'en','Al Mankhool','2018-07-17 05:11:20','2018-07-17 05:11:20',NULL),(27,27,'en','Al Merkad','2018-07-17 05:11:20','2018-07-17 05:11:20',NULL),(28,28,'en','Al Mina','2018-07-17 05:11:20','2018-07-17 05:11:20',NULL),(29,29,'en','Al Mizhar 1','2018-07-17 05:11:20','2018-07-17 05:11:20',NULL),(30,30,'en','Al Mizhar 2','2018-07-17 05:11:20','2018-07-17 05:11:20',NULL),(31,31,'en','Al Muraqqabat','2018-07-17 05:11:20','2018-07-17 05:11:20',NULL),(32,32,'en','Al Murar','2018-07-17 05:11:20','2018-07-17 05:11:20',NULL),(33,33,'en','Al Mushrif','2018-07-17 05:11:20','2018-07-17 05:11:20',NULL),(34,34,'en','Al Muteena','2018-07-17 05:11:20','2018-07-17 05:11:20',NULL),(35,35,'en','Al Nahda 1','2018-07-17 05:11:20','2018-07-17 05:11:20',NULL),(36,36,'en','Al Nahda 2','2018-07-17 05:11:20','2018-07-17 05:11:20',NULL),(37,37,'en','Al Quoz 1','2018-07-17 05:11:20','2018-07-17 05:11:20',NULL),(38,38,'en','Al Quoz 2','2018-07-17 05:11:20','2018-07-17 05:11:20',NULL),(39,39,'en','Al Quoz 3','2018-07-17 05:11:20','2018-07-17 05:11:20',NULL),(40,40,'en','Al Quoz 4','2018-07-17 05:11:20','2018-07-17 05:11:20',NULL),(41,41,'en','Al Quoz Industrial Area 1','2018-07-17 05:11:20','2018-07-17 05:11:20',NULL),(42,42,'en','Al Quoz Industrial Area 2','2018-07-17 05:11:20','2018-07-17 05:11:20',NULL),(43,43,'en','Al Quoz Industrial Area 3','2018-07-17 05:11:20','2018-07-17 05:11:20',NULL),(44,44,'en','Al Quoz Industrial Area 4','2018-07-17 05:11:20','2018-07-17 05:11:20',NULL),(45,45,'en','Al Qusais 1','2018-07-17 05:11:20','2018-07-17 05:11:20',NULL),(46,46,'en','Al Qusais 2','2018-07-17 05:11:20','2018-07-17 05:11:20',NULL),(47,47,'en','Al Qusais 3','2018-07-17 05:11:20','2018-07-17 05:11:20',NULL),(48,48,'en','Al Qusais Industrial Area 1','2018-07-17 05:11:20','2018-07-17 05:11:20',NULL),(49,49,'en','Al Qusais Industrial Area 2','2018-07-17 05:11:20','2018-07-17 05:11:20',NULL),(50,50,'en','Al Qusais Industrial Area 3','2018-07-17 05:11:20','2018-07-17 05:11:20',NULL),(51,51,'en','Al Qusais Industrial Area 4','2018-07-17 05:11:20','2018-07-17 05:11:20',NULL),(52,52,'en','Al Qusais Industrial Area 5','2018-07-17 05:11:20','2018-07-17 05:11:20',NULL),(53,53,'en','Al Raffa','2018-07-17 05:11:20','2018-07-17 05:11:20',NULL),(54,54,'en','Al Ras','2018-07-17 05:11:20','2018-07-17 05:11:20',NULL),(55,55,'en','Al Rashidiya','2018-07-17 05:11:20','2018-07-17 05:11:20',NULL),(56,56,'en','Al Rigga','2018-07-17 05:11:20','2018-07-17 05:11:20',NULL),(57,57,'en','Al Sabkha','2018-07-17 05:11:20','2018-07-17 05:11:20',NULL),(58,58,'en','Al Safa','2018-07-17 05:11:20','2018-07-17 05:11:20',NULL),(59,59,'en','Al Safa 2','2018-07-17 05:11:20','2018-07-17 05:11:20',NULL),(60,60,'en','Al Satwa','2018-07-17 05:11:20','2018-07-17 05:11:20',NULL),(61,61,'en','Al Shindagha','2018-07-17 05:11:20','2018-07-17 05:11:20',NULL),(62,62,'en','Al Souq Al Kabeer','2018-07-17 05:11:20','2018-07-17 05:11:20',NULL),(63,63,'en','Al Sufouh 1','2018-07-17 05:11:20','2018-07-17 05:11:20',NULL),(64,64,'en','Al Sufouh 2','2018-07-17 05:11:20','2018-07-17 05:11:20',NULL),(65,65,'en','Al Twar 1','2018-07-17 05:11:20','2018-07-17 05:11:20',NULL),(66,66,'en','Al Twar 2','2018-07-17 05:11:20','2018-07-17 05:11:20',NULL),(67,67,'en','Al Twar 3','2018-07-17 05:11:20','2018-07-17 05:11:20',NULL),(68,68,'en','Al Waheda','2018-07-17 05:11:20','2018-07-17 05:11:20',NULL),(69,69,'en','Al Warqa 1','2018-07-17 05:11:20','2018-07-17 05:11:20',NULL),(70,70,'en','Al Warqa 2','2018-07-17 05:11:20','2018-07-17 05:11:20',NULL),(71,71,'en','Al Warqa 3','2018-07-17 05:11:20','2018-07-17 05:11:20',NULL),(72,72,'en','Al Warqa 4','2018-07-17 05:11:20','2018-07-17 05:11:20',NULL),(73,73,'en','Al Warqa 5','2018-07-17 05:11:20','2018-07-17 05:11:20',NULL),(74,74,'en','Al Wasl','2018-07-17 05:11:20','2018-07-17 05:11:20',NULL),(75,75,'en','Arabian Ranches','2018-07-17 05:11:20','2018-07-17 05:11:20',NULL),(76,76,'en','Arabian Ranches 2','2018-07-17 05:11:20','2018-07-17 05:11:20',NULL),(77,77,'en','Barsha Heights - TECOM','2018-07-17 05:11:20','2018-07-17 05:11:20',NULL),(78,78,'en','Bukadra','2018-07-17 05:11:20','2018-07-17 05:11:20',NULL),(79,79,'en','Business Bay','2018-07-17 05:11:20','2018-07-17 05:11:20',NULL),(80,80,'en','Corniche Deira','2018-07-17 05:11:20','2018-07-17 05:11:20',NULL),(81,81,'en','DIFC','2018-07-17 05:11:20','2018-07-17 05:11:20',NULL),(82,82,'en','Discovery Gardens','2018-07-17 05:11:20','2018-07-17 05:11:20',NULL),(83,83,'en','Downtown Burj Khalifa','2018-07-17 05:11:20','2018-07-17 05:11:20',NULL),(84,84,'en','Downtown Jabel Ali','2018-07-17 05:11:20','2018-07-17 05:11:20',NULL),(85,85,'en','Dubai Airport Freezone','2018-07-17 05:11:20','2018-07-17 05:11:20',NULL),(86,86,'en','Dubai Cargo Village','2018-07-17 05:11:20','2018-07-17 05:11:20',NULL),(87,87,'en','Dubai Design District','2018-07-17 05:11:20','2018-07-17 05:11:20',NULL),(88,88,'en','Dubai Falcon City','2018-07-17 05:11:20','2018-07-17 05:11:20',NULL),(89,89,'en','Dubai Festival City','2018-07-17 05:11:20','2018-07-17 05:11:20',NULL),(90,90,'en','Dubai Healthcare City','2018-07-17 05:11:20','2018-07-17 05:11:20',NULL),(91,91,'en','Dubai International Airport','2018-07-17 05:11:20','2018-07-17 05:11:20',NULL),(92,92,'en','Dubai Internet City - DIC','2018-07-17 05:11:20','2018-07-17 05:11:20',NULL),(93,93,'en','Dubai Investments Park 1','2018-07-17 05:11:20','2018-07-17 05:11:20',NULL),(94,94,'en','Dubai Investments Park 2','2018-07-17 05:11:20','2018-07-17 05:11:20',NULL),(95,95,'en','Dubai Marina','2018-07-17 05:11:20','2018-07-17 05:11:20',NULL),(96,96,'en','Dubai Maritime City','2018-07-17 05:11:20','2018-07-17 05:11:20',NULL),(97,97,'en','Dubai Media City','2018-07-17 05:11:20','2018-07-17 05:11:20',NULL),(98,98,'en','Dubai Motor City','2018-07-17 05:11:20','2018-07-17 05:11:20',NULL),(99,99,'en','Dubai Silicon Oasis','2018-07-17 05:11:20','2018-07-17 05:11:20',NULL),(100,100,'en','Dubai Sports City','2018-07-17 05:11:20','2018-07-17 05:11:20',NULL),(101,101,'en','Dubai Studio City','2018-07-17 05:11:20','2018-07-17 05:11:20',NULL),(102,102,'en','Dubai Techno Park','2018-07-17 05:11:20','2018-07-17 05:11:20',NULL),(103,103,'en','Dubai World Central - DWC','2018-07-17 05:11:20','2018-07-17 05:11:20',NULL),(104,104,'en','Dubai World Trade Center - DWTC','2018-07-17 05:11:20','2018-07-17 05:11:20',NULL),(105,105,'en','Emirates Hills','2018-07-17 05:11:20','2018-07-17 05:11:20',NULL),(106,106,'en','Gardens','2018-07-17 05:11:20','2018-07-17 05:11:20',NULL),(107,107,'en','Global Village','2018-07-17 05:11:20','2018-07-17 05:11:20',NULL),(108,108,'en','Green Community Motor City','2018-07-17 05:11:20','2018-07-17 05:11:20',NULL),(109,109,'en','Hor Al Anz','2018-07-17 05:11:20','2018-07-17 05:11:20',NULL),(110,110,'en','Hor Al Anz East','2018-07-17 05:11:20','2018-07-17 05:11:20',NULL),(111,111,'en','Ibn Batutta Mall','2018-07-17 05:11:20','2018-07-17 05:11:20',NULL),(112,112,'en','IMPZ','2018-07-17 05:11:20','2018-07-17 05:11:20',NULL),(113,113,'en','International City','2018-07-17 05:11:20','2018-07-17 05:11:20',NULL),(114,114,'en','Jebel Ali 1','2018-07-17 05:11:20','2018-07-17 05:11:20',NULL),(115,115,'en','Jebel Ali 2','2018-07-17 05:11:20','2018-07-17 05:11:20',NULL),(116,116,'en','Jebel Ali Freezone','2018-07-17 05:11:20','2018-07-17 05:11:20',NULL),(117,117,'en','Jebel Ali Freezone Extension','2018-07-17 05:11:20','2018-07-17 05:11:20',NULL),(118,118,'en','Jebel Ali Industrial Area','2018-07-17 05:11:20','2018-07-17 05:11:20',NULL),(119,119,'en','Jumeirah 1','2018-07-17 05:11:20','2018-07-17 05:11:20',NULL),(120,120,'en','Jumeirah 2','2018-07-17 05:11:20','2018-07-17 05:11:20',NULL),(121,121,'en','Jumeirah 3','2018-07-17 05:11:20','2018-07-17 05:11:20',NULL),(122,122,'en','Jumeirah Beach Residence - JBR','2018-07-17 05:11:20','2018-07-17 05:11:20',NULL),(123,123,'en','Jumeirah Golf Estates','2018-07-17 05:11:20','2018-07-17 05:11:20',NULL),(124,124,'en','Jumeirah Islands','2018-07-17 05:11:20','2018-07-17 05:11:20',NULL),(125,125,'en','Jumeirah Lakes Towers - JLT','2018-07-17 05:11:20','2018-07-17 05:11:20',NULL),(126,126,'en','Jumeirah Park','2018-07-17 05:11:20','2018-07-17 05:11:20',NULL),(127,127,'en','Jumeirah Village Circle - JVC','2018-07-17 05:11:20','2018-07-17 05:11:20',NULL),(128,128,'en','Jumeirah Village Triangle - JVT','2018-07-17 05:11:20','2018-07-17 05:11:20',NULL),(129,129,'en','Knowledge Village','2018-07-17 05:11:20','2018-07-17 05:11:20',NULL),(130,130,'en','Layan Community','2018-07-17 05:11:20','2018-07-17 05:11:20',NULL),(131,131,'en','Liwan','2018-07-17 05:11:20','2018-07-17 05:11:20',NULL),(132,132,'en','Meadows','2018-07-17 05:11:20','2018-07-17 05:11:20',NULL),(133,133,'en','Meydan South','2018-07-17 05:11:20','2018-07-17 05:11:20',NULL),(134,134,'en','Mira Community','2018-07-17 05:11:20','2018-07-17 05:11:20',NULL),(135,135,'en','Mirdif','2018-07-17 05:11:20','2018-07-17 05:11:20',NULL),(136,136,'en','Mudon','2018-07-17 05:11:20','2018-07-17 05:11:20',NULL),(137,137,'en','Muhaisnah 1','2018-07-17 05:11:20','2018-07-17 05:11:20',NULL),(138,138,'en','Muhaisnah 2','2018-07-17 05:11:20','2018-07-17 05:11:20',NULL),(139,139,'en','Muhaisnah 3','2018-07-17 05:11:20','2018-07-17 05:11:20',NULL),(140,140,'en','Muhaisnah 4','2018-07-17 05:11:20','2018-07-17 05:11:20',NULL),(141,141,'en','Nad Al Sheba 1','2018-07-17 05:11:20','2018-07-17 05:11:20',NULL),(142,142,'en','Nad Al Sheba 2','2018-07-17 05:11:20','2018-07-17 05:11:20',NULL),(143,143,'en','Nad Al Sheba 3','2018-07-17 05:11:20','2018-07-17 05:11:20',NULL),(144,144,'en','Nad Al Sheba 4','2018-07-17 05:11:20','2018-07-17 05:11:20',NULL),(145,145,'en','Nadd Al Hamar','2018-07-17 05:11:20','2018-07-17 05:11:20',NULL),(146,146,'en','Nadd Al Shamma','2018-07-17 05:11:20','2018-07-17 05:11:20',NULL),(147,147,'en','Naif','2018-07-17 05:11:20','2018-07-17 05:11:20',NULL),(148,148,'en','Oud Al Muteena','2018-07-17 05:11:20','2018-07-17 05:11:20',NULL),(149,149,'en','Oud Metha','2018-07-17 05:11:20','2018-07-17 05:11:20',NULL),(150,150,'en','Port Rashid','2018-07-17 05:11:20','2018-07-17 05:11:20',NULL),(151,151,'en','Port Saeed','2018-07-17 05:11:20','2018-07-17 05:11:20',NULL),(152,152,'en','Ras Al Khor','2018-07-17 05:11:20','2018-07-17 05:11:20',NULL),(153,153,'en','Ras Al Khor Indsutrial Area 1','2018-07-17 05:11:20','2018-07-17 05:11:20',NULL),(154,154,'en','Ras Al Khor Indsutrial Area 2','2018-07-17 05:11:20','2018-07-17 05:11:20',NULL),(155,155,'en','Ras Al Khor Indsutrial Area 3','2018-07-17 05:11:20','2018-07-17 05:11:20',NULL),(156,156,'en','Remraam','2018-07-17 05:11:20','2018-07-17 05:11:20',NULL),(157,157,'en','Rigga Al Buteen','2018-07-17 05:11:20','2018-07-17 05:11:20',NULL),(158,158,'en','Springs','2018-07-17 05:11:20','2018-07-17 05:11:20',NULL),(159,159,'en','The Greens','2018-07-17 05:11:20','2018-07-17 05:11:20',NULL),(160,160,'en','The Lakes','2018-07-17 05:11:20','2018-07-17 05:11:20',NULL),(161,161,'en','The Palm Deira','2018-07-17 05:11:20','2018-07-17 05:11:20',NULL),(162,162,'en','The Palm Jebel Ali','2018-07-17 05:11:20','2018-07-17 05:11:20',NULL),(163,163,'en','The Palm Jumeirah','2018-07-17 05:11:20','2018-07-17 05:11:20',NULL),(164,164,'en','The Skycourts','2018-07-17 05:11:20','2018-07-17 05:11:20',NULL),(165,165,'en','The Sustainable City','2018-07-17 05:11:20','2018-07-17 05:11:20',NULL),(166,166,'en','The Villa','2018-07-17 05:11:20','2018-07-17 05:11:20',NULL),(167,167,'en','Um Al Sheif','2018-07-17 05:11:20','2018-07-17 05:11:20',NULL),(168,168,'en','Umm Hurair 1','2018-07-17 05:11:20','2018-07-17 05:11:20',NULL),(169,169,'en','Umm Hurair 2','2018-07-17 05:11:20','2018-07-17 05:11:20',NULL),(170,170,'en','Umm Ramool','2018-07-17 05:11:20','2018-07-17 05:11:20',NULL),(171,171,'en','Umm Suqeim 1','2018-07-17 05:11:20','2018-07-17 05:11:20',NULL),(172,172,'en','Umm Suqeim 2','2018-07-17 05:11:20','2018-07-17 05:11:20',NULL),(173,173,'en','Umm Suqeim 2 Beach','2018-07-17 05:11:20','2018-07-17 05:11:20',NULL),(174,174,'en','Umm Suqeim 3','2018-07-17 05:11:20','2018-07-17 05:11:20',NULL),(175,175,'en','Wadi Alamardi','2018-07-17 05:11:20','2018-07-17 05:11:20',NULL),(176,176,'en','Warsan 1','2018-07-17 05:11:20','2018-07-17 05:11:20',NULL),(177,177,'en','Warsan 2','2018-07-17 05:11:20','2018-07-17 05:11:20',NULL),(178,178,'en','Waterfront','2018-07-17 05:11:20','2018-07-17 05:11:20',NULL),(179,179,'en','Za\'abeel 1','2018-07-17 05:11:20','2018-07-17 05:11:20',NULL),(180,180,'en','Za\'abeel 2','2018-07-17 05:11:20','2018-07-17 05:11:20',NULL),(181,181,'en','Al Adla','2018-07-17 05:11:20','2018-07-17 05:11:20',NULL),(182,182,'en','Al Aman','2018-07-17 05:11:20','2018-07-17 05:11:20',NULL),(183,183,'en','Al Bahya','2018-07-17 05:11:20','2018-07-17 05:11:20',NULL),(184,184,'en','Al Bandar','2018-07-17 05:11:20','2018-07-17 05:11:20',NULL),(185,185,'en','Al Dafrah','2018-07-17 05:11:20','2018-07-17 05:11:20',NULL),(186,186,'en','Al Etihad','2018-07-17 05:11:20','2018-07-17 05:11:20',NULL),(187,187,'en','Al Falah City','2018-07-17 05:11:20','2018-07-17 05:11:20',NULL),(188,188,'en','Al Hosn','2018-07-17 05:11:20','2018-07-17 05:11:20',NULL),(189,189,'en','Al Karamah','2018-07-17 05:11:20','2018-07-17 05:11:20',NULL),(190,190,'en','Al Khalidiyah','2018-07-17 05:11:20','2018-07-17 05:11:20',NULL),(191,191,'en','Al Khubeirah','2018-07-17 05:11:20','2018-07-17 05:11:20',NULL),(192,192,'en','Al Mafraq','2018-07-17 05:11:20','2018-07-17 05:11:20',NULL),(193,193,'en','Al Manhal','2018-07-17 05:11:20','2018-07-17 05:11:20',NULL),(194,194,'en','Al Maqta','2018-07-17 05:11:20','2018-07-17 05:11:20',NULL),(195,195,'en','Al Markaziyah','2018-07-17 05:11:20','2018-07-17 05:11:20',NULL),(196,196,'en','Al Markaziyah West','2018-07-17 05:11:20','2018-07-17 05:11:20',NULL),(197,197,'en','Al Maryah Island','2018-07-17 05:11:20','2018-07-17 05:11:20',NULL),(198,198,'en','Al Mina','2018-07-17 05:11:20','2018-07-17 05:11:20',NULL),(199,199,'en','Al Muneera','2018-07-17 05:11:20','2018-07-17 05:11:20',NULL),(200,200,'en','Al Muntazah','2018-07-17 05:11:20','2018-07-17 05:11:20',NULL),(201,201,'en','Al Musalla','2018-07-17 05:11:20','2018-07-17 05:11:20',NULL),(202,202,'en','Al Mushrif','2018-07-17 05:11:20','2018-07-17 05:11:20',NULL),(203,203,'en','Al Muzoon','2018-07-17 05:11:20','2018-07-17 05:11:20',NULL),(204,204,'en','Al Nahyan','2018-07-17 05:11:20','2018-07-17 05:11:20',NULL),(205,205,'en','Al Raha','2018-07-17 05:11:20','2018-07-17 05:11:20',NULL),(206,206,'en','Al Rahba','2018-07-17 05:11:20','2018-07-17 05:11:20',NULL),(207,207,'en','Al Ras Al Akhdar','2018-07-17 05:11:20','2018-07-17 05:11:20',NULL),(208,208,'en','Al Reef','2018-07-17 05:11:20','2018-07-17 05:11:20',NULL),(209,209,'en','Al Rowdah','2018-07-17 05:11:20','2018-07-17 05:11:20',NULL),(210,210,'en','Al Safarrat','2018-07-17 05:11:20','2018-07-17 05:11:20',NULL),(211,211,'en','Al Samha','2018-07-17 05:11:20','2018-07-17 05:11:20',NULL),(212,212,'en','Al Shamkha','2018-07-17 05:11:20','2018-07-17 05:11:20',NULL),(213,213,'en','Al Shawamekh','2018-07-17 05:11:20','2018-07-17 05:11:20',NULL),(214,214,'en','Al Wahdah','2018-07-17 05:11:20','2018-07-17 05:11:20',NULL),(215,215,'en','Al Wathba','2018-07-17 05:11:20','2018-07-17 05:11:20',NULL),(216,216,'en','Al Zaab','2018-07-17 05:11:20','2018-07-17 05:11:20',NULL),(217,217,'en','Al Zafranah','2018-07-17 05:11:20','2018-07-17 05:11:20',NULL),(218,218,'en','Al Zahraa','2018-07-17 05:11:20','2018-07-17 05:11:20',NULL),(219,219,'en','Al Zeina','2018-07-17 05:11:20','2018-07-17 05:11:20',NULL),(220,220,'en','Bain Al Jesrain','2018-07-17 05:11:20','2018-07-17 05:11:20',NULL),(221,221,'en','Bani Yas','2018-07-17 05:11:20','2018-07-17 05:11:20',NULL),(222,222,'en','Belghailam','2018-07-17 05:11:20','2018-07-17 05:11:20',NULL),(223,223,'en','BreakWater','2018-07-17 05:11:20','2018-07-17 05:11:20',NULL),(224,224,'en','Capital Centre','2018-07-17 05:11:20','2018-07-17 05:11:20',NULL),(225,225,'en','Dhow Harbour','2018-07-17 05:11:20','2018-07-17 05:11:20',NULL),(226,226,'en','Hydra City','2018-07-17 05:11:20','2018-07-17 05:11:20',NULL),(227,227,'en','Khor Al Bateen','2018-07-17 05:11:20','2018-07-17 05:11:20',NULL),(228,228,'en','Lulu Island','2018-07-17 05:11:20','2018-07-17 05:11:20',NULL),(229,229,'en','Madinat Khalifa - A','2018-07-17 05:11:20','2018-07-17 05:11:20',NULL),(230,230,'en','Madinat Khalifa - B','2018-07-17 05:11:20','2018-07-17 05:11:20',NULL),(231,231,'en','Madinat Khalifa - C','2018-07-17 05:11:20','2018-07-17 05:11:20',NULL),(232,232,'en','Madinat Zayed','2018-07-17 05:11:20','2018-07-17 05:11:20',NULL),(233,233,'en','Masdar City','2018-07-17 05:11:20','2018-07-17 05:11:20',NULL),(234,234,'en','Mohammed Bin Zayed City','2018-07-17 05:11:20','2018-07-17 05:11:20',NULL),(235,235,'en','Mussafah Industrial city','2018-07-17 05:11:20','2018-07-17 05:11:20',NULL),(236,236,'en','New Shahama','2018-07-17 05:11:20','2018-07-17 05:11:20',NULL),(237,237,'en','Port Zayed','2018-07-17 05:11:20','2018-07-17 05:11:20',NULL),(238,238,'en','Qasr El Bahr','2018-07-17 05:11:20','2018-07-17 05:11:20',NULL),(239,239,'en','Qasr El Shantie','2018-07-17 05:11:20','2018-07-17 05:11:20',NULL),(240,240,'en','Reem Island','2018-07-17 05:11:20','2018-07-17 05:11:20',NULL),(241,241,'en','Saadiyat Island','2018-07-17 05:11:20','2018-07-17 05:11:20',NULL),(242,242,'en','Sas Al Nakhl Island','2018-07-17 05:11:20','2018-07-17 05:11:20',NULL),(243,243,'en','Shahama','2018-07-17 05:11:20','2018-07-17 05:11:20',NULL),(244,244,'en','Tourist Club Area','2018-07-17 05:11:20','2018-07-17 05:11:20',NULL),(245,245,'en','Yas Island','2018-07-17 05:11:20','2018-07-17 05:11:20',NULL),(246,246,'en','Zayed Sports City','2018-07-17 05:11:20','2018-07-17 05:11:20',NULL),(247,247,'en','Abu Shagara','2018-07-17 05:11:20','2018-07-17 05:11:20',NULL),(248,248,'en','Al Muntazah','2018-07-17 05:11:20','2018-07-17 05:11:20',NULL),(249,249,'en','Al Abar','2018-07-17 05:11:20','2018-07-17 05:11:20',NULL),(250,250,'en','Al Azra','2018-07-17 05:11:20','2018-07-17 05:11:20',NULL),(251,251,'en','Al Bataeh','2018-07-17 05:11:20','2018-07-17 05:11:20',NULL),(252,252,'en','Al Darari','2018-07-17 05:11:20','2018-07-17 05:11:20',NULL),(253,253,'en','Al Dhaid','2018-07-17 05:11:20','2018-07-17 05:11:20',NULL),(254,254,'en','Al Elyash','2018-07-17 05:11:20','2018-07-17 05:11:20',NULL),(255,255,'en','Al Falaj','2018-07-17 05:11:20','2018-07-17 05:11:20',NULL),(256,256,'en','Al Fayha','2018-07-17 05:11:20','2018-07-17 05:11:20',NULL),(257,257,'en','Al Fisht','2018-07-17 05:11:20','2018-07-17 05:11:20',NULL),(258,258,'en','Al Ghaphia','2018-07-17 05:11:20','2018-07-17 05:11:20',NULL),(259,259,'en','Al Gharayen','2018-07-17 05:11:20','2018-07-17 05:11:20',NULL),(260,260,'en','Al Ghubaiba','2018-07-17 05:11:20','2018-07-17 05:11:20',NULL),(261,261,'en','Al Ghuwair','2018-07-17 05:11:20','2018-07-17 05:11:20',NULL),(262,262,'en','Al Goaz','2018-07-17 05:11:20','2018-07-17 05:11:20',NULL),(263,263,'en','Al Hazana','2018-07-17 05:11:20','2018-07-17 05:11:20',NULL),(264,264,'en','Al Homaa','2018-07-17 05:11:20','2018-07-17 05:11:20',NULL),(265,265,'en','Al Jazzat','2018-07-17 05:11:20','2018-07-17 05:11:20',NULL),(266,266,'en','Al Jubail','2018-07-17 05:11:20','2018-07-17 05:11:20',NULL),(267,267,'en','Al Juraina','2018-07-17 05:11:20','2018-07-17 05:11:20',NULL),(268,268,'en','Al Khaledia Suburb','2018-07-17 05:11:20','2018-07-17 05:11:20',NULL),(269,269,'en','Al Khan','2018-07-17 05:11:20','2018-07-17 05:11:20',NULL),(270,270,'en','Al Khezamia','2018-07-17 05:11:20','2018-07-17 05:11:20',NULL),(271,271,'en','Al Layyah','2018-07-17 05:11:20','2018-07-17 05:11:20',NULL),(272,272,'en','Al Mahatta','2018-07-17 05:11:20','2018-07-17 05:11:20',NULL),(273,273,'en','Al Majaz 1','2018-07-17 05:11:20','2018-07-17 05:11:20',NULL),(274,274,'en','Al Majaz 2','2018-07-17 05:11:20','2018-07-17 05:11:20',NULL),(275,275,'en','Al Majaz 3','2018-07-17 05:11:20','2018-07-17 05:11:20',NULL),(276,276,'en','Al Mamzar','2018-07-17 05:11:20','2018-07-17 05:11:20',NULL),(277,277,'en','Al Manakh','2018-07-17 05:11:20','2018-07-17 05:11:20',NULL),(278,278,'en','Al Mansura','2018-07-17 05:11:20','2018-07-17 05:11:20',NULL),(279,279,'en','Al Mareija','2018-07-17 05:11:20','2018-07-17 05:11:20',NULL),(280,280,'en','Al Mirgab','2018-07-17 05:11:20','2018-07-17 05:11:20',NULL),(281,281,'en','Al Mujarah','2018-07-17 05:11:20','2018-07-17 05:11:20',NULL),(282,282,'en','Al Musalla','2018-07-17 05:11:20','2018-07-17 05:11:20',NULL),(283,283,'en','Al Nabba','2018-07-17 05:11:20','2018-07-17 05:11:20',NULL),(284,284,'en','Al Nad','2018-07-17 05:11:20','2018-07-17 05:11:20',NULL),(285,285,'en','Al Nahda','2018-07-17 05:11:20','2018-07-17 05:11:20',NULL),(286,286,'en','Al Nasserya','2018-07-17 05:11:20','2018-07-17 05:11:20',NULL),(287,287,'en','Al Nekhailat','2018-07-17 05:11:20','2018-07-17 05:11:20',NULL),(288,288,'en','Al Noof','2018-07-17 05:11:20','2018-07-17 05:11:20',NULL),(289,289,'en','Al Qadisia','2018-07-17 05:11:20','2018-07-17 05:11:20',NULL),(290,290,'en','Al Qasimia','2018-07-17 05:11:20','2018-07-17 05:11:20',NULL),(291,291,'en','Al Qulayaa','2018-07-17 05:11:20','2018-07-17 05:11:20',NULL),(292,292,'en','Al Rahmania','2018-07-17 05:11:20','2018-07-17 05:11:20',NULL),(293,293,'en','Al Ramaqia','2018-07-17 05:11:20','2018-07-17 05:11:20',NULL),(294,294,'en','Al Ramla East','2018-07-17 05:11:20','2018-07-17 05:11:20',NULL),(295,295,'en','Al Ramla West','2018-07-17 05:11:20','2018-07-17 05:11:20',NULL),(296,296,'en','Al Ramtha','2018-07-17 05:11:20','2018-07-17 05:11:20',NULL),(297,297,'en','Al Rifah','2018-07-17 05:11:20','2018-07-17 05:11:20',NULL),(298,298,'en','Al Riffa','2018-07-17 05:11:20','2018-07-17 05:11:20',NULL),(299,299,'en','Al Sabkha','2018-07-17 05:11:20','2018-07-17 05:11:20',NULL),(300,300,'en','Al Seef','2018-07-17 05:11:20','2018-07-17 05:11:20',NULL),(301,301,'en','Al Shahba','2018-07-17 05:11:20','2018-07-17 05:11:20',NULL),(302,302,'en','Al Shuwaihen','2018-07-17 05:11:20','2018-07-17 05:11:20',NULL),(303,303,'en','Al Soor','2018-07-17 05:11:20','2018-07-17 05:11:20',NULL),(304,304,'en','Al Sweihat','2018-07-17 05:11:20','2018-07-17 05:11:20',NULL),(305,305,'en','Al Taawun','2018-07-17 05:11:20','2018-07-17 05:11:20',NULL),(306,306,'en','Al Talaa','2018-07-17 05:11:20','2018-07-17 05:11:20',NULL),(307,307,'en','Al Tarfa','2018-07-17 05:11:20','2018-07-17 05:11:20',NULL),(308,308,'en','Al Yarmook','2018-07-17 05:11:20','2018-07-17 05:11:20',NULL),(309,309,'en','Bu Danig','2018-07-17 05:11:20','2018-07-17 05:11:20',NULL),(310,310,'en','Bu Tina','2018-07-17 05:11:20','2018-07-17 05:11:20',NULL),(311,311,'en','Dasman','2018-07-17 05:11:20','2018-07-17 05:11:20',NULL),(312,312,'en','Industrial Area 1','2018-07-17 05:11:20','2018-07-17 05:11:20',NULL),(313,313,'en','Industrial Area 10','2018-07-17 05:11:20','2018-07-17 05:11:20',NULL),(314,314,'en','Industrial Area 11','2018-07-17 05:11:20','2018-07-17 05:11:20',NULL),(315,315,'en','Industrial Area 12','2018-07-17 05:11:20','2018-07-17 05:11:20',NULL),(316,316,'en','Industrial Area 13','2018-07-17 05:11:20','2018-07-17 05:11:20',NULL),(317,317,'en','Industrial Area 15','2018-07-17 05:11:20','2018-07-17 05:11:20',NULL),(318,318,'en','Industrial Area 17','2018-07-17 05:11:20','2018-07-17 05:11:20',NULL),(319,319,'en','Industrial Area 18','2018-07-17 05:11:20','2018-07-17 05:11:20',NULL),(320,320,'en','Industrial Area 2','2018-07-17 05:11:20','2018-07-17 05:11:20',NULL),(321,321,'en','Industrial Area 3','2018-07-17 05:11:20','2018-07-17 05:11:20',NULL),(322,322,'en','Industrial Area 4','2018-07-17 05:11:20','2018-07-17 05:11:20',NULL),(323,323,'en','Industrial Area 5','2018-07-17 05:11:20','2018-07-17 05:11:20',NULL),(324,324,'en','Industrial Area 6','2018-07-17 05:11:20','2018-07-17 05:11:20',NULL),(325,325,'en','Industrial Area 7','2018-07-17 05:11:20','2018-07-17 05:11:20',NULL),(326,326,'en','Industrial Area 8','2018-07-17 05:11:20','2018-07-17 05:11:20',NULL),(327,327,'en','Industrial Area 9','2018-07-17 05:11:20','2018-07-17 05:11:20',NULL),(328,328,'en','Khor Fakkan','2018-07-17 05:11:20','2018-07-17 05:11:20',NULL),(329,329,'en','Maysaloon','2018-07-17 05:11:20','2018-07-17 05:11:20',NULL),(330,330,'en','Muwafjah','2018-07-17 05:11:20','2018-07-17 05:11:20',NULL),(331,331,'en','Muwaileh Commercial','2018-07-17 05:11:20','2018-07-17 05:11:20',NULL),(332,332,'en','Rolla','2018-07-17 05:11:20','2018-07-17 05:11:20',NULL),(333,333,'en','Saif Zone','2018-07-17 05:11:20','2018-07-17 05:11:20',NULL),(334,334,'en','Samnan','2018-07-17 05:11:20','2018-07-17 05:11:20',NULL),(335,335,'en','Sharqan','2018-07-17 05:11:20','2018-07-17 05:11:20',NULL),(336,336,'en','Um Altaraffa','2018-07-17 05:11:20','2018-07-17 05:11:20',NULL),(337,337,'en','University of Sharjah','2018-07-17 05:11:20','2018-07-17 05:11:20',NULL),(344,344,'en','Ajman City Center','2018-07-17 05:11:20','2018-07-17 05:11:20',NULL),(345,345,'en','Ajman Corniche','2018-07-17 05:11:20','2018-07-17 05:11:20',NULL),(346,346,'en','Ajman Free Zone','2018-07-17 05:11:20','2018-07-17 05:11:20',NULL),(347,347,'en','Ajman Pearl','2018-07-17 05:11:20','2018-07-17 05:11:20',NULL),(348,348,'en','Ajman University','2018-07-17 05:11:20','2018-07-17 05:11:20',NULL),(349,349,'en','Al Bustan','2018-07-17 05:11:20','2018-07-17 05:11:20',NULL),(350,350,'en','Al Butain','2018-07-17 05:11:20','2018-07-17 05:11:20',NULL),(351,351,'en','Al Hamidiya','2018-07-17 05:11:20','2018-07-17 05:11:20',NULL),(352,352,'en','Al Helio','2018-07-17 05:11:20','2018-07-17 05:11:20',NULL),(353,353,'en','Al Jurf 1','2018-07-17 05:11:20','2018-07-17 05:11:20',NULL),(354,354,'en','Al Jurf 2','2018-07-17 05:11:20','2018-07-17 05:11:20',NULL),(355,355,'en','Al Mushairef','2018-07-17 05:11:20','2018-07-17 05:11:20',NULL),(356,356,'en','Al Nakhil','2018-07-17 05:11:20','2018-07-17 05:11:20',NULL),(357,357,'en','Al Nakhil 1','2018-07-17 05:11:20','2018-07-17 05:11:20',NULL),(358,358,'en','Al Nakhil 2','2018-07-17 05:11:20','2018-07-17 05:11:20',NULL),(359,359,'en','Al Nuaimia 1','2018-07-17 05:11:20','2018-07-17 05:11:20',NULL),(360,360,'en','Al Nuaimia 2','2018-07-17 05:11:20','2018-07-17 05:11:20',NULL),(361,361,'en','Al Rashidiya 1','2018-07-17 05:11:20','2018-07-17 05:11:20',NULL),(362,362,'en','Al Rashidiya 2','2018-07-17 05:11:20','2018-07-17 05:11:20',NULL),(363,363,'en','Al Rashidiya 3','2018-07-17 05:11:20','2018-07-17 05:11:20',NULL),(364,364,'en','Al Rumailah','2018-07-17 05:11:20','2018-07-17 05:11:20',NULL),(365,365,'en','Al Zahra','2018-07-17 05:11:20','2018-07-17 05:11:20',NULL),(366,366,'en','Al Zawarah','2018-07-17 05:11:20','2018-07-17 05:11:20',NULL),(367,367,'en','Al Zora','2018-07-17 05:11:20','2018-07-17 05:11:20',NULL),(368,368,'en','Emirates City','2018-07-17 05:11:20','2018-07-17 05:11:20',NULL),(369,369,'en','Emirates City Extension','2018-07-17 05:11:20','2018-07-17 05:11:20',NULL),(370,370,'en','Garden City','2018-07-17 05:11:20','2018-07-17 05:11:20',NULL),(371,371,'en','Ittihad Village','2018-07-17 05:11:20','2018-07-17 05:11:20',NULL),(372,372,'en','Masfout','2018-07-17 05:11:20','2018-07-17 05:11:20',NULL),(373,373,'en','Abu Samrah','2018-07-17 05:11:20','2018-07-17 05:11:20',NULL),(374,374,'en','Al Agabiyya','2018-07-17 05:11:20','2018-07-17 05:11:20',NULL),(375,375,'en','Al Ain International Airport','2018-07-17 05:11:20','2018-07-17 05:11:20',NULL),(376,376,'en','Al Ain Mall','2018-07-17 05:11:20','2018-07-17 05:11:20',NULL),(377,377,'en','Al Ain Oasis Villas','2018-07-17 05:11:20','2018-07-17 05:11:20',NULL),(378,378,'en','Al Bateen','2018-07-17 05:11:20','2018-07-17 05:11:20',NULL),(379,379,'en','Al Foaa','2018-07-17 05:11:20','2018-07-17 05:11:20',NULL),(380,380,'en','Al Hili','2018-07-17 05:11:20','2018-07-17 05:11:20',NULL),(381,381,'en','Al Jahili','2018-07-17 05:11:20','2018-07-17 05:11:20',NULL),(382,382,'en','Al Jimi','2018-07-17 05:11:20','2018-07-17 05:11:20',NULL),(383,383,'en','Al Khabisi','2018-07-17 05:11:20','2018-07-17 05:11:20',NULL),(384,384,'en','Al Maqam','2018-07-17 05:11:20','2018-07-17 05:11:20',NULL),(385,385,'en','Al Marakhaniya','2018-07-17 05:11:20','2018-07-17 05:11:20',NULL),(386,386,'en','Al Masoudi','2018-07-17 05:11:20','2018-07-17 05:11:20',NULL),(387,387,'en','Al Murabaa','2018-07-17 05:11:20','2018-07-17 05:11:20',NULL),(388,388,'en','Al Mutarad','2018-07-17 05:11:20','2018-07-17 05:11:20',NULL),(389,389,'en','Al Mutawaa','2018-07-17 05:11:20','2018-07-17 05:11:20',NULL),(390,390,'en','Al Qattara','2018-07-17 05:11:20','2018-07-17 05:11:20',NULL),(391,391,'en','Al Sarooj','2018-07-17 05:11:20','2018-07-17 05:11:20',NULL),(392,392,'en','Al Shabiya','2018-07-17 05:11:20','2018-07-17 05:11:20',NULL),(393,393,'en','Al Towayya','2018-07-17 05:11:20','2018-07-17 05:11:20',NULL),(394,394,'en','Al Yahar','2018-07-17 05:11:20','2018-07-17 05:11:20',NULL),(395,395,'en','Al Zakher','2018-07-17 05:11:20','2018-07-17 05:11:20',NULL),(396,396,'en','Alain Al Fiyada','2018-07-17 05:11:20','2018-07-17 05:11:20',NULL),(397,397,'en','Asharej','2018-07-17 05:11:20','2018-07-17 05:11:20',NULL),(398,398,'en','Bedda Bn Ammar','2018-07-17 05:11:20','2018-07-17 05:11:20',NULL),(399,399,'en','Falaj Hazzaa','2018-07-17 05:11:20','2018-07-17 05:11:20',NULL),(400,400,'en','Industrial Area','2018-07-17 05:11:20','2018-07-17 05:11:20',NULL),(401,401,'en','Manazaf','2018-07-17 05:11:20','2018-07-17 05:11:20',NULL),(402,402,'en','Mubzara','2018-07-17 05:11:20','2018-07-17 05:11:20',NULL),(403,403,'en','Neima','2018-07-17 05:11:20','2018-07-17 05:11:20',NULL),(404,404,'en','Tawam','2018-07-17 05:11:20','2018-07-17 05:11:20',NULL),(405,405,'en','UAE University 1','2018-07-17 05:11:20','2018-07-17 05:11:20',NULL),(406,406,'en','UAE University 2','2018-07-17 05:11:20','2018-07-17 05:11:20',NULL),(407,407,'en','Al Bedia','2018-07-17 05:11:20','2018-07-17 05:11:20',NULL),(408,408,'en','Al Buthna','2018-07-17 05:11:20','2018-07-17 05:11:20',NULL),(409,409,'en','Al Farfar','2018-07-17 05:11:20','2018-07-17 05:11:20',NULL),(410,410,'en','Al Faseel','2018-07-17 05:11:20','2018-07-17 05:11:20',NULL),(411,411,'en','Al Gurfa','2018-07-17 05:11:20','2018-07-17 05:11:20',NULL),(412,412,'en','Al Hala','2018-07-17 05:11:20','2018-07-17 05:11:20',NULL),(413,413,'en','Al Heel','2018-07-17 05:11:20','2018-07-17 05:11:20',NULL),(414,414,'en','Al Ittihad','2018-07-17 05:11:20','2018-07-17 05:11:20',NULL),(415,415,'en','Al Mahatta','2018-07-17 05:11:20','2018-07-17 05:11:20',NULL),(416,416,'en','Al Owaid','2018-07-17 05:11:20','2018-07-17 05:11:20',NULL),(417,417,'en','Al Taween','2018-07-17 05:11:20','2018-07-17 05:11:20',NULL),(418,418,'en','Albeledah','2018-07-17 05:11:20','2018-07-17 05:11:20',NULL),(419,419,'en','Anajaimat','2018-07-17 05:11:20','2018-07-17 05:11:20',NULL),(420,420,'en','Awhala','2018-07-17 05:11:20','2018-07-17 05:11:20',NULL),(421,421,'en','Daba','2018-07-17 05:11:20','2018-07-17 05:11:20',NULL),(422,422,'en','Dedna','2018-07-17 05:11:20','2018-07-17 05:11:20',NULL),(423,423,'en','Fujairah Free Trade Zone','2018-07-17 05:11:20','2018-07-17 05:11:20',NULL),(424,424,'en','Fujairah Intl Airport','2018-07-17 05:11:20','2018-07-17 05:11:20',NULL),(425,425,'en','Fujairah Port','2018-07-17 05:11:20','2018-07-17 05:11:20',NULL),(426,426,'en','Halefaath','2018-07-17 05:11:20','2018-07-17 05:11:20',NULL),(427,427,'en','Industrial Area','2018-07-17 05:11:20','2018-07-17 05:11:20',NULL),(428,428,'en','Madhab','2018-07-17 05:11:20','2018-07-17 05:11:20',NULL),(429,429,'en','Masafi','2018-07-17 05:11:20','2018-07-17 05:11:20',NULL),(430,430,'en','Merashid','2018-07-17 05:11:20','2018-07-17 05:11:20',NULL),(431,431,'en','Mirbah','2018-07-17 05:11:20','2018-07-17 05:11:20',NULL),(432,432,'en','Old Fujairah City','2018-07-17 05:11:20','2018-07-17 05:11:20',NULL),(433,433,'en','Rughaylat','2018-07-17 05:11:20','2018-07-17 05:11:20',NULL),(434,434,'en','Rumailah','2018-07-17 05:11:20','2018-07-17 05:11:20',NULL),(435,435,'en','Sakamkam','2018-07-17 05:11:20','2018-07-17 05:11:20',NULL),(436,436,'en','Sharm','2018-07-17 05:11:20','2018-07-17 05:11:20',NULL),(437,437,'en','Al Aahad','2018-07-17 05:11:20','2018-07-17 05:11:20',NULL),(438,438,'en','Al Abrab','2018-07-17 05:11:20','2018-07-17 05:11:20',NULL),(439,439,'en','Al Dar Al Baidah','2018-07-17 05:11:20','2018-07-17 05:11:20',NULL),(440,440,'en','Al Haditha','2018-07-17 05:11:20','2018-07-17 05:11:20',NULL),(441,441,'en','Al Hawiyah','2018-07-17 05:11:20','2018-07-17 05:11:20',NULL),(442,442,'en','Al Humrah - A','2018-07-17 05:11:20','2018-07-17 05:11:20',NULL),(443,443,'en','Al Humrah - B','2018-07-17 05:11:20','2018-07-17 05:11:20',NULL),(444,444,'en','Al Humrah - C','2018-07-17 05:11:20','2018-07-17 05:11:20',NULL),(445,445,'en','Al Humrah - D','2018-07-17 05:11:20','2018-07-17 05:11:20',NULL),(446,446,'en','Al Khor','2018-07-17 05:11:20','2018-07-17 05:11:20',NULL),(447,447,'en','Al Limgadhar','2018-07-17 05:11:20','2018-07-17 05:11:20',NULL),(448,448,'en','Al Maidan','2018-07-17 05:11:20','2018-07-17 05:11:20',NULL),(449,449,'en','Al Raas - A','2018-07-17 05:11:20','2018-07-17 05:11:20',NULL),(450,450,'en','Al Raas - B','2018-07-17 05:11:20','2018-07-17 05:11:20',NULL),(451,451,'en','Al Raas - C','2018-07-17 05:11:20','2018-07-17 05:11:20',NULL),(452,452,'en','Al Ramlah','2018-07-17 05:11:20','2018-07-17 05:11:20',NULL),(453,453,'en','Al Raudah','2018-07-17 05:11:20','2018-07-17 05:11:20',NULL),(454,454,'en','Al Riqqah','2018-07-17 05:11:20','2018-07-17 05:11:20',NULL),(455,455,'en','Al Salamah - A','2018-07-17 05:11:20','2018-07-17 05:11:20',NULL),(456,456,'en','Al Salamah - B','2018-07-17 05:11:20','2018-07-17 05:11:20',NULL),(457,457,'en','Al Salamah - C','2018-07-17 05:11:20','2018-07-17 05:11:20',NULL),(458,458,'en','Defence Camp','2018-07-17 05:11:20','2018-07-17 05:11:20',NULL),(459,459,'en','Green Belt','2018-07-17 05:11:20','2018-07-17 05:11:20',NULL),(460,460,'en','Industrial Area','2018-07-17 05:11:20','2018-07-17 05:11:20',NULL),(461,461,'en','Old Town Area','2018-07-17 05:11:20','2018-07-17 05:11:20',NULL),(462,462,'en','Umm Al Quwain Marina','2018-07-17 05:11:20','2018-07-17 05:11:20',NULL),(463,463,'en','search cuisine','2018-07-17 05:11:20','2018-07-17 05:11:20',NULL),(465,465,'en','Payment Icons','2018-07-17 05:11:20','2018-07-17 05:11:20',NULL),(469,469,'en','Al Dhait North','2018-07-17 05:11:20','2018-07-17 05:11:20',NULL),(470,470,'en','Al Dhait South','2018-07-17 05:11:20','2018-07-17 05:11:20',NULL),(471,471,'en','Al Hamra Free Zone','2018-07-17 05:11:20','2018-07-17 05:11:20',NULL),(472,472,'en','Al Hamra Industrial Area','2018-07-17 05:11:20','2018-07-17 05:11:20',NULL),(473,473,'en','Al Hamra Village','2018-07-17 05:11:20','2018-07-17 05:11:20',NULL),(474,474,'en','Al Jazeerah Al Hamra','2018-07-17 05:11:20','2018-07-17 05:11:20',NULL),(475,475,'en','Al Jesser Area','2018-07-17 05:11:20','2018-07-17 05:11:20',NULL),(476,476,'en','Al Juwais Area','2018-07-17 05:11:20','2018-07-17 05:11:20',NULL),(477,477,'en','Al Mairid','2018-07-17 05:11:20','2018-07-17 05:11:20',NULL),(478,478,'en','Al Marjan Island','2018-07-17 05:11:20','2018-07-17 05:11:20',NULL),(479,479,'en','Al Nakheel Area','2018-07-17 05:11:20','2018-07-17 05:11:20',NULL),(480,480,'en','Al Uraibi','2018-07-17 05:11:20','2018-07-17 05:11:20',NULL),(481,481,'en','Burairaat','2018-07-17 05:11:20','2018-07-17 05:11:20',NULL),(482,482,'en','Dafan Al Khor','2018-07-17 05:11:20','2018-07-17 05:11:20',NULL),(483,483,'en','Dafan Al Nakheel','2018-07-17 05:11:20','2018-07-17 05:11:20',NULL),(484,484,'en','Digdagga','2018-07-17 05:11:20','2018-07-17 05:11:20',NULL),(485,485,'en','Ghalilah','2018-07-17 05:11:20','2018-07-17 05:11:20',NULL),(486,486,'en','Hamrania','2018-07-17 05:11:20','2018-07-17 05:11:20',NULL),(487,487,'en','Khatt','2018-07-17 05:11:20','2018-07-17 05:11:20',NULL),(488,488,'en','Khazam','2018-07-17 05:11:20','2018-07-17 05:11:20',NULL),(489,489,'en','Mamoora','2018-07-17 05:11:20','2018-07-17 05:11:20',NULL),(490,490,'en','Mina Al arab','2018-07-17 05:11:20','2018-07-17 05:11:20',NULL),(491,491,'en','Rams','2018-07-17 05:11:20','2018-07-17 05:11:20',NULL),(492,492,'en','Ras Al Selaab Area','2018-07-17 05:11:20','2018-07-17 05:11:20',NULL),(493,493,'en','Refa`ah','2018-07-17 05:11:20','2018-07-17 05:11:20',NULL),(494,494,'en','Seih Al Araibi Area','2018-07-17 05:11:20','2018-07-17 05:11:20',NULL),(495,495,'en','Shareesha','2018-07-17 05:11:20','2018-07-17 05:11:20',NULL),(496,496,'en','Sidroh','2018-07-17 05:11:20','2018-07-17 05:11:20',NULL),(497,497,'en','Suhaim Area','2018-07-17 05:11:20','2018-07-17 05:11:20',NULL),(498,498,'en','Abdullah Al-Salem','2018-07-17 05:11:20','2018-07-17 05:11:20',NULL),(499,499,'en','Adailiya','2018-07-17 05:11:20','2018-07-17 05:11:20',NULL),(500,500,'en','Bneid Al Qar','2018-07-17 05:11:20','2018-07-17 05:11:20',NULL),(501,501,'en','Daiya','2018-07-17 05:11:20','2018-07-17 05:11:20',NULL),(502,502,'en','Dasma','2018-07-17 05:11:20','2018-07-17 05:11:20',NULL),(503,503,'en','Dasman','2018-07-17 05:11:20','2018-07-17 05:11:20',NULL),(504,504,'en','Doha','2018-07-17 05:11:20','2018-07-17 05:11:20',NULL),(505,505,'en','Faiha','2018-07-17 05:11:20','2018-07-17 05:11:20',NULL),(506,506,'en','Ghornata','2018-07-17 05:11:20','2018-07-17 05:11:20',NULL),(507,507,'en','Jaber Al Ahmed','2018-07-17 05:11:20','2018-07-17 05:11:20',NULL),(508,508,'en','Kaifan','2018-07-17 05:11:20','2018-07-17 05:11:20',NULL),(509,509,'en','Khaldiya','2018-07-17 05:11:20','2018-07-17 05:11:20',NULL),(510,510,'en','Kuwait City','2018-07-17 05:11:20','2018-07-17 05:11:20',NULL),(511,511,'en','Mansouriya','2018-07-17 05:11:20','2018-07-17 05:11:20',NULL),(512,512,'en','Mirqab','2018-07-17 05:11:20','2018-07-17 05:11:20',NULL),(513,513,'en','Mubarakiya Camps','2018-07-17 05:11:20','2018-07-17 05:11:20',NULL),(514,514,'en','Nahda','2018-07-17 05:11:20','2018-07-17 05:11:20',NULL),(515,515,'en','Nuzha','2018-07-17 05:11:20','2018-07-17 05:11:20',NULL),(516,516,'en','Qadsiya','2018-07-17 05:11:20','2018-07-17 05:11:20',NULL),(517,517,'en','Qibla','2018-07-17 05:11:20','2018-07-17 05:11:20',NULL),(518,518,'en','Qortuba','2018-07-17 05:11:20','2018-07-17 05:11:20',NULL),(519,519,'en','Rawda','2018-07-17 05:11:20','2018-07-17 05:11:20',NULL),(520,520,'en','Salhiya','2018-07-17 05:11:20','2018-07-17 05:11:20',NULL),(521,521,'en','Shamiya','2018-07-17 05:11:20','2018-07-17 05:11:20',NULL),(522,522,'en','Sharq','2018-07-17 05:11:20','2018-07-17 05:11:20',NULL),(523,523,'en','Shuwaikh','2018-07-17 05:11:20','2018-07-17 05:11:20',NULL),(524,524,'en','Sulaibikhat','2018-07-17 05:11:20','2018-07-17 05:11:20',NULL),(525,525,'en','Surra','2018-07-17 05:11:20','2018-07-17 05:11:20',NULL),(526,526,'en','Yarmouk','2018-07-17 05:11:20','2018-07-17 05:11:20',NULL),(527,527,'en','Al-Bedae','2018-07-17 05:11:20','2018-07-17 05:11:20',NULL),(528,528,'en','Bayan','2018-07-17 05:11:20','2018-07-17 05:11:20',NULL),(529,529,'en','Hawally','2018-07-17 05:11:20','2018-07-17 05:11:20',NULL),(530,530,'en','Hitteen','2018-07-17 05:11:20','2018-07-17 05:11:20',NULL),(531,531,'en','Jabriya','2018-07-17 05:11:20','2018-07-17 05:11:20',NULL),(532,532,'en','Maidan Hawally','2018-07-17 05:11:20','2018-07-17 05:11:20',NULL),(533,533,'en','Mishrif','2018-07-17 05:11:20','2018-07-17 05:11:20',NULL),(534,534,'en','Mubarak Al-Abdullah - West Mishref','2018-07-17 05:11:20','2018-07-17 05:11:20',NULL),(535,535,'en','Rumaithiya','2018-07-17 05:11:20','2018-07-17 05:11:20',NULL),(536,536,'en','Salam','2018-07-17 05:11:20','2018-07-17 05:11:20',NULL),(537,537,'en','Salmiya','2018-07-17 05:11:20','2018-07-17 05:11:20',NULL),(538,538,'en','Salwa','2018-07-17 05:11:20','2018-07-17 05:11:20',NULL),(539,539,'en','Shaab','2018-07-17 05:11:20','2018-07-17 05:11:20',NULL),(540,540,'en','Shuhada','2018-07-17 05:11:20','2018-07-17 05:11:20',NULL),(541,541,'en','Siddiq','2018-07-17 05:11:20','2018-07-17 05:11:20',NULL),(542,542,'en','Zahra','2018-07-17 05:11:20','2018-07-17 05:11:20',NULL),(543,543,'en','Abbasiya','2018-07-17 05:11:20','2018-07-17 05:11:20',NULL),(544,544,'en','Abdullah Al-Mubarak - West Jleeb','2018-07-17 05:11:20','2018-07-17 05:11:20',NULL),(545,545,'en','Abraq Khaitan','2018-07-17 05:11:20','2018-07-17 05:11:20',NULL),(546,546,'en','Airport','2018-07-17 05:11:20','2018-07-17 05:11:20',NULL),(547,547,'en','Andalous','2018-07-17 05:11:20','2018-07-17 05:11:20',NULL),(548,548,'en','Ardhiya','2018-07-17 05:11:20','2018-07-17 05:11:20',NULL),(549,549,'en','Ardiya Small Industrial','2018-07-17 05:11:20','2018-07-17 05:11:20',NULL),(550,550,'en','Ardiya Storage Zone','2018-07-17 05:11:20','2018-07-17 05:11:20',NULL),(551,551,'en','Ashbeliah','2018-07-17 05:11:20','2018-07-17 05:11:20',NULL),(552,552,'en','Dhajeej','2018-07-17 05:11:20','2018-07-17 05:11:20',NULL),(553,553,'en','Exhibits - South Khaitan','2018-07-17 05:11:20','2018-07-17 05:11:20',NULL),(554,554,'en','Farwaniya','2018-07-17 05:11:20','2018-07-17 05:11:20',NULL),(555,555,'en','Ferdous','2018-07-17 05:11:20','2018-07-17 05:11:20',NULL),(556,556,'en','Jleeb Al-Shiyoukh','2018-07-17 05:11:20','2018-07-17 05:11:20',NULL),(557,557,'en','Khaitan','2018-07-17 05:11:20','2018-07-17 05:11:20',NULL),(558,558,'en','Omariya','2018-07-17 05:11:20','2018-07-17 05:11:20',NULL),(559,559,'en','Rabiya','2018-07-17 05:11:20','2018-07-17 05:11:20',NULL),(560,560,'en','Rai','2018-07-17 05:11:20','2018-07-17 05:11:20',NULL),(561,561,'en','Reggai','2018-07-17 05:11:20','2018-07-17 05:11:20',NULL),(562,562,'en','Rehab','2018-07-17 05:11:20','2018-07-17 05:11:20',NULL),(563,563,'en','Sabah Al-Nasser','2018-07-17 05:11:20','2018-07-17 05:11:20',NULL),(564,564,'en','Sheikh Saad Al Abdullah Airport','2018-07-17 05:11:20','2018-07-17 05:11:20',NULL),(565,565,'en','Abu Halifa','2018-07-17 05:11:20','2018-07-17 05:11:20',NULL),(566,566,'en','Al Julayah - Az Zour Sulah','2018-07-17 05:11:20','2018-07-17 05:11:20',NULL),(567,567,'en','Al-Ahmadi','2018-07-17 05:11:20','2018-07-17 05:11:20',NULL),(568,568,'en','Ali Sabah Al-Salem - Umm Al Hayman','2018-07-17 05:11:20','2018-07-17 05:11:20',NULL),(569,569,'en','Dhaher','2018-07-17 05:11:20','2018-07-17 05:11:20',NULL),(570,570,'en','East Al Ahmadi','2018-07-17 05:11:20','2018-07-17 05:11:20',NULL),(571,571,'en','Egaila','2018-07-17 05:11:20','2018-07-17 05:11:20',NULL),(572,572,'en','Fahad Al Ahmed','2018-07-17 05:11:20','2018-07-17 05:11:20',NULL),(573,573,'en','Fahaheel','2018-07-17 05:11:20','2018-07-17 05:11:20',NULL),(574,574,'en','Fintas','2018-07-17 05:11:20','2018-07-17 05:11:20',NULL),(575,575,'en','Hadiya','2018-07-17 05:11:20','2018-07-17 05:11:20',NULL),(576,576,'en','Jaber Al Ali','2018-07-17 05:11:20','2018-07-17 05:11:20',NULL),(577,577,'en','Khairan','2018-07-17 05:11:20','2018-07-17 05:11:20',NULL),(578,578,'en','Magwa','2018-07-17 05:11:20','2018-07-17 05:11:20',NULL),(579,579,'en','Mahboula','2018-07-17 05:11:20','2018-07-17 05:11:20',NULL),(580,580,'en','Mangaf','2018-07-17 05:11:20','2018-07-17 05:11:20',NULL),(581,581,'en','Mina Abdullah','2018-07-17 05:11:20','2018-07-17 05:11:20',NULL),(582,582,'en','Mina Al Ahmadi','2018-07-17 05:11:20','2018-07-17 05:11:20',NULL),(583,583,'en','Nuwaiseeb','2018-07-17 05:11:20','2018-07-17 05:11:20',NULL),(584,584,'en','Riqqa','2018-07-17 05:11:20','2018-07-17 05:11:20',NULL),(585,585,'en','Sabah Al Ahmad Marine City','2018-07-17 05:11:20','2018-07-17 05:11:20',NULL),(586,586,'en','Sabah AL Ahmad residential','2018-07-17 05:11:20','2018-07-17 05:11:20',NULL),(587,587,'en','Sabahiya','2018-07-17 05:11:20','2018-07-17 05:11:20',NULL),(588,588,'en','Shuaiba Port','2018-07-17 05:11:20','2018-07-17 05:11:20',NULL),(589,589,'en','Wafra farms','2018-07-17 05:11:20','2018-07-17 05:11:20',NULL),(590,590,'en','Wafra residential','2018-07-17 05:11:20','2018-07-17 05:11:20',NULL),(591,591,'en','Al Naeem','2018-07-17 05:11:20','2018-07-17 05:11:20',NULL),(592,592,'en','Amgarah Industrial','2018-07-17 05:11:20','2018-07-17 05:11:20',NULL),(593,593,'en','Jahra Area','2018-07-17 05:11:20','2018-07-17 05:11:20',NULL),(594,594,'en','Kabd','2018-07-17 05:11:20','2018-07-17 05:11:20',NULL),(595,595,'en','Nasseem','2018-07-17 05:11:20','2018-07-17 05:11:20',NULL),(596,596,'en','Oyoun','2018-07-17 05:11:20','2018-07-17 05:11:20',NULL),(597,597,'en','Qairawan - South Doha','2018-07-17 05:11:20','2018-07-17 05:11:20',NULL),(598,598,'en','Qasr','2018-07-17 05:11:20','2018-07-17 05:11:20',NULL),(599,599,'en','Saad Al Abdullah','2018-07-17 05:11:20','2018-07-17 05:11:20',NULL),(600,600,'en','Sulaibiya','2018-07-17 05:11:20','2018-07-17 05:11:20',NULL),(601,601,'en','Sulaibiya Indutrial 1','2018-07-17 05:11:20','2018-07-17 05:11:20',NULL),(602,602,'en','Sulaibiya Indutrial 2','2018-07-17 05:11:20','2018-07-17 05:11:20',NULL),(603,603,'en','Sulaibiya Residential','2018-07-17 05:11:20','2018-07-17 05:11:20',NULL),(604,604,'en','Taima','2018-07-17 05:11:20','2018-07-17 05:11:20',NULL),(605,605,'en','Waha','2018-07-17 05:11:20','2018-07-17 05:11:20',NULL),(606,606,'en','Abu Ftaira','2018-07-17 05:11:20','2018-07-17 05:11:20',NULL),(607,607,'en','Abu Hasaniya','2018-07-17 05:11:20','2018-07-17 05:11:20',NULL),(608,608,'en','Adan','2018-07-17 05:11:20','2018-07-17 05:11:20',NULL),(609,609,'en','Al Masayel','2018-07-17 05:11:20','2018-07-17 05:11:20',NULL),(610,610,'en','Al-Qurain','2018-07-17 05:11:20','2018-07-17 05:11:20',NULL),(611,611,'en','Al-Qusour','2018-07-17 05:11:20','2018-07-17 05:11:20',NULL),(612,612,'en','Coast Strip B','2018-07-17 05:11:20','2018-07-17 05:11:20',NULL),(613,613,'en','Fnaitess','2018-07-17 05:11:20','2018-07-17 05:11:20',NULL),(614,614,'en','Messila','2018-07-17 05:11:20','2018-07-17 05:11:20',NULL),(615,615,'en','Mubarak Al-Kabir','2018-07-17 05:11:20','2018-07-17 05:11:20',NULL),(616,616,'en','Sabah Al-Salem','2018-07-17 05:11:20','2018-07-17 05:11:20',NULL),(617,617,'en','Sabhan Industrial','2018-07-17 05:11:20','2018-07-17 05:11:20',NULL),(618,618,'en','South Wista','2018-07-17 05:11:20','2018-07-17 05:11:20',NULL),(619,619,'en','West Abu Fetera Small Indust','2018-07-17 05:11:20','2018-07-17 05:11:20',NULL),(620,620,'en','Wista','2018-07-17 05:11:20','2018-07-17 05:11:20',NULL),(621,621,'en','Al Koudh','2018-07-17 05:11:20','2018-07-17 05:11:20',NULL),(622,622,'en','Al Koudh 6','2018-07-17 05:11:20','2018-07-17 05:11:20',NULL),(623,623,'en','Al Mawalih North','2018-07-17 05:11:20','2018-07-17 05:11:20',NULL),(624,624,'en','Al Mawalih South','2018-07-17 05:11:20','2018-07-17 05:11:20',NULL),(625,625,'en','Hail North','2018-07-17 05:11:20','2018-07-17 05:11:20',NULL),(626,626,'en','Hail South','2018-07-17 05:11:20','2018-07-17 05:11:20',NULL),(627,627,'en','Hormuz','2018-07-17 05:11:20','2018-07-17 05:11:20',NULL),(628,628,'en','Knowledge Oasis Muscat','2018-07-17 05:11:20','2018-07-17 05:11:20',NULL),(629,629,'en','Maabela','2018-07-17 05:11:20','2018-07-17 05:11:20',NULL),(630,630,'en','Muscat Hills','2018-07-17 05:11:20','2018-07-17 05:11:20',NULL),(631,631,'en','New Airport','2018-07-17 05:11:20','2018-07-17 05:11:20',NULL),(632,632,'en','Rusayl','2018-07-17 05:11:20','2018-07-17 05:11:20',NULL),(633,633,'en','Seeb','2018-07-17 05:11:20','2018-07-17 05:11:20',NULL),(634,634,'en','Sultan Qaboos University','2018-07-17 05:11:20','2018-07-17 05:11:20',NULL),(635,635,'en','Suq al Seeb','2018-07-17 05:11:20','2018-07-17 05:11:20',NULL),(636,636,'en','The Wave','2018-07-17 05:11:20','2018-07-17 05:11:20',NULL),(637,637,'en','Bait al falaj','2018-07-17 05:11:20','2018-07-17 05:11:20',NULL),(638,638,'en','CBD','2018-07-17 05:11:20','2018-07-17 05:11:20',NULL),(639,639,'en','Darsait','2018-07-17 05:11:20','2018-07-17 05:11:20',NULL),(640,640,'en','Hamriya','2018-07-17 05:11:20','2018-07-17 05:11:20',NULL),(641,641,'en','Jibrooh','2018-07-17 05:11:20','2018-07-17 05:11:20',NULL),(642,642,'en','MBD','2018-07-17 05:11:20','2018-07-17 05:11:20',NULL),(643,643,'en','Muttrah','2018-07-17 05:11:20','2018-07-17 05:11:20',NULL),(644,644,'en','Ruwi','2018-07-17 05:11:20','2018-07-17 05:11:20',NULL),(645,645,'en','Wadi Al Kabir','2018-07-17 05:11:20','2018-07-17 05:11:20',NULL),(646,646,'en','Al Ansab','2018-07-17 05:11:20','2018-07-17 05:11:20',NULL),(647,647,'en','Al Azaiba South','2018-07-17 05:11:20','2018-07-17 05:11:20',NULL),(648,648,'en','Al Ghubra Ash Shamaliyyah','2018-07-17 05:11:20','2018-07-17 05:11:20',NULL),(649,649,'en','Al Khuwayr North','2018-07-17 05:11:20','2018-07-17 05:11:20',NULL),(650,650,'en','Al Khuwayr South','2018-07-17 05:11:20','2018-07-17 05:11:20',NULL),(651,651,'en','Azaiba','2018-07-17 05:11:20','2018-07-17 05:11:20',NULL),(652,652,'en','Bawshar','2018-07-17 05:11:20','2018-07-17 05:11:20',NULL),(653,653,'en','Ghala','2018-07-17 05:11:20','2018-07-17 05:11:20',NULL),(654,654,'en','Ghubrah Janubiyyah','2018-07-17 05:11:20','2018-07-17 05:11:20',NULL),(655,655,'en','Hay Al Sarooj','2018-07-17 05:11:20','2018-07-17 05:11:20',NULL),(656,656,'en','Helet El Sad','2018-07-17 05:11:20','2018-07-17 05:11:20',NULL),(657,657,'en','Khuwair 33','2018-07-17 05:11:20','2018-07-17 05:11:20',NULL),(658,658,'en','Madinat Al ?Ilam','2018-07-17 05:11:20','2018-07-17 05:11:20',NULL),(659,659,'en','Madinat Al Sultan Qaboos','2018-07-17 05:11:20','2018-07-17 05:11:20',NULL),(660,660,'en','Mina al Fahal','2018-07-17 05:11:20','2018-07-17 05:11:20',NULL),(661,661,'en','Qurm','2018-07-17 05:11:20','2018-07-17 05:11:20',NULL),(662,662,'en','Rabia Qurum','2018-07-17 05:11:20','2018-07-17 05:11:20',NULL),(663,663,'en','Shati Al Qurm','2018-07-17 05:11:20','2018-07-17 05:11:20',NULL),(664,664,'en','Wadi Adai','2018-07-17 05:11:20','2018-07-17 05:11:20',NULL),(665,665,'en','Wattiyah','2018-07-17 05:11:20','2018-07-17 05:11:20',NULL),(666,666,'en','Barr al Jissah','2018-07-17 05:11:20','2018-07-17 05:11:20',NULL),(667,667,'en','Bustan','2018-07-17 05:11:20','2018-07-17 05:11:20',NULL),(668,668,'en','Qantab','2018-07-17 05:11:20','2018-07-17 05:11:20',NULL),(669,669,'en','Seefah','2018-07-17 05:11:20','2018-07-17 05:11:20',NULL),(670,670,'en','Yetti','2018-07-17 05:11:20','2018-07-17 05:11:20',NULL),(671,671,'en','Al Hajar','2018-07-17 05:11:20','2018-07-17 05:11:20',NULL),(672,672,'en','Amarat Phase 1','2018-07-17 05:11:20','2018-07-17 05:11:20',NULL),(673,673,'en','Amarat Phase 2','2018-07-17 05:11:20','2018-07-17 05:11:20',NULL),(674,674,'en','Amarat Phase 4','2018-07-17 05:11:20','2018-07-17 05:11:20',NULL),(675,675,'en','Amarat Phase 4','2018-07-17 05:11:20','2018-07-17 05:11:20',NULL),(676,676,'en','Amarat Phase 5','2018-07-17 05:11:20','2018-07-17 05:11:20',NULL),(677,677,'en','Amirat 6','2018-07-17 05:11:20','2018-07-17 05:11:20',NULL),(678,678,'en','Mahaj','2018-07-17 05:11:20','2018-07-17 05:11:20',NULL),(679,679,'en','Al Awqadayn','2018-07-17 05:11:20','2018-07-17 05:11:20',NULL),(680,680,'en','Al Hafa','2018-07-17 05:11:20','2018-07-17 05:11:20',NULL),(681,681,'en','Al Hasila','2018-07-17 05:11:20','2018-07-17 05:11:20',NULL),(682,682,'en','Al Hisn','2018-07-17 05:11:20','2018-07-17 05:11:20',NULL),(683,683,'en','Al Karath','2018-07-17 05:11:20','2018-07-17 05:11:20',NULL),(684,684,'en','Al Qawf','2018-07-17 05:11:20','2018-07-17 05:11:20',NULL),(685,685,'en','Al Wadi','2018-07-17 05:11:20','2018-07-17 05:11:20',NULL),(686,686,'en','Ar Rubat','2018-07-17 05:11:20','2018-07-17 05:11:20',NULL),(687,687,'en','Awqad Al Janubiyyah','2018-07-17 05:11:20','2018-07-17 05:11:20',NULL),(688,688,'en','Awqad Ash Shamaliyah','2018-07-17 05:11:20','2018-07-17 05:11:20',NULL),(689,689,'en','Az Zawiyah','2018-07-17 05:11:20','2018-07-17 05:11:20',NULL),(690,690,'en','East Salalah','2018-07-17 05:11:20','2018-07-17 05:11:20',NULL),(691,691,'en','Janub Ad Dahariz','2018-07-17 05:11:20','2018-07-17 05:11:20',NULL),(692,692,'en','Janub Madinat As Saad','2018-07-17 05:11:20','2018-07-17 05:11:20',NULL),(693,693,'en','Jarziz','2018-07-17 05:11:20','2018-07-17 05:11:20',NULL),(694,694,'en','Sahnawt Al Janubiyyah','2018-07-17 05:11:20','2018-07-17 05:11:20',NULL),(695,695,'en','Salalah Airport (New)','2018-07-17 05:11:20','2018-07-17 05:11:20',NULL),(696,696,'en','Salalah Gharbiya','2018-07-17 05:11:20','2018-07-17 05:11:20',NULL),(697,697,'en','Salalah Industrial','2018-07-17 05:11:20','2018-07-17 05:11:20',NULL),(698,698,'en','Salalah Wosta','2018-07-17 05:11:20','2018-07-17 05:11:20',NULL),(699,699,'en','Shamal Ad Dahariz','2018-07-17 05:11:20','2018-07-17 05:11:20',NULL),(700,700,'en','Shamal Madinat As Saadah','2018-07-17 05:11:20','2018-07-17 05:11:20',NULL),(701,701,'en','Sudh','2018-07-17 05:11:20','2018-07-17 05:11:20',NULL),(702,702,'en','Umm Al Ghawarif','2018-07-17 05:11:20','2018-07-17 05:11:20',NULL),(703,703,'en','Al Hazm','2018-07-17 05:11:20','2018-07-17 05:11:20',NULL),(704,704,'en','Al Mazahit','2018-07-17 05:11:20','2018-07-17 05:11:20',NULL),(705,705,'en','Al Midayrah','2018-07-17 05:11:20','2018-07-17 05:11:20',NULL),(706,706,'en','Al Wishayl','2018-07-17 05:11:20','2018-07-17 05:11:20',NULL),(707,707,'en','Falaj Al Hadees','2018-07-17 05:11:20','2018-07-17 05:11:20',NULL),(708,708,'en','Afifa','2018-07-17 05:11:20','2018-07-17 05:11:20',NULL),(709,709,'en','Al Fatik','2018-07-17 05:11:20','2018-07-17 05:11:20',NULL),(710,710,'en','Al Ghushbah','2018-07-17 05:11:20','2018-07-17 05:11:20',NULL),(711,711,'en','Al Hadhirah','2018-07-17 05:11:20','2018-07-17 05:11:20',NULL),(712,712,'en','Al Hambar','2018-07-17 05:11:20','2018-07-17 05:11:20',NULL),(713,713,'en','Al Hujrah','2018-07-17 05:11:20','2018-07-17 05:11:20',NULL),(714,714,'en','Al Jufra','2018-07-17 05:11:20','2018-07-17 05:11:20',NULL),(715,715,'en','Al Khuwayriyyah','2018-07-17 05:11:20','2018-07-17 05:11:20',NULL),(716,716,'en','Al Multaqa','2018-07-17 05:11:20','2018-07-17 05:11:20',NULL),(717,717,'en','Al Uwaynat','2018-07-17 05:11:20','2018-07-17 05:11:20',NULL),(718,718,'en','Al Zafraan','2018-07-17 05:11:20','2018-07-17 05:11:20',NULL),(719,719,'en','As Sanqar','2018-07-17 05:11:20','2018-07-17 05:11:20',NULL),(720,720,'en','As Suwayhrah','2018-07-17 05:11:20','2018-07-17 05:11:20',NULL),(721,721,'en','At Turayf','2018-07-17 05:11:20','2018-07-17 05:11:20',NULL),(722,722,'en','Awtab','2018-07-17 05:11:20','2018-07-17 05:11:20',NULL),(723,723,'en','Falaj Al Awhi','2018-07-17 05:11:20','2018-07-17 05:11:20',NULL),(724,724,'en','Falaj Al Qabail','2018-07-17 05:11:20','2018-07-17 05:11:20',NULL),(725,725,'en','Harat Ash Shaykh','2018-07-17 05:11:20','2018-07-17 05:11:20',NULL),(726,726,'en','Karwan','2018-07-17 05:11:20','2018-07-17 05:11:20',NULL),(727,727,'en','Khawr Al Siyabi','2018-07-17 05:11:20','2018-07-17 05:11:20',NULL),(728,728,'en','Khwar Al Hulu','2018-07-17 05:11:20','2018-07-17 05:11:20',NULL),(729,729,'en','Majan','2018-07-17 05:11:20','2018-07-17 05:11:20',NULL),(730,730,'en','Majis','2018-07-17 05:11:20','2018-07-17 05:11:20',NULL),(731,731,'en','Mina Sohar (Sohar Port)','2018-07-17 05:11:20','2018-07-17 05:11:20',NULL),(732,732,'en','Sallan','2018-07-17 05:11:20','2018-07-17 05:11:20',NULL),(733,733,'en','Sohar Sanaiyah','2018-07-17 05:11:20','2018-07-17 05:11:20',NULL),(734,734,'en','UMQ','2018-07-17 05:11:20','2018-07-17 05:11:20',NULL),(735,735,'en','Abu Al Nakheel','2018-07-17 05:11:20','2018-07-17 05:11:20',NULL),(736,736,'en','Al Basit','2018-07-17 05:11:20','2018-07-17 05:11:20',NULL),(737,737,'en','Al Maragh','2018-07-17 05:11:20','2018-07-17 05:11:20',NULL),(738,738,'en','Ar Rumays','2018-07-17 05:11:20','2018-07-17 05:11:20',NULL),(739,739,'en','Halban','2018-07-17 05:11:20','2018-07-17 05:11:20',NULL),(740,740,'en','Haradi','2018-07-17 05:11:20','2018-07-17 05:11:20',NULL),(741,741,'en','Hay Al Salam','2018-07-17 05:11:20','2018-07-17 05:11:20',NULL),(742,742,'en','Hayy Asim','2018-07-17 05:11:20','2018-07-17 05:11:20',NULL),(743,743,'en','Muraysi','2018-07-17 05:11:20','2018-07-17 05:11:20',NULL),(744,744,'en','Bahla','2018-07-17 05:11:20','2018-07-17 05:11:20',NULL),(745,745,'en','Birkat Al Mooz','2018-07-17 05:11:20','2018-07-17 05:11:20',NULL),(746,746,'en','Falaj Al Daris','2018-07-17 05:11:20','2018-07-17 05:11:20',NULL),(747,747,'en','Firq','2018-07-17 05:11:20','2018-07-17 05:11:20',NULL),(748,748,'en','Hay Al Turath North','2018-07-17 05:11:20','2018-07-17 05:11:20',NULL),(749,749,'en','Hay Al Turath South','2018-07-17 05:11:20','2018-07-17 05:11:20',NULL),(750,750,'en','Karsha','2018-07-17 05:11:20','2018-07-17 05:11:20',NULL),(751,751,'en','Karshaa Senaeya (Industrial Area)','2018-07-17 05:11:20','2018-07-17 05:11:20',NULL),(752,752,'en','Manah','2018-07-17 05:11:20','2018-07-17 05:11:20',NULL),(753,753,'en','Marfa Dares','2018-07-17 05:11:20','2018-07-17 05:11:20',NULL),(754,754,'en','Nizwa Suq','2018-07-17 05:11:20','2018-07-17 05:11:20',NULL),(755,755,'en','Radet Al Bosaidi','2018-07-17 05:11:20','2018-07-17 05:11:20',NULL),(756,756,'en','Temsa','2018-07-17 05:11:20','2018-07-17 05:11:20',NULL),(757,757,'en','Al Ayjah','2018-07-17 05:11:20','2018-07-17 05:11:20',NULL),(758,758,'en','Al Barr','2018-07-17 05:11:20','2018-07-17 05:11:20',NULL),(759,759,'en','Al Husainiyah','2018-07-17 05:11:20','2018-07-17 05:11:20',NULL),(760,760,'en','Ar Rusagh','2018-07-17 05:11:20','2018-07-17 05:11:20',NULL),(761,761,'en','Ash Shaabiyah','2018-07-17 05:11:20','2018-07-17 05:11:20',NULL),(762,762,'en','Billad Suq','2018-07-17 05:11:20','2018-07-17 05:11:20',NULL),(763,763,'en','Harat Al Balush','2018-07-17 05:11:20','2018-07-17 05:11:20',NULL),(764,764,'en','Hillat Al Kahraba','2018-07-17 05:11:20','2018-07-17 05:11:20',NULL),(765,765,'en','Jabal Al Eid','2018-07-17 05:11:20','2018-07-17 05:11:20',NULL),(766,766,'en','Murtafa','2018-07-17 05:11:20','2018-07-17 05:11:20',NULL),(767,767,'en','Nismah','2018-07-17 05:11:20','2018-07-17 05:11:20',NULL),(768,768,'en','Sur University College','2018-07-17 05:11:20','2018-07-17 05:11:20',NULL),(769,769,'en','Al Gherifa','2018-07-17 05:11:20','2018-07-17 05:11:20',NULL),(770,770,'en','Al Helie','2018-07-17 05:11:20','2018-07-17 05:11:20',NULL),(771,771,'en','Ard ElGaw','2018-07-17 05:11:20','2018-07-17 05:11:20',NULL),(772,772,'en','Buraimi Industrial','2018-07-17 05:11:20','2018-07-17 05:11:20',NULL),(773,773,'en','Buraimi University','2018-07-17 05:11:20','2018-07-17 05:11:20',NULL),(774,774,'en','Hamasa Shaabiyah','2018-07-17 05:11:20','2018-07-17 05:11:20',NULL),(775,775,'en','Khadrah Al Sieh (New)','2018-07-17 05:11:20','2018-07-17 05:11:20',NULL),(776,776,'en','Khadrah Qadema (Old)','2018-07-17 05:11:20','2018-07-17 05:11:20',NULL),(777,777,'en','Mazara Al Aqda','2018-07-17 05:11:20','2018-07-17 05:11:20',NULL),(778,778,'en','Saraa','2018-07-17 05:11:20','2018-07-17 05:11:20',NULL),(779,779,'en','Ar Rayibah','2018-07-17 05:11:20','2018-07-17 05:11:20',NULL),(780,780,'en','Araqi','2018-07-17 05:11:20','2018-07-17 05:11:20',NULL),(781,781,'en','Dubaishi','2018-07-17 05:11:20','2018-07-17 05:11:20',NULL),(782,782,'en','Hijjar','2018-07-17 05:11:20','2018-07-17 05:11:20',NULL),(783,783,'en','Ibri Hospital','2018-07-17 05:11:20','2018-07-17 05:11:20',NULL),(784,784,'en','Ibri Souq','2018-07-17 05:11:20','2018-07-17 05:11:20',NULL),(785,785,'en','Abdali','2018-07-17 05:11:20','2018-07-17 05:11:20',NULL),(786,786,'en','Abdoun','2018-07-17 05:11:20','2018-07-17 05:11:20',NULL),(787,787,'en','Abu Alanda','2018-07-17 05:11:20','2018-07-17 05:11:20',NULL),(788,788,'en','Abu Nseir','2018-07-17 05:11:20','2018-07-17 05:11:20',NULL),(789,789,'en','Airport Road - Dunes Bridge','2018-07-17 05:11:20','2018-07-17 05:11:20',NULL),(790,790,'en','Airport Road - Madaba Bridge','2018-07-17 05:11:20','2018-07-17 05:11:20',NULL),(791,791,'en','Airport Road - Manaseer Gs','2018-07-17 05:11:20','2018-07-17 05:11:20',NULL),(792,792,'en','Airport Road - Nakheel Village','2018-07-17 05:11:20','2018-07-17 05:11:20',NULL),(793,793,'en','Al Ashrafieh','2018-07-17 05:11:20','2018-07-17 05:11:20',NULL),(794,794,'en','Al Bayader','2018-07-17 05:11:20','2018-07-17 05:11:20',NULL),(795,795,'en','Al Bnayyat','2018-07-17 05:11:20','2018-07-17 05:11:20',NULL),(796,796,'en','Al Fuhais','2018-07-17 05:11:20','2018-07-17 05:11:20',NULL),(797,797,'en','Al Gardens','2018-07-17 05:11:20','2018-07-17 05:11:20',NULL),(798,798,'en','Al Hashmi Al Janobi','2018-07-17 05:11:20','2018-07-17 05:11:20',NULL),(799,799,'en','Al Hashmi Al Shamali','2018-07-17 05:11:20','2018-07-17 05:11:20',NULL),(800,800,'en','Al Hummar','2018-07-17 05:11:20','2018-07-17 05:11:20',NULL),(801,801,'en','Al Jandaweel','2018-07-17 05:11:20','2018-07-17 05:11:20',NULL),(802,802,'en','Al Jurn','2018-07-17 05:11:20','2018-07-17 05:11:20',NULL),(803,803,'en','Al Kamaliya','2018-07-17 05:11:20','2018-07-17 05:11:20',NULL),(804,804,'en','Al Kursi','2018-07-17 05:11:20','2018-07-17 05:11:20',NULL),(805,805,'en','Al Muqabalain','2018-07-17 05:11:20','2018-07-17 05:11:20',NULL),(806,806,'en','Al Qusour','2018-07-17 05:11:20','2018-07-17 05:11:20',NULL),(807,807,'en','Al Qwaismeh','2018-07-17 05:11:20','2018-07-17 05:11:20',NULL),(808,808,'en','Al Rabiah','2018-07-17 05:11:20','2018-07-17 05:11:20',NULL),(809,809,'en','Al Rajeeb','2018-07-17 05:11:20','2018-07-17 05:11:20',NULL),(810,810,'en','Al Rawabi','2018-07-17 05:11:20','2018-07-17 05:11:20',NULL),(811,811,'en','Al Rawnaq','2018-07-17 05:11:20','2018-07-17 05:11:20',NULL),(812,812,'en','Al Ridwan','2018-07-17 05:11:20','2018-07-17 05:11:20',NULL),(813,813,'en','Al Sahel','2018-07-17 05:11:20','2018-07-17 05:11:20',NULL),(814,814,'en','Al Sina\'a','2018-07-17 05:11:20','2018-07-17 05:11:20',NULL),(815,815,'en','Al Swaifyeh','2018-07-17 05:11:20','2018-07-17 05:11:20',NULL),(816,816,'en','Arjan','2018-07-17 05:11:20','2018-07-17 05:11:20',NULL),(817,817,'en','Bader Al Jadeda','2018-07-17 05:11:20','2018-07-17 05:11:20',NULL),(818,818,'en','Dabouq','2018-07-17 05:11:20','2018-07-17 05:11:20',NULL),(819,819,'en','Dabouq - Baccaloria','2018-07-17 05:11:20','2018-07-17 05:11:20',NULL),(820,820,'en','Dabouq - Ferdous','2018-07-17 05:11:20','2018-07-17 05:11:20',NULL),(821,821,'en','Daheit Al Ameer Hasan','2018-07-17 05:11:20','2018-07-17 05:11:20',NULL),(822,822,'en','Daheit Al Aqsa','2018-07-17 05:11:20','2018-07-17 05:11:20',NULL),(823,823,'en','Daheit Al Rasheed','2018-07-17 05:11:20','2018-07-17 05:11:20',NULL),(824,824,'en','Daheit Al Yasmeen','2018-07-17 05:11:20','2018-07-17 05:11:20',NULL),(825,825,'en','Dahiet Al Ameer Rashed','2018-07-17 05:11:20','2018-07-17 05:11:20',NULL),(826,826,'en','Dahiet Al Hussain','2018-07-17 05:11:20','2018-07-17 05:11:20',NULL),(827,827,'en','Deir Ghbar','2018-07-17 05:11:20','2018-07-17 05:11:20',NULL),(828,828,'en','Downtown','2018-07-17 05:11:20','2018-07-17 05:11:20',NULL),(829,829,'en','Hay Al Rahmanieh','2018-07-17 05:11:20','2018-07-17 05:11:20',NULL),(830,830,'en','Hay Albarakeh','2018-07-17 05:11:20','2018-07-17 05:11:20',NULL),(831,831,'en','Hay Alkhaledeen','2018-07-17 05:11:20','2018-07-17 05:11:20',NULL),(832,832,'en','Hay Alsaleheen','2018-07-17 05:11:20','2018-07-17 05:11:20',NULL),(833,833,'en','Iraq Al Ameer','2018-07-17 05:11:20','2018-07-17 05:11:20',NULL),(834,834,'en','Jabal Al Hussain','2018-07-17 05:11:20','2018-07-17 05:11:20',NULL),(835,835,'en','Jabal Al Nuzha','2018-07-17 05:11:20','2018-07-17 05:11:20',NULL),(836,836,'en','Jabal Al Weibdeh','2018-07-17 05:11:20','2018-07-17 05:11:20',NULL),(837,837,'en','Jabal Al Zohor','2018-07-17 05:11:20','2018-07-17 05:11:20',NULL),(838,838,'en','Jabal Amman','2018-07-17 05:11:20','2018-07-17 05:11:20',NULL),(839,839,'en','Jubaiha','2018-07-17 05:11:20','2018-07-17 05:11:20',NULL),(840,840,'en','Khalda','2018-07-17 05:11:20','2018-07-17 05:11:20',NULL),(841,841,'en','King Hussein Business Park','2018-07-17 05:11:20','2018-07-17 05:11:20',NULL),(842,842,'en','Mahes','2018-07-17 05:11:20','2018-07-17 05:11:20',NULL),(843,843,'en','Marj El Hamam','2018-07-17 05:11:20','2018-07-17 05:11:20',NULL),(844,844,'en','Marka','2018-07-17 05:11:20','2018-07-17 05:11:20',NULL),(845,845,'en','Naour','2018-07-17 05:11:20','2018-07-17 05:11:20',NULL),(846,846,'en','Raghadan','2018-07-17 05:11:20','2018-07-17 05:11:20',NULL),(847,847,'en','Ras El Ain','2018-07-17 05:11:20','2018-07-17 05:11:20',NULL),(848,848,'en','Shafa Badran','2018-07-17 05:11:20','2018-07-17 05:11:20',NULL),(849,849,'en','Shmaisani','2018-07-17 05:11:20','2018-07-17 05:11:20',NULL),(850,850,'en','Sports City','2018-07-17 05:11:20','2018-07-17 05:11:20',NULL),(851,851,'en','Swelieh','2018-07-17 05:11:20','2018-07-17 05:11:20',NULL),(852,852,'en','Tabarboor','2018-07-17 05:11:20','2018-07-17 05:11:20',NULL),(853,853,'en','Tla\' Ali','2018-07-17 05:11:20','2018-07-17 05:11:20',NULL),(854,854,'en','Um El Summaq','2018-07-17 05:11:20','2018-07-17 05:11:20',NULL),(855,855,'en','Um Uthaiena','2018-07-17 05:11:20','2018-07-17 05:11:20',NULL),(856,856,'en','University Street','2018-07-17 05:11:20','2018-07-17 05:11:20',NULL),(857,857,'en','Wadi El Seer','2018-07-17 05:11:20','2018-07-17 05:11:20',NULL),(858,858,'en','Al Atiba\'','2018-07-17 05:11:20','2018-07-17 05:11:20',NULL),(859,859,'en','Al Balad Al Qadeemeh','2018-07-17 05:11:20','2018-07-17 05:11:20',NULL),(860,860,'en','Al Herafeyeh','2018-07-17 05:11:20','2018-07-17 05:11:20',NULL),(861,861,'en','Al Mahdood Al Gharby','2018-07-17 05:11:20','2018-07-17 05:11:20',NULL),(862,862,'en','Al Mahdood Al Sharqy','2018-07-17 05:11:20','2018-07-17 05:11:20',NULL),(863,863,'en','Al Mahdood Al Wasat','2018-07-17 05:11:20','2018-07-17 05:11:20',NULL),(864,864,'en','Al Manarah','2018-07-17 05:11:20','2018-07-17 05:11:20',NULL),(865,865,'en','Al Rimaal','2018-07-17 05:11:20','2018-07-17 05:11:20',NULL),(866,866,'en','Al Sakaneyeh (1)','2018-07-17 05:11:20','2018-07-17 05:11:20',NULL),(867,867,'en','Al Sakaneyeh (10)','2018-07-17 05:11:20','2018-07-17 05:11:20',NULL),(868,868,'en','Al Sakaneyeh (2)','2018-07-17 05:11:20','2018-07-17 05:11:20',NULL),(869,869,'en','Al Sakaneyeh (3)','2018-07-17 05:11:20','2018-07-17 05:11:20',NULL),(870,870,'en','Al Sakaneyeh (4)','2018-07-17 05:11:20','2018-07-17 05:11:20',NULL),(871,871,'en','Al Sakaneyeh (5)','2018-07-17 05:11:20','2018-07-17 05:11:20',NULL),(872,872,'en','Al Sakaneyeh (6)','2018-07-17 05:11:20','2018-07-17 05:11:20',NULL),(873,873,'en','Al Sakaneyeh (7)','2018-07-17 05:11:20','2018-07-17 05:11:20',NULL),(874,874,'en','Al Sakaneyeh (8)','2018-07-17 05:11:20','2018-07-17 05:11:20',NULL),(875,875,'en','Al Sakaneyeh (9)','2018-07-17 05:11:20','2018-07-17 05:11:20',NULL),(876,876,'en','Al Shalalah','2018-07-17 05:11:20','2018-07-17 05:11:20',NULL),(877,877,'en','Al U\'la','2018-07-17 05:11:20','2018-07-17 05:11:20',NULL),(878,878,'en','Sakan Al Asmedah','2018-07-17 05:11:20','2018-07-17 05:11:20',NULL),(879,879,'en','Tala Bay','2018-07-17 05:11:20','2018-07-17 05:11:20',NULL),(880,880,'en','30 Street','2018-07-17 05:11:20','2018-07-17 05:11:20',NULL),(881,881,'en','Al Balad','2018-07-17 05:11:20','2018-07-17 05:11:20',NULL),(882,882,'en','Al Barha Street','2018-07-17 05:11:20','2018-07-17 05:11:20',NULL),(883,883,'en','Al Dorra Circle','2018-07-17 05:11:20','2018-07-17 05:11:20',NULL),(884,884,'en','Al Eiadat Circle','2018-07-17 05:11:20','2018-07-17 05:11:20',NULL),(885,885,'en','Al Hashmy Street','2018-07-17 05:11:20','2018-07-17 05:11:20',NULL),(886,886,'en','Al Hay Al Gharby','2018-07-17 05:11:20','2018-07-17 05:11:20',NULL),(887,887,'en','Al Hay Al Janooby','2018-07-17 05:11:20','2018-07-17 05:11:20',NULL),(888,888,'en','Al Hay Al Sharqy','2018-07-17 05:11:20','2018-07-17 05:11:20',NULL),(889,889,'en','Al Hisbeh Al Markizeya','2018-07-17 05:11:20','2018-07-17 05:11:20',NULL),(890,890,'en','Al Huson','2018-07-17 05:11:20','2018-07-17 05:11:20',NULL),(891,891,'en','Al Huson Street','2018-07-17 05:11:20','2018-07-17 05:11:20',NULL),(892,892,'en','Al Lawazem Circle','2018-07-17 05:11:20','2018-07-17 05:11:20',NULL),(893,893,'en','Al Madinah Al Sena\'eiah','2018-07-17 05:11:20','2018-07-17 05:11:20',NULL),(894,894,'en','Al Madrase Al Shamela','2018-07-17 05:11:20','2018-07-17 05:11:20',NULL),(895,895,'en','Al Mal\'ab Al Baladi','2018-07-17 05:11:20','2018-07-17 05:11:20',NULL),(896,896,'en','Al Matla\'','2018-07-17 05:11:20','2018-07-17 05:11:20',NULL),(897,897,'en','Al Naseem Circle','2018-07-17 05:11:20','2018-07-17 05:11:20',NULL),(898,898,'en','Al Nuzha','2018-07-17 05:11:20','2018-07-17 05:11:20',NULL),(899,899,'en','Al Qubeh Circle','2018-07-17 05:11:20','2018-07-17 05:11:20',NULL),(900,900,'en','Al Quds Street','2018-07-17 05:11:20','2018-07-17 05:11:20',NULL),(901,901,'en','Al Rabiah','2018-07-17 05:11:20','2018-07-17 05:11:20',NULL),(902,902,'en','Al Rahebat Al Wardiah','2018-07-17 05:11:20','2018-07-17 05:11:20',NULL),(903,903,'en','Al Rasheed Street','2018-07-17 05:11:20','2018-07-17 05:11:20',NULL),(904,904,'en','Al Sareeh','2018-07-17 05:11:20','2018-07-17 05:11:20',NULL),(905,905,'en','Al Sonbola','2018-07-17 05:11:20','2018-07-17 05:11:20',NULL),(906,906,'en','Al Souq','2018-07-17 05:11:20','2018-07-17 05:11:20',NULL),(907,907,'en','Al Thaqafa Circle','2018-07-17 05:11:20','2018-07-17 05:11:20',NULL),(908,908,'en','Albayyada Circle','2018-07-17 05:11:20','2018-07-17 05:11:20',NULL),(909,909,'en','Bait Ras','2018-07-17 05:11:20','2018-07-17 05:11:20',NULL),(910,910,'en','Behind Safeway','2018-07-17 05:11:20','2018-07-17 05:11:20',NULL),(911,911,'en','Bushra','2018-07-17 05:11:20','2018-07-17 05:11:20',NULL),(912,912,'en','Childrens Village (SOS)','2018-07-17 05:11:20','2018-07-17 05:11:20',NULL),(913,913,'en','Daheit Al Ameer Rashed','2018-07-17 05:11:20','2018-07-17 05:11:20',NULL),(914,914,'en','Daheit Al Hussain','2018-07-17 05:11:20','2018-07-17 05:11:20',NULL),(915,915,'en','Eidoon','2018-07-17 05:11:20','2018-07-17 05:11:20',NULL),(916,916,'en','Eidoon Military Hospital','2018-07-17 05:11:20','2018-07-17 05:11:20',NULL),(917,917,'en','Fo\'ara Street','2018-07-17 05:11:20','2018-07-17 05:11:20',NULL),(918,918,'en','Ghorfat Al Tejara','2018-07-17 05:11:20','2018-07-17 05:11:20',NULL),(919,919,'en','Hadiqet Al Zahraa','2018-07-17 05:11:20','2018-07-17 05:11:20',NULL),(920,920,'en','Hakama','2018-07-17 05:11:20','2018-07-17 05:11:20',NULL),(921,921,'en','Hakama Street','2018-07-17 05:11:20','2018-07-17 05:11:20',NULL),(922,922,'en','Hasan Al Tal Mosque','2018-07-17 05:11:20','2018-07-17 05:11:20',NULL),(923,923,'en','Hay Al Abraar','2018-07-17 05:11:20','2018-07-17 05:11:20',NULL),(924,924,'en','Hay Al Qaselah','2018-07-17 05:11:20','2018-07-17 05:11:20',NULL),(925,925,'en','Hay Al Turokman','2018-07-17 05:11:20','2018-07-17 05:11:20',NULL),(926,926,'en','Hay Al Worood','2018-07-17 05:11:20','2018-07-17 05:11:20',NULL),(927,927,'en','Hay Alia','2018-07-17 05:11:20','2018-07-17 05:11:20',NULL),(928,928,'en','Hay Altlool','2018-07-17 05:11:20','2018-07-17 05:11:20',NULL),(929,929,'en','Hay Twaal','2018-07-17 05:11:20','2018-07-17 05:11:20',NULL),(930,930,'en','Honaina','2018-07-17 05:11:20','2018-07-17 05:11:20',NULL),(931,931,'en','Howara','2018-07-17 05:11:20','2018-07-17 05:11:20',NULL),(932,932,'en','Irbid Girl\'s College','2018-07-17 05:11:20','2018-07-17 05:11:20',NULL),(933,933,'en','Irbid Mall','2018-07-17 05:11:20','2018-07-17 05:11:20',NULL),(934,934,'en','Isharet Al Darawshe','2018-07-17 05:11:20','2018-07-17 05:11:20',NULL),(935,935,'en','Isharet Al Iskan','2018-07-17 05:11:20','2018-07-17 05:11:20',NULL),(936,936,'en','Isharet Al Malika Noor','2018-07-17 05:11:20','2018-07-17 05:11:20',NULL),(937,937,'en','Iskan Al A\'mileen','2018-07-17 05:11:20','2018-07-17 05:11:20',NULL),(938,938,'en','Iskan Al Atiba\'','2018-07-17 05:11:20','2018-07-17 05:11:20',NULL),(939,939,'en','Iskan Al Dobbat','2018-07-17 05:11:20','2018-07-17 05:11:20',NULL),(940,940,'en','Iskan Al Mohandeseen','2018-07-17 05:11:20','2018-07-17 05:11:20',NULL),(941,941,'en','Joud Hotel','2018-07-17 05:11:20','2018-07-17 05:11:20',NULL),(942,942,'en','Ketem','2018-07-17 05:11:20','2018-07-17 05:11:20',NULL),(943,943,'en','Kherbet Qasem','2018-07-17 05:11:20','2018-07-17 05:11:20',NULL),(944,944,'en','King Abdullah University Hospital','2018-07-17 05:11:20','2018-07-17 05:11:20',NULL),(945,945,'en','Kofor Youba','2018-07-17 05:11:20','2018-07-17 05:11:20',NULL),(946,946,'en','Mojamma\' Al Aghwaar Al Jadeed','2018-07-17 05:11:20','2018-07-17 05:11:20',NULL),(947,947,'en','Mojamma\' Al Shamali','2018-07-17 05:11:20','2018-07-17 05:11:20',NULL),(948,948,'en','Mojamma\' Alshaikh Khaleel','2018-07-17 05:11:20','2018-07-17 05:11:20',NULL),(949,949,'en','Mojamma\' Amman Al Jadeed','2018-07-17 05:11:20','2018-07-17 05:11:20',NULL),(950,950,'en','Mokhayam Al Shaheed','2018-07-17 05:11:20','2018-07-17 05:11:20',NULL),(951,951,'en','Mokhayam Irbid','2018-07-17 05:11:20','2018-07-17 05:11:20',NULL),(952,952,'en','Palestine Street','2018-07-17 05:11:20','2018-07-17 05:11:20',NULL),(953,953,'en','Petra Street','2018-07-17 05:11:20','2018-07-17 05:11:20',NULL),(954,954,'en','Princess Basma Hospital','2018-07-17 05:11:20','2018-07-17 05:11:20',NULL),(955,955,'en','Qasr Al Awwadeen','2018-07-17 05:11:20','2018-07-17 05:11:20',NULL),(956,956,'en','Sahara Circle','2018-07-17 05:11:20','2018-07-17 05:11:20',NULL),(957,957,'en','Sal Circle','2018-07-17 05:11:20','2018-07-17 05:11:20',NULL),(958,958,'en','Salet Al Sharq','2018-07-17 05:11:20','2018-07-17 05:11:20',NULL),(959,959,'en','Sharekat Al Kahraba Circle','2018-07-17 05:11:20','2018-07-17 05:11:20',NULL),(960,960,'en','Tabariya School','2018-07-17 05:11:20','2018-07-17 05:11:20',NULL),(961,961,'en','University of Science and Technology','2018-07-17 05:11:20','2018-07-17 05:11:20',NULL),(962,962,'en','University Street','2018-07-17 05:11:20','2018-07-17 05:11:20',NULL),(963,963,'en','Zabda','2018-07-17 05:11:20','2018-07-17 05:11:20',NULL),(964,964,'en','Al Andalusiah','2018-07-17 05:11:20','2018-07-17 05:11:20',NULL),(965,965,'en','Al Hay Al Sharqy','2018-07-17 05:11:20','2018-07-17 05:11:20',NULL),(966,966,'en','Al Nuzha Street','2018-07-17 05:11:20','2018-07-17 05:11:20',NULL),(967,967,'en','American University','2018-07-17 05:11:20','2018-07-17 05:11:20',NULL),(968,968,'en','German University','2018-07-17 05:11:20','2018-07-17 05:11:20',NULL),(969,969,'en','Haret Jdoudna','2018-07-17 05:11:20','2018-07-17 05:11:20',NULL),(970,970,'en','King\'s Academy','2018-07-17 05:11:20','2018-07-17 05:11:20',NULL),(971,971,'en','Al Andalusiah','2018-07-17 05:11:20','2018-07-17 05:11:20',NULL),(972,972,'en','Al Hay Al Sharqy','2018-07-17 05:11:20','2018-07-17 05:11:20',NULL),(973,973,'en','Al Nuzha Street','2018-07-17 05:11:20','2018-07-17 05:11:20',NULL),(974,974,'en','American University','2018-07-17 05:11:20','2018-07-17 05:11:20',NULL),(975,975,'en','German University','2018-07-17 05:11:20','2018-07-17 05:11:20',NULL),(976,976,'en','Haret Jdoudna','2018-07-17 05:11:20','2018-07-17 05:11:20',NULL),(977,977,'en','King\'s Academy','2018-07-17 05:11:20','2018-07-17 05:11:20',NULL),(978,978,'en','Al Autostrad','2018-07-17 05:11:20','2018-07-17 05:11:20',NULL),(979,979,'en','Al ghweariyyeh','2018-07-17 05:11:20','2018-07-17 05:11:20',NULL),(980,980,'en','Al Hashemieh','2018-07-17 05:11:20','2018-07-17 05:11:20',NULL),(981,981,'en','Al Hawooz','2018-07-17 05:11:20','2018-07-17 05:11:20',NULL),(982,982,'en','Al Jaish Street','2018-07-17 05:11:20','2018-07-17 05:11:20',NULL),(983,983,'en','Al Madinah Al Monawarah','2018-07-17 05:11:20','2018-07-17 05:11:20',NULL),(984,984,'en','Al mantika Al Hurra','2018-07-17 05:11:20','2018-07-17 05:11:20',NULL),(985,985,'en','Al Souq','2018-07-17 05:11:20','2018-07-17 05:11:20',NULL),(986,986,'en','Al Sukhneh','2018-07-17 05:11:20','2018-07-17 05:11:20',NULL),(987,987,'en','Al Tatweer Al Hadari','2018-07-17 05:11:20','2018-07-17 05:11:20',NULL),(988,988,'en','Al Tatweer Al Hadari Rusaifah','2018-07-17 05:11:20','2018-07-17 05:11:20',NULL),(989,989,'en','Al Zarqa Al Jadeedeh','2018-07-17 05:11:20','2018-07-17 05:11:20',NULL),(990,990,'en','Al Zawahra','2018-07-17 05:11:20','2018-07-17 05:11:20',NULL),(991,991,'en','Al-Qadisyeh - Rusaifeh','2018-07-17 05:11:20','2018-07-17 05:11:20',NULL),(992,992,'en','Awajan','2018-07-17 05:11:20','2018-07-17 05:11:20',NULL),(993,993,'en','Dahiet Al Amera Haya','2018-07-17 05:11:20','2018-07-17 05:11:20',NULL),(994,994,'en','Hay Al Ameer Mohammad','2018-07-17 05:11:20','2018-07-17 05:11:20',NULL),(995,995,'en','Hay Al Hussain','2018-07-17 05:11:20','2018-07-17 05:11:20',NULL),(996,996,'en','Hay Al Iskan','2018-07-17 05:11:20','2018-07-17 05:11:20',NULL),(997,997,'en','Hay Al Jundi','2018-07-17 05:11:20','2018-07-17 05:11:20',NULL),(998,998,'en','Hay Al Nuzha','2018-07-17 05:11:20','2018-07-17 05:11:20',NULL),(999,999,'en','Hay Al-Rasheed - Rusaifah','2018-07-17 05:11:20','2018-07-17 05:11:20',NULL),(1000,1000,'en','Hay Ja\'far Al Tayyar','2018-07-17 05:11:20','2018-07-17 05:11:20',NULL),(1001,1001,'en','Hay Ma\'soom','2018-07-17 05:11:20','2018-07-17 05:11:20',NULL),(1002,1002,'en','Hay Ramzi','2018-07-17 05:11:20','2018-07-17 05:11:20',NULL),(1003,1003,'en','Hay Shaker','2018-07-17 05:11:20','2018-07-17 05:11:20',NULL),(1004,1004,'en','Iskan Al Batrawi','2018-07-17 05:11:20','2018-07-17 05:11:20',NULL),(1005,1005,'en','Iskan Talal - Rusaifeh','2018-07-17 05:11:20','2018-07-17 05:11:20',NULL),(1006,1006,'en','Jabal Al Abyad','2018-07-17 05:11:20','2018-07-17 05:11:20',NULL),(1007,1007,'en','Jabal Al Ameer Hamza','2018-07-17 05:11:20','2018-07-17 05:11:20',NULL),(1008,1008,'en','Jabal Al Ameer Hasan','2018-07-17 05:11:20','2018-07-17 05:11:20',NULL),(1009,1009,'en','Jabal Al Amera Rahma','2018-07-17 05:11:20','2018-07-17 05:11:20',NULL),(1010,1010,'en','Jabal El Shamali Rusaifeh','2018-07-17 05:11:20','2018-07-17 05:11:20',NULL),(1011,1011,'en','Jabal Tareq','2018-07-17 05:11:20','2018-07-17 05:11:20',NULL),(1012,1012,'en','Jana\'a','2018-07-17 05:11:20','2018-07-17 05:11:20',NULL),(1013,1013,'en','Madinet El Sharq','2018-07-17 05:11:20','2018-07-17 05:11:20',NULL),(1014,1014,'en','Rusaifeh El Janoobi','2018-07-17 05:11:20','2018-07-17 05:11:20',NULL),(1015,1015,'en','The Hashemite University','2018-07-17 05:11:20','2018-07-17 05:11:20',NULL),(1016,1016,'en','Wadi Al Aash','2018-07-17 05:11:20','2018-07-17 05:11:20',NULL),(1017,1017,'en','Wadi Al Hajar','2018-07-17 05:11:20','2018-07-17 05:11:20',NULL),(1018,1018,'en','Zarqa Private University','2018-07-17 05:11:20','2018-07-17 05:11:20',NULL),(1019,1019,'en','Manama','2018-07-17 05:11:20','2018-07-17 05:11:20',NULL),(1020,1020,'en','Gudaibiya','2018-07-17 05:11:20','2018-07-17 05:11:20',NULL),(1021,1021,'en','Al Seef','2018-07-17 05:11:20','2018-07-17 05:11:20',NULL),(1022,1022,'en','Adliya','2018-07-17 05:11:20','2018-07-17 05:11:20',NULL),(1023,1023,'en','Mahoz','2018-07-17 05:11:20','2018-07-17 05:11:20',NULL),(1024,1024,'en','Tubli','2018-07-17 05:11:20','2018-07-17 05:11:20',NULL),(1025,1025,'en','Isa Town','2018-07-17 05:11:20','2018-07-17 05:11:20',NULL),(1026,1026,'en','Jirdab','2018-07-17 05:11:20','2018-07-17 05:11:20',NULL),(1027,1027,'en','Sitra','2018-07-17 05:11:20','2018-07-17 05:11:20',NULL),(1028,1028,'en','Jidhafs','2018-07-17 05:11:20','2018-07-17 05:11:20',NULL),(1029,1029,'en','Juffair','2018-07-17 05:11:20','2018-07-17 05:11:20',NULL),(1030,1030,'en','Salmaniya','2018-07-17 05:11:20','2018-07-17 05:11:20',NULL),(1031,1031,'en','Muharraq','2018-07-17 05:11:20','2018-07-17 05:11:20',NULL),(1032,1032,'en','Qalali','2018-07-17 05:11:20','2018-07-17 05:11:20',NULL),(1033,1033,'en','Amwaj','2018-07-17 05:11:20','2018-07-17 05:11:20',NULL),(1034,1034,'en','Busaiteen','2018-07-17 05:11:20','2018-07-17 05:11:20',NULL),(1035,1035,'en','Aldeer','2018-07-17 05:11:20','2018-07-17 05:11:20',NULL),(1036,1036,'en','Hidd','2018-07-17 05:11:20','2018-07-17 05:11:20',NULL),(1037,1037,'en','Budaiya','2018-07-17 05:11:20','2018-07-17 05:11:20',NULL),(1038,1038,'en','Salmabad','2018-07-17 05:11:20','2018-07-17 05:11:20',NULL),(1039,1039,'en','A?ali','2018-07-17 05:11:20','2018-07-17 05:11:20',NULL),(1040,1040,'en','Barbar','2018-07-17 05:11:20','2018-07-17 05:11:20',NULL),(1041,1041,'en','Hamad Town','2018-07-17 05:11:20','2018-07-17 05:11:20',NULL),(1042,1042,'en','Al-Malikiyah','2018-07-17 05:11:20','2018-07-17 05:11:20',NULL),(1043,1043,'en','Sar','2018-07-17 05:11:20','2018-07-17 05:11:20',NULL),(1044,1044,'en','Hamala','2018-07-17 05:11:20','2018-07-17 05:11:20',NULL),(1045,1045,'en','Riffa','2018-07-17 05:11:20','2018-07-17 05:11:20',NULL),(1046,1046,'en','Zayed Town','2018-07-17 05:11:20','2018-07-17 05:11:20',NULL),(1047,1047,'en','Isa Town','2018-07-17 05:11:20','2018-07-17 05:11:20',NULL),(1048,1048,'en','Sanad','2018-07-17 05:11:20','2018-07-17 05:11:20',NULL),(1049,1049,'en','Nuwaidrat','2018-07-17 05:11:20','2018-07-17 05:11:20',NULL),(1050,1050,'en','A\'ali','2018-07-17 05:11:20','2018-07-17 05:11:20',NULL),(1051,1051,'en','Aldur','2018-07-17 05:11:20','2018-07-17 05:11:20',NULL),(1052,1052,'en','Zallaq','2018-07-17 05:11:20','2018-07-17 05:11:20',NULL),(1053,1053,'en','Riyadh','2018-07-17 05:11:20','2018-07-17 05:11:20',NULL),(1054,1054,'en','Al Diriyah','2018-07-17 05:11:20','2018-07-17 05:11:20',NULL),(1055,1055,'en','Al Kharj','2018-07-17 05:11:20','2018-07-17 05:11:20',NULL),(1056,1056,'en','Al Duwadimi','2018-07-17 05:11:20','2018-07-17 05:11:20',NULL),(1057,1057,'en','Al Majma\'ah','2018-07-17 05:11:20','2018-07-17 05:11:20',NULL),(1058,1058,'en','Al Quway\'iyah','2018-07-17 05:11:20','2018-07-17 05:11:20',NULL),(1059,1059,'en','Wadi Al Dawasir','2018-07-17 05:11:20','2018-07-17 05:11:20',NULL),(1060,1060,'en','Al Aflaj','2018-07-17 05:11:20','2018-07-17 05:11:20',NULL),(1061,1061,'en','Al Zulfi','2018-07-17 05:11:20','2018-07-17 05:11:20',NULL),(1062,1062,'en','Shaqra','2018-07-17 05:11:20','2018-07-17 05:11:20',NULL),(1063,1063,'en','Howtat Bani Tamim','2018-07-17 05:11:20','2018-07-17 05:11:20',NULL),(1064,1064,'en','Afif','2018-07-17 05:11:20','2018-07-17 05:11:20',NULL),(1065,1065,'en','Al Sulayyil','2018-07-17 05:11:20','2018-07-17 05:11:20',NULL),(1066,1066,'en','Dhurma','2018-07-17 05:11:20','2018-07-17 05:11:20',NULL),(1067,1067,'en','Al Muzahimiyah','2018-07-17 05:11:20','2018-07-17 05:11:20',NULL),(1068,1068,'en','Rumah','2018-07-17 05:11:20','2018-07-17 05:11:20',NULL),(1069,1069,'en','Thadiq','2018-07-17 05:11:20','2018-07-17 05:11:20',NULL),(1070,1070,'en','Huraymila','2018-07-17 05:11:20','2018-07-17 05:11:20',NULL),(1071,1071,'en','Al Hariq','2018-07-17 05:11:20','2018-07-17 05:11:20',NULL),(1072,1072,'en','Al Ghat','2018-07-17 05:11:20','2018-07-17 05:11:20',NULL),(1073,1073,'en','Mecca','2018-07-17 05:11:20','2018-07-17 05:11:20',NULL),(1074,1074,'en','Jeddah','2018-07-17 05:11:20','2018-07-17 05:11:20',NULL),(1075,1075,'en','Al Ta\'if','2018-07-17 05:11:20','2018-07-17 05:11:20',NULL),(1076,1076,'en','Al Qunfudhah','2018-07-17 05:11:20','2018-07-17 05:11:20',NULL),(1077,1077,'en','Al Lith','2018-07-17 05:11:20','2018-07-17 05:11:20',NULL),(1078,1078,'en','Rabigh','2018-07-17 05:11:20','2018-07-17 05:11:20',NULL),(1079,1079,'en','Al Jumum','2018-07-17 05:11:20','2018-07-17 05:11:20',NULL),(1080,1080,'en','Khulays','2018-07-17 05:11:20','2018-07-17 05:11:20',NULL),(1081,1081,'en','Al Kamil','2018-07-17 05:11:20','2018-07-17 05:11:20',NULL),(1082,1082,'en','Al Khurmah','2018-07-17 05:11:20','2018-07-17 05:11:20',NULL),(1083,1083,'en','Ranyah','2018-07-17 05:11:20','2018-07-17 05:11:20',NULL),(1084,1084,'en','Turubah','2018-07-17 05:11:20','2018-07-17 05:11:20',NULL),(1085,1085,'en','Madinah','2018-07-17 05:11:20','2018-07-17 05:11:20',NULL),(1086,1086,'en','Yanbu','2018-07-17 05:11:20','2018-07-17 05:11:20',NULL),(1087,1087,'en','Al-`Ula','2018-07-17 05:11:20','2018-07-17 05:11:20',NULL),(1088,1088,'en','Mahd adh Dhahab','2018-07-17 05:11:20','2018-07-17 05:11:20',NULL),(1089,1089,'en','Badr','2018-07-17 05:11:20','2018-07-17 05:11:20',NULL),(1090,1090,'en',' Khaybar','2018-07-17 05:11:20','2018-07-17 05:11:20',NULL),(1091,1091,'en','Al Henakiyah','2018-07-17 05:11:20','2018-07-17 05:11:20',NULL),(1092,1092,'en','Buraydah','2018-07-17 05:11:20','2018-07-17 05:11:20',NULL),(1093,1093,'en','Unayzah','2018-07-17 05:11:20','2018-07-17 05:11:20',NULL),(1094,1094,'en','Al Rass','2018-07-17 05:11:20','2018-07-17 05:11:20',NULL),(1095,1095,'en','Al Mithnab','2018-07-17 05:11:20','2018-07-17 05:11:20',NULL),(1096,1096,'en','Al Bukayriyah','2018-07-17 05:11:20','2018-07-17 05:11:20',NULL),(1097,1097,'en','Al Badayea','2018-07-17 05:11:20','2018-07-17 05:11:20',NULL),(1098,1098,'en','Al Asyah','2018-07-17 05:11:20','2018-07-17 05:11:20',NULL),(1099,1099,'en','Al Nabhaniyah','2018-07-17 05:11:20','2018-07-17 05:11:20',NULL),(1100,1100,'en','Uyun Al Jiwa','2018-07-17 05:11:20','2018-07-17 05:11:20',NULL),(1101,1101,'en','Riyadh Al Khabra','2018-07-17 05:11:20','2018-07-17 05:11:20',NULL),(1102,1102,'en','Al Shimasiyah','2018-07-17 05:11:20','2018-07-17 05:11:20',NULL),(1103,1103,'en','Al Dammam','2018-07-17 05:11:20','2018-07-17 05:11:20',NULL),(1104,1104,'en','Al Ahsa','2018-07-17 05:11:20','2018-07-17 05:11:20',NULL),(1105,1105,'en','Hafar Al Batin','2018-07-17 05:11:20','2018-07-17 05:11:20',NULL),(1106,1106,'en','Jubail','2018-07-17 05:11:20','2018-07-17 05:11:20',NULL),(1107,1107,'en','Al Qatif','2018-07-17 05:11:20','2018-07-17 05:11:20',NULL),(1108,1108,'en','Al Khobar','2018-07-17 05:11:20','2018-07-17 05:11:20',NULL),(1109,1109,'en','Al Khafji','2018-07-17 05:11:20','2018-07-17 05:11:20',NULL),(1110,1110,'en','Ras Tanurah','2018-07-17 05:11:20','2018-07-17 05:11:20',NULL),(1111,1111,'en','Buqayq','2018-07-17 05:11:20','2018-07-17 05:11:20',NULL),(1112,1112,'en','Al Nairyah','2018-07-17 05:11:20','2018-07-17 05:11:20',NULL),(1113,1113,'en','Qaryat al-Ulya','2018-07-17 05:11:20','2018-07-17 05:11:20',NULL),(1114,1114,'en','Abha','2018-07-17 05:11:20','2018-07-17 05:11:20',NULL),(1115,1115,'en','Khamis Mushait','2018-07-17 05:11:20','2018-07-17 05:11:20',NULL),(1116,1116,'en','Bisha','2018-07-17 05:11:20','2018-07-17 05:11:20',NULL),(1117,1117,'en','Al Namas','2018-07-17 05:11:20','2018-07-17 05:11:20',NULL),(1118,1118,'en','Muhayil','2018-07-17 05:11:20','2018-07-17 05:11:20',NULL),(1119,1119,'en','Sarat Abidah','2018-07-17 05:11:20','2018-07-17 05:11:20',NULL),(1120,1120,'en','Tathlith','2018-07-17 05:11:20','2018-07-17 05:11:20',NULL),(1121,1121,'en','Rojal','2018-07-17 05:11:20','2018-07-17 05:11:20',NULL),(1122,1122,'en','Ahad Rafidah','2018-07-17 05:11:20','2018-07-17 05:11:20',NULL),(1123,1123,'en','Dhahran Al Janub','2018-07-17 05:11:20','2018-07-17 05:11:20',NULL),(1124,1124,'en','Balqarn','2018-07-17 05:11:20','2018-07-17 05:11:20',NULL),(1125,1125,'en','Al Majaridah','2018-07-17 05:11:20','2018-07-17 05:11:20',NULL),(1126,1126,'en','Tabuk','2018-07-17 05:11:20','2018-07-17 05:11:20',NULL),(1127,1127,'en','Al Wajh','2018-07-17 05:11:20','2018-07-17 05:11:20',NULL),(1128,1128,'en','Duba','2018-07-17 05:11:20','2018-07-17 05:11:20',NULL),(1129,1129,'en','Tayma','2018-07-17 05:11:20','2018-07-17 05:11:20',NULL),(1130,1130,'en','Umluj','2018-07-17 05:11:20','2018-07-17 05:11:20',NULL),(1131,1131,'en','Haql','2018-07-17 05:11:20','2018-07-17 05:11:20',NULL),(1132,1132,'en','Ha\'il','2018-07-17 05:11:20','2018-07-17 05:11:20',NULL),(1133,1133,'en','Baqaa','2018-07-17 05:11:20','2018-07-17 05:11:20',NULL),(1134,1134,'en','Haet','2018-07-17 05:11:20','2018-07-17 05:11:20',NULL),(1135,1135,'en','Al Shinan','2018-07-17 05:11:20','2018-07-17 05:11:20',NULL),(1136,1136,'en','Ar\'ar','2018-07-17 05:11:20','2018-07-17 05:11:20',NULL),(1137,1137,'en','Rafha','2018-07-17 05:11:20','2018-07-17 05:11:20',NULL),(1138,1138,'en','Turaif','2018-07-17 05:11:20','2018-07-17 05:11:20',NULL),(1139,1139,'en','Jizan','2018-07-17 05:11:20','2018-07-17 05:11:20',NULL),(1140,1140,'en','Sabya','2018-07-17 05:11:20','2018-07-17 05:11:20',NULL),(1141,1141,'en','Abu `Arish','2018-07-17 05:11:20','2018-07-17 05:11:20',NULL),(1142,1142,'en','Samtah','2018-07-17 05:11:20','2018-07-17 05:11:20',NULL),(1143,1143,'en','Al Harth','2018-07-17 05:11:20','2018-07-17 05:11:20',NULL),(1144,1144,'en','Damad','2018-07-17 05:11:20','2018-07-17 05:11:20',NULL),(1145,1145,'en','Al Reeth','2018-07-17 05:11:20','2018-07-17 05:11:20',NULL),(1146,1146,'en','Baish','2018-07-17 05:11:20','2018-07-17 05:11:20',NULL),(1147,1147,'en','Farasan','2018-07-17 05:11:20','2018-07-17 05:11:20',NULL),(1148,1148,'en','Al Dayer','2018-07-17 05:11:20','2018-07-17 05:11:20',NULL),(1149,1149,'en','Ahad Al Masarihah','2018-07-17 05:11:20','2018-07-17 05:11:20',NULL),(1150,1150,'en','Al Edabi','2018-07-17 05:11:20','2018-07-17 05:11:20',NULL),(1151,1151,'en','Al Aridhah','2018-07-17 05:11:20','2018-07-17 05:11:20',NULL),(1152,1152,'en','Al Darb','2018-07-17 05:11:20','2018-07-17 05:11:20',NULL),(1153,1153,'en','Najran','2018-07-17 05:11:20','2018-07-17 05:11:20',NULL),(1154,1154,'en','Sharurah','2018-07-17 05:11:20','2018-07-17 05:11:20',NULL),(1155,1155,'en','Hubuna','2018-07-17 05:11:20','2018-07-17 05:11:20',NULL),(1156,1156,'en','Badr Al Janub','2018-07-17 05:11:20','2018-07-17 05:11:20',NULL),(1157,1157,'en','Yadamah','2018-07-17 05:11:20','2018-07-17 05:11:20',NULL),(1158,1158,'en','Thar','2018-07-17 05:11:20','2018-07-17 05:11:20',NULL),(1159,1159,'en','Khubash','2018-07-17 05:11:20','2018-07-17 05:11:20',NULL),(1160,1160,'en','Al Kharkhir','2018-07-17 05:11:20','2018-07-17 05:11:20',NULL),(1161,1161,'en','Al Bahah','2018-07-17 05:11:20','2018-07-17 05:11:20',NULL),(1162,1162,'en','Baljurashi','2018-07-17 05:11:20','2018-07-17 05:11:20',NULL),(1163,1163,'en','Al Mandaq','2018-07-17 05:11:20','2018-07-17 05:11:20',NULL),(1164,1164,'en','Al Makhwah','2018-07-17 05:11:20','2018-07-17 05:11:20',NULL),(1165,1165,'en','Al Aqiq','2018-07-17 05:11:20','2018-07-17 05:11:20',NULL),(1166,1166,'en','Qilwah','2018-07-17 05:11:20','2018-07-17 05:11:20',NULL),(1167,1167,'en','Al Qara','2018-07-17 05:11:20','2018-07-17 05:11:20',NULL),(1168,1168,'en','Sakakah','2018-07-17 05:11:20','2018-07-17 05:11:20',NULL),(1169,1169,'en','Qurayyat','2018-07-17 05:11:20','2018-07-17 05:11:20',NULL),(1170,1170,'en','Dumat Al-Jandal','2018-07-17 05:11:20','2018-07-17 05:11:20',NULL),(1171,1,'ar',' ','2018-07-17 11:53:34','2018-07-17 11:53:34',NULL);

/*Table structure for table `areas` */

DROP TABLE IF EXISTS `areas`;

CREATE TABLE `areas` (
  `id` int(10) unsigned NOT NULL AUTO_INCREMENT,
  `city_id` int(10) unsigned NOT NULL,
  `created_at` timestamp NULL DEFAULT NULL,
  `updated_at` timestamp NULL DEFAULT NULL,
  `deleted_at` timestamp NULL DEFAULT NULL,
  PRIMARY KEY (`id`),
  KEY `areas_city_id_foreign` (`city_id`),
  CONSTRAINT `areas_city_id_foreign` FOREIGN KEY (`city_id`) REFERENCES `cities` (`id`) ON DELETE CASCADE ON UPDATE CASCADE
) ENGINE=InnoDB AUTO_INCREMENT=1171 DEFAULT CHARSET=utf8mb4 COLLATE=utf8mb4_unicode_ci;

/*Data for the table `areas` */

insert  into `areas`(`id`,`city_id`,`created_at`,`updated_at`,`deleted_at`) values (1,1,'2018-07-17 05:11:19','2018-07-17 05:11:19',NULL),(2,1,'2018-07-17 05:11:19','2018-07-17 05:11:19',NULL),(3,1,'2018-07-17 05:11:19','2018-07-17 05:11:19',NULL),(4,1,'2018-07-17 05:11:19','2018-07-17 05:11:19',NULL),(5,1,'2018-07-17 05:11:19','2018-07-17 05:11:19',NULL),(6,1,'2018-07-17 05:11:19','2018-07-17 05:11:19',NULL),(7,1,'2018-07-17 05:11:19','2018-07-17 05:11:19',NULL),(8,1,'2018-07-17 05:11:19','2018-07-17 05:11:19',NULL),(9,1,'2018-07-17 05:11:19','2018-07-17 05:11:19',NULL),(10,1,'2018-07-17 05:11:19','2018-07-17 05:11:19',NULL),(11,1,'2018-07-17 05:11:19','2018-07-17 05:11:19',NULL),(12,1,'2018-07-17 05:11:19','2018-07-17 05:11:19',NULL),(13,1,'2018-07-17 05:11:19','2018-07-17 05:11:19',NULL),(14,1,'2018-07-17 05:11:19','2018-07-17 05:11:19',NULL),(15,1,'2018-07-17 05:11:19','2018-07-17 05:11:19',NULL),(16,1,'2018-07-17 05:11:19','2018-07-17 05:11:19',NULL),(17,1,'2018-07-17 05:11:19','2018-07-17 05:11:19',NULL),(18,1,'2018-07-17 05:11:19','2018-07-17 05:11:19',NULL),(19,1,'2018-07-17 05:11:19','2018-07-17 05:11:19',NULL),(20,1,'2018-07-17 05:11:19','2018-07-17 05:11:19',NULL),(21,1,'2018-07-17 05:11:19','2018-07-17 05:11:19',NULL),(22,1,'2018-07-17 05:11:19','2018-07-17 05:11:19',NULL),(23,1,'2018-07-17 05:11:19','2018-07-17 05:11:19',NULL),(24,1,'2018-07-17 05:11:19','2018-07-17 05:11:19',NULL),(25,1,'2018-07-17 05:11:19','2018-07-17 05:11:19',NULL),(26,1,'2018-07-17 05:11:19','2018-07-17 05:11:19',NULL),(27,1,'2018-07-17 05:11:19','2018-07-17 05:11:19',NULL),(28,1,'2018-07-17 05:11:19','2018-07-17 05:11:19',NULL),(29,1,'2018-07-17 05:11:19','2018-07-17 05:11:19',NULL),(30,1,'2018-07-17 05:11:19','2018-07-17 05:11:19',NULL),(31,1,'2018-07-17 05:11:19','2018-07-17 05:11:19',NULL),(32,1,'2018-07-17 05:11:19','2018-07-17 05:11:19',NULL),(33,1,'2018-07-17 05:11:19','2018-07-17 05:11:19',NULL),(34,1,'2018-07-17 05:11:19','2018-07-17 05:11:19',NULL),(35,1,'2018-07-17 05:11:19','2018-07-17 05:11:19',NULL),(36,1,'2018-07-17 05:11:19','2018-07-17 05:11:19',NULL),(37,1,'2018-07-17 05:11:19','2018-07-17 05:11:19',NULL),(38,1,'2018-07-17 05:11:19','2018-07-17 05:11:19',NULL),(39,1,'2018-07-17 05:11:19','2018-07-17 05:11:19',NULL),(40,1,'2018-07-17 05:11:19','2018-07-17 05:11:19',NULL),(41,1,'2018-07-17 05:11:19','2018-07-17 05:11:19',NULL),(42,1,'2018-07-17 05:11:19','2018-07-17 05:11:19',NULL),(43,1,'2018-07-17 05:11:19','2018-07-17 05:11:19',NULL),(44,1,'2018-07-17 05:11:19','2018-07-17 05:11:19',NULL),(45,1,'2018-07-17 05:11:19','2018-07-17 05:11:19',NULL),(46,1,'2018-07-17 05:11:19','2018-07-17 05:11:19',NULL),(47,1,'2018-07-17 05:11:19','2018-07-17 05:11:19',NULL),(48,1,'2018-07-17 05:11:19','2018-07-17 05:11:19',NULL),(49,1,'2018-07-17 05:11:19','2018-07-17 05:11:19',NULL),(50,1,'2018-07-17 05:11:19','2018-07-17 05:11:19',NULL),(51,1,'2018-07-17 05:11:19','2018-07-17 05:11:19',NULL),(52,1,'2018-07-17 05:11:19','2018-07-17 05:11:19',NULL),(53,1,'2018-07-17 05:11:19','2018-07-17 05:11:19',NULL),(54,1,'2018-07-17 05:11:19','2018-07-17 05:11:19',NULL),(55,1,'2018-07-17 05:11:19','2018-07-17 05:11:19',NULL),(56,1,'2018-07-17 05:11:19','2018-07-17 05:11:19',NULL),(57,1,'2018-07-17 05:11:19','2018-07-17 05:11:19',NULL),(58,1,'2018-07-17 05:11:19','2018-07-17 05:11:19',NULL),(59,1,'2018-07-17 05:11:19','2018-07-17 05:11:19',NULL),(60,1,'2018-07-17 05:11:19','2018-07-17 05:11:19',NULL),(61,1,'2018-07-17 05:11:19','2018-07-17 05:11:19',NULL),(62,1,'2018-07-17 05:11:19','2018-07-17 05:11:19',NULL),(63,1,'2018-07-17 05:11:19','2018-07-17 05:11:19',NULL),(64,1,'2018-07-17 05:11:19','2018-07-17 05:11:19',NULL),(65,1,'2018-07-17 05:11:19','2018-07-17 05:11:19',NULL),(66,1,'2018-07-17 05:11:19','2018-07-17 05:11:19',NULL),(67,1,'2018-07-17 05:11:19','2018-07-17 05:11:19',NULL),(68,1,'2018-07-17 05:11:19','2018-07-17 05:11:19',NULL),(69,1,'2018-07-17 05:11:19','2018-07-17 05:11:19',NULL),(70,1,'2018-07-17 05:11:19','2018-07-17 05:11:19',NULL),(71,1,'2018-07-17 05:11:19','2018-07-17 05:11:19',NULL),(72,1,'2018-07-17 05:11:19','2018-07-17 05:11:19',NULL),(73,1,'2018-07-17 05:11:19','2018-07-17 05:11:19',NULL),(74,1,'2018-07-17 05:11:19','2018-07-17 05:11:19',NULL),(75,1,'2018-07-17 05:11:19','2018-07-17 05:11:19',NULL),(76,1,'2018-07-17 05:11:19','2018-07-17 05:11:19',NULL),(77,1,'2018-07-17 05:11:19','2018-07-17 05:11:19',NULL),(78,1,'2018-07-17 05:11:19','2018-07-17 05:11:19',NULL),(79,1,'2018-07-17 05:11:19','2018-07-17 05:11:19',NULL),(80,1,'2018-07-17 05:11:19','2018-07-17 05:11:19',NULL),(81,1,'2018-07-17 05:11:19','2018-07-17 05:11:19',NULL),(82,1,'2018-07-17 05:11:19','2018-07-17 05:11:19',NULL),(83,1,'2018-07-17 05:11:19','2018-07-17 05:11:19',NULL),(84,1,'2018-07-17 05:11:19','2018-07-17 05:11:19',NULL),(85,1,'2018-07-17 05:11:19','2018-07-17 05:11:19',NULL),(86,1,'2018-07-17 05:11:19','2018-07-17 05:11:19',NULL),(87,1,'2018-07-17 05:11:19','2018-07-17 05:11:19',NULL),(88,1,'2018-07-17 05:11:19','2018-07-17 05:11:19',NULL),(89,1,'2018-07-17 05:11:19','2018-07-17 05:11:19',NULL),(90,1,'2018-07-17 05:11:19','2018-07-17 05:11:19',NULL),(91,1,'2018-07-17 05:11:19','2018-07-17 05:11:19',NULL),(92,1,'2018-07-17 05:11:19','2018-07-17 05:11:19',NULL),(93,1,'2018-07-17 05:11:19','2018-07-17 05:11:19',NULL),(94,1,'2018-07-17 05:11:19','2018-07-17 05:11:19',NULL),(95,1,'2018-07-17 05:11:19','2018-07-17 05:11:19',NULL),(96,1,'2018-07-17 05:11:19','2018-07-17 05:11:19',NULL),(97,1,'2018-07-17 05:11:19','2018-07-17 05:11:19',NULL),(98,1,'2018-07-17 05:11:19','2018-07-17 05:11:19',NULL),(99,1,'2018-07-17 05:11:19','2018-07-17 05:11:19',NULL),(100,1,'2018-07-17 05:11:19','2018-07-17 05:11:19',NULL),(101,1,'2018-07-17 05:11:19','2018-07-17 05:11:19',NULL),(102,1,'2018-07-17 05:11:19','2018-07-17 05:11:19',NULL),(103,1,'2018-07-17 05:11:19','2018-07-17 05:11:19',NULL),(104,1,'2018-07-17 05:11:19','2018-07-17 05:11:19',NULL),(105,1,'2018-07-17 05:11:19','2018-07-17 05:11:19',NULL),(106,1,'2018-07-17 05:11:19','2018-07-17 05:11:19',NULL),(107,1,'2018-07-17 05:11:19','2018-07-17 05:11:19',NULL),(108,1,'2018-07-17 05:11:19','2018-07-17 05:11:19',NULL),(109,1,'2018-07-17 05:11:19','2018-07-17 05:11:19',NULL),(110,1,'2018-07-17 05:11:19','2018-07-17 05:11:19',NULL),(111,1,'2018-07-17 05:11:19','2018-07-17 05:11:19',NULL),(112,1,'2018-07-17 05:11:19','2018-07-17 05:11:19',NULL),(113,1,'2018-07-17 05:11:19','2018-07-17 05:11:19',NULL),(114,1,'2018-07-17 05:11:19','2018-07-17 05:11:19',NULL),(115,1,'2018-07-17 05:11:19','2018-07-17 05:11:19',NULL),(116,1,'2018-07-17 05:11:19','2018-07-17 05:11:19',NULL),(117,1,'2018-07-17 05:11:19','2018-07-17 05:11:19',NULL),(118,1,'2018-07-17 05:11:19','2018-07-17 05:11:19',NULL),(119,1,'2018-07-17 05:11:19','2018-07-17 05:11:19',NULL),(120,1,'2018-07-17 05:11:19','2018-07-17 05:11:19',NULL),(121,1,'2018-07-17 05:11:19','2018-07-17 05:11:19',NULL),(122,1,'2018-07-17 05:11:19','2018-07-17 05:11:19',NULL),(123,1,'2018-07-17 05:11:19','2018-07-17 05:11:19',NULL),(124,1,'2018-07-17 05:11:19','2018-07-17 05:11:19',NULL),(125,1,'2018-07-17 05:11:19','2018-07-17 05:11:19',NULL),(126,1,'2018-07-17 05:11:19','2018-07-17 05:11:19',NULL),(127,1,'2018-07-17 05:11:19','2018-07-17 05:11:19',NULL),(128,1,'2018-07-17 05:11:19','2018-07-17 05:11:19',NULL),(129,1,'2018-07-17 05:11:19','2018-07-17 05:11:19',NULL),(130,1,'2018-07-17 05:11:19','2018-07-17 05:11:19',NULL),(131,1,'2018-07-17 05:11:19','2018-07-17 05:11:19',NULL),(132,1,'2018-07-17 05:11:19','2018-07-17 05:11:19',NULL),(133,1,'2018-07-17 05:11:19','2018-07-17 05:11:19',NULL),(134,1,'2018-07-17 05:11:19','2018-07-17 05:11:19',NULL),(135,1,'2018-07-17 05:11:19','2018-07-17 05:11:19',NULL),(136,1,'2018-07-17 05:11:19','2018-07-17 05:11:19',NULL),(137,1,'2018-07-17 05:11:19','2018-07-17 05:11:19',NULL),(138,1,'2018-07-17 05:11:19','2018-07-17 05:11:19',NULL),(139,1,'2018-07-17 05:11:19','2018-07-17 05:11:19',NULL),(140,1,'2018-07-17 05:11:19','2018-07-17 05:11:19',NULL),(141,1,'2018-07-17 05:11:19','2018-07-17 05:11:19',NULL),(142,1,'2018-07-17 05:11:19','2018-07-17 05:11:19',NULL),(143,1,'2018-07-17 05:11:19','2018-07-17 05:11:19',NULL),(144,1,'2018-07-17 05:11:19','2018-07-17 05:11:19',NULL),(145,1,'2018-07-17 05:11:19','2018-07-17 05:11:19',NULL),(146,1,'2018-07-17 05:11:19','2018-07-17 05:11:19',NULL),(147,1,'2018-07-17 05:11:19','2018-07-17 05:11:19',NULL),(148,1,'2018-07-17 05:11:19','2018-07-17 05:11:19',NULL),(149,1,'2018-07-17 05:11:19','2018-07-17 05:11:19',NULL),(150,1,'2018-07-17 05:11:19','2018-07-17 05:11:19',NULL),(151,1,'2018-07-17 05:11:19','2018-07-17 05:11:19',NULL),(152,1,'2018-07-17 05:11:19','2018-07-17 05:11:19',NULL),(153,1,'2018-07-17 05:11:19','2018-07-17 05:11:19',NULL),(154,1,'2018-07-17 05:11:19','2018-07-17 05:11:19',NULL),(155,1,'2018-07-17 05:11:19','2018-07-17 05:11:19',NULL),(156,1,'2018-07-17 05:11:19','2018-07-17 05:11:19',NULL),(157,1,'2018-07-17 05:11:19','2018-07-17 05:11:19',NULL),(158,1,'2018-07-17 05:11:19','2018-07-17 05:11:19',NULL),(159,1,'2018-07-17 05:11:19','2018-07-17 05:11:19',NULL),(160,1,'2018-07-17 05:11:19','2018-07-17 05:11:19',NULL),(161,1,'2018-07-17 05:11:19','2018-07-17 05:11:19',NULL),(162,1,'2018-07-17 05:11:19','2018-07-17 05:11:19',NULL),(163,1,'2018-07-17 05:11:19','2018-07-17 05:11:19',NULL),(164,1,'2018-07-17 05:11:19','2018-07-17 05:11:19',NULL),(165,1,'2018-07-17 05:11:19','2018-07-17 05:11:19',NULL),(166,1,'2018-07-17 05:11:19','2018-07-17 05:11:19',NULL),(167,1,'2018-07-17 05:11:19','2018-07-17 05:11:19',NULL),(168,1,'2018-07-17 05:11:19','2018-07-17 05:11:19',NULL),(169,1,'2018-07-17 05:11:19','2018-07-17 05:11:19',NULL),(170,1,'2018-07-17 05:11:19','2018-07-17 05:11:19',NULL),(171,1,'2018-07-17 05:11:19','2018-07-17 05:11:19',NULL),(172,1,'2018-07-17 05:11:19','2018-07-17 05:11:19',NULL),(173,1,'2018-07-17 05:11:19','2018-07-17 05:11:19',NULL),(174,1,'2018-07-17 05:11:19','2018-07-17 05:11:19',NULL),(175,1,'2018-07-17 05:11:19','2018-07-17 05:11:19',NULL),(176,1,'2018-07-17 05:11:19','2018-07-17 05:11:19',NULL),(177,1,'2018-07-17 05:11:19','2018-07-17 05:11:19',NULL),(178,1,'2018-07-17 05:11:19','2018-07-17 05:11:19',NULL),(179,1,'2018-07-17 05:11:19','2018-07-17 05:11:19',NULL),(180,1,'2018-07-17 05:11:19','2018-07-17 05:11:19',NULL),(181,2,'2018-07-17 05:11:19','2018-07-17 05:11:19',NULL),(182,2,'2018-07-17 05:11:19','2018-07-17 05:11:19',NULL),(183,2,'2018-07-17 05:11:19','2018-07-17 05:11:19',NULL),(184,2,'2018-07-17 05:11:19','2018-07-17 05:11:19',NULL),(185,2,'2018-07-17 05:11:19','2018-07-17 05:11:19',NULL),(186,2,'2018-07-17 05:11:19','2018-07-17 05:11:19',NULL),(187,2,'2018-07-17 05:11:19','2018-07-17 05:11:19',NULL),(188,2,'2018-07-17 05:11:19','2018-07-17 05:11:19',NULL),(189,2,'2018-07-17 05:11:19','2018-07-17 05:11:19',NULL),(190,2,'2018-07-17 05:11:19','2018-07-17 05:11:19',NULL),(191,2,'2018-07-17 05:11:19','2018-07-17 05:11:19',NULL),(192,2,'2018-07-17 05:11:19','2018-07-17 05:11:19',NULL),(193,2,'2018-07-17 05:11:19','2018-07-17 05:11:19',NULL),(194,2,'2018-07-17 05:11:19','2018-07-17 05:11:19',NULL),(195,2,'2018-07-17 05:11:19','2018-07-17 05:11:19',NULL),(196,2,'2018-07-17 05:11:19','2018-07-17 05:11:19',NULL),(197,2,'2018-07-17 05:11:19','2018-07-17 05:11:19',NULL),(198,2,'2018-07-17 05:11:19','2018-07-17 05:11:19',NULL),(199,2,'2018-07-17 05:11:19','2018-07-17 05:11:19',NULL),(200,2,'2018-07-17 05:11:19','2018-07-17 05:11:19',NULL),(201,2,'2018-07-17 05:11:19','2018-07-17 05:11:19',NULL),(202,2,'2018-07-17 05:11:19','2018-07-17 05:11:19',NULL),(203,2,'2018-07-17 05:11:19','2018-07-17 05:11:19',NULL),(204,2,'2018-07-17 05:11:19','2018-07-17 05:11:19',NULL),(205,2,'2018-07-17 05:11:19','2018-07-17 05:11:19',NULL),(206,2,'2018-07-17 05:11:19','2018-07-17 05:11:19',NULL),(207,2,'2018-07-17 05:11:19','2018-07-17 05:11:19',NULL),(208,2,'2018-07-17 05:11:19','2018-07-17 05:11:19',NULL),(209,2,'2018-07-17 05:11:19','2018-07-17 05:11:19',NULL),(210,2,'2018-07-17 05:11:19','2018-07-17 05:11:19',NULL),(211,2,'2018-07-17 05:11:19','2018-07-17 05:11:19',NULL),(212,2,'2018-07-17 05:11:19','2018-07-17 05:11:19',NULL),(213,2,'2018-07-17 05:11:19','2018-07-17 05:11:19',NULL),(214,2,'2018-07-17 05:11:19','2018-07-17 05:11:19',NULL),(215,2,'2018-07-17 05:11:19','2018-07-17 05:11:19',NULL),(216,2,'2018-07-17 05:11:19','2018-07-17 05:11:19',NULL),(217,2,'2018-07-17 05:11:19','2018-07-17 05:11:19',NULL),(218,2,'2018-07-17 05:11:19','2018-07-17 05:11:19',NULL),(219,2,'2018-07-17 05:11:19','2018-07-17 05:11:19',NULL),(220,2,'2018-07-17 05:11:19','2018-07-17 05:11:19',NULL),(221,2,'2018-07-17 05:11:19','2018-07-17 05:11:19',NULL),(222,2,'2018-07-17 05:11:19','2018-07-17 05:11:19',NULL),(223,2,'2018-07-17 05:11:19','2018-07-17 05:11:19',NULL),(224,2,'2018-07-17 05:11:19','2018-07-17 05:11:19',NULL),(225,2,'2018-07-17 05:11:19','2018-07-17 05:11:19',NULL),(226,2,'2018-07-17 05:11:19','2018-07-17 05:11:19',NULL),(227,2,'2018-07-17 05:11:19','2018-07-17 05:11:19',NULL),(228,2,'2018-07-17 05:11:19','2018-07-17 05:11:19',NULL),(229,2,'2018-07-17 05:11:19','2018-07-17 05:11:19',NULL),(230,2,'2018-07-17 05:11:19','2018-07-17 05:11:19',NULL),(231,2,'2018-07-17 05:11:19','2018-07-17 05:11:19',NULL),(232,2,'2018-07-17 05:11:19','2018-07-17 05:11:19',NULL),(233,2,'2018-07-17 05:11:19','2018-07-17 05:11:19',NULL),(234,2,'2018-07-17 05:11:19','2018-07-17 05:11:19',NULL),(235,2,'2018-07-17 05:11:19','2018-07-17 05:11:19',NULL),(236,2,'2018-07-17 05:11:19','2018-07-17 05:11:19',NULL),(237,2,'2018-07-17 05:11:19','2018-07-17 05:11:19',NULL),(238,2,'2018-07-17 05:11:19','2018-07-17 05:11:19',NULL),(239,2,'2018-07-17 05:11:19','2018-07-17 05:11:19',NULL),(240,2,'2018-07-17 05:11:19','2018-07-17 05:11:19',NULL),(241,2,'2018-07-17 05:11:19','2018-07-17 05:11:19',NULL),(242,2,'2018-07-17 05:11:19','2018-07-17 05:11:19',NULL),(243,2,'2018-07-17 05:11:19','2018-07-17 05:11:19',NULL),(244,2,'2018-07-17 05:11:19','2018-07-17 05:11:19',NULL),(245,2,'2018-07-17 05:11:19','2018-07-17 05:11:19',NULL),(246,2,'2018-07-17 05:11:19','2018-07-17 05:11:19',NULL),(247,3,'2018-07-17 05:11:19','2018-07-17 05:11:19',NULL),(248,3,'2018-07-17 05:11:19','2018-07-17 05:11:19',NULL),(249,3,'2018-07-17 05:11:19','2018-07-17 05:11:19',NULL),(250,3,'2018-07-17 05:11:19','2018-07-17 05:11:19',NULL),(251,3,'2018-07-17 05:11:19','2018-07-17 05:11:19',NULL),(252,3,'2018-07-17 05:11:19','2018-07-17 05:11:19',NULL),(253,3,'2018-07-17 05:11:19','2018-07-17 05:11:19',NULL),(254,3,'2018-07-17 05:11:19','2018-07-17 05:11:19',NULL),(255,3,'2018-07-17 05:11:19','2018-07-17 05:11:19',NULL),(256,3,'2018-07-17 05:11:19','2018-07-17 05:11:19',NULL),(257,3,'2018-07-17 05:11:19','2018-07-17 05:11:19',NULL),(258,3,'2018-07-17 05:11:19','2018-07-17 05:11:19',NULL),(259,3,'2018-07-17 05:11:19','2018-07-17 05:11:19',NULL),(260,3,'2018-07-17 05:11:19','2018-07-17 05:11:19',NULL),(261,3,'2018-07-17 05:11:19','2018-07-17 05:11:19',NULL),(262,3,'2018-07-17 05:11:19','2018-07-17 05:11:19',NULL),(263,3,'2018-07-17 05:11:19','2018-07-17 05:11:19',NULL),(264,3,'2018-07-17 05:11:19','2018-07-17 05:11:19',NULL),(265,3,'2018-07-17 05:11:19','2018-07-17 05:11:19',NULL),(266,3,'2018-07-17 05:11:19','2018-07-17 05:11:19',NULL),(267,3,'2018-07-17 05:11:19','2018-07-17 05:11:19',NULL),(268,3,'2018-07-17 05:11:19','2018-07-17 05:11:19',NULL),(269,3,'2018-07-17 05:11:19','2018-07-17 05:11:19',NULL),(270,3,'2018-07-17 05:11:19','2018-07-17 05:11:19',NULL),(271,3,'2018-07-17 05:11:19','2018-07-17 05:11:19',NULL),(272,3,'2018-07-17 05:11:19','2018-07-17 05:11:19',NULL),(273,3,'2018-07-17 05:11:19','2018-07-17 05:11:19',NULL),(274,3,'2018-07-17 05:11:19','2018-07-17 05:11:19',NULL),(275,3,'2018-07-17 05:11:19','2018-07-17 05:11:19',NULL),(276,3,'2018-07-17 05:11:19','2018-07-17 05:11:19',NULL),(277,3,'2018-07-17 05:11:19','2018-07-17 05:11:19',NULL),(278,3,'2018-07-17 05:11:19','2018-07-17 05:11:19',NULL),(279,3,'2018-07-17 05:11:19','2018-07-17 05:11:19',NULL),(280,3,'2018-07-17 05:11:19','2018-07-17 05:11:19',NULL),(281,3,'2018-07-17 05:11:19','2018-07-17 05:11:19',NULL),(282,3,'2018-07-17 05:11:19','2018-07-17 05:11:19',NULL),(283,3,'2018-07-17 05:11:19','2018-07-17 05:11:19',NULL),(284,3,'2018-07-17 05:11:19','2018-07-17 05:11:19',NULL),(285,3,'2018-07-17 05:11:19','2018-07-17 05:11:19',NULL),(286,3,'2018-07-17 05:11:19','2018-07-17 05:11:19',NULL),(287,3,'2018-07-17 05:11:19','2018-07-17 05:11:19',NULL),(288,3,'2018-07-17 05:11:19','2018-07-17 05:11:19',NULL),(289,3,'2018-07-17 05:11:19','2018-07-17 05:11:19',NULL),(290,3,'2018-07-17 05:11:19','2018-07-17 05:11:19',NULL),(291,3,'2018-07-17 05:11:19','2018-07-17 05:11:19',NULL),(292,3,'2018-07-17 05:11:19','2018-07-17 05:11:19',NULL),(293,3,'2018-07-17 05:11:19','2018-07-17 05:11:19',NULL),(294,3,'2018-07-17 05:11:19','2018-07-17 05:11:19',NULL),(295,3,'2018-07-17 05:11:19','2018-07-17 05:11:19',NULL),(296,3,'2018-07-17 05:11:19','2018-07-17 05:11:19',NULL),(297,3,'2018-07-17 05:11:19','2018-07-17 05:11:19',NULL),(298,3,'2018-07-17 05:11:19','2018-07-17 05:11:19',NULL),(299,3,'2018-07-17 05:11:19','2018-07-17 05:11:19',NULL),(300,3,'2018-07-17 05:11:19','2018-07-17 05:11:19',NULL),(301,3,'2018-07-17 05:11:19','2018-07-17 05:11:19',NULL),(302,3,'2018-07-17 05:11:19','2018-07-17 05:11:19',NULL),(303,3,'2018-07-17 05:11:19','2018-07-17 05:11:19',NULL),(304,3,'2018-07-17 05:11:19','2018-07-17 05:11:19',NULL),(305,3,'2018-07-17 05:11:19','2018-07-17 05:11:19',NULL),(306,3,'2018-07-17 05:11:19','2018-07-17 05:11:19',NULL),(307,3,'2018-07-17 05:11:19','2018-07-17 05:11:19',NULL),(308,3,'2018-07-17 05:11:19','2018-07-17 05:11:19',NULL),(309,3,'2018-07-17 05:11:19','2018-07-17 05:11:19',NULL),(310,3,'2018-07-17 05:11:19','2018-07-17 05:11:19',NULL),(311,3,'2018-07-17 05:11:19','2018-07-17 05:11:19',NULL),(312,3,'2018-07-17 05:11:19','2018-07-17 05:11:19',NULL),(313,3,'2018-07-17 05:11:19','2018-07-17 05:11:19',NULL),(314,3,'2018-07-17 05:11:19','2018-07-17 05:11:19',NULL),(315,3,'2018-07-17 05:11:19','2018-07-17 05:11:19',NULL),(316,3,'2018-07-17 05:11:19','2018-07-17 05:11:19',NULL),(317,3,'2018-07-17 05:11:19','2018-07-17 05:11:19',NULL),(318,3,'2018-07-17 05:11:19','2018-07-17 05:11:19',NULL),(319,3,'2018-07-17 05:11:19','2018-07-17 05:11:19',NULL),(320,3,'2018-07-17 05:11:19','2018-07-17 05:11:19',NULL),(321,3,'2018-07-17 05:11:19','2018-07-17 05:11:19',NULL),(322,3,'2018-07-17 05:11:19','2018-07-17 05:11:19',NULL),(323,3,'2018-07-17 05:11:19','2018-07-17 05:11:19',NULL),(324,3,'2018-07-17 05:11:19','2018-07-17 05:11:19',NULL),(325,3,'2018-07-17 05:11:19','2018-07-17 05:11:19',NULL),(326,3,'2018-07-17 05:11:19','2018-07-17 05:11:19',NULL),(327,3,'2018-07-17 05:11:19','2018-07-17 05:11:19',NULL),(328,3,'2018-07-17 05:11:19','2018-07-17 05:11:19',NULL),(329,3,'2018-07-17 05:11:19','2018-07-17 05:11:19',NULL),(330,3,'2018-07-17 05:11:19','2018-07-17 05:11:19',NULL),(331,3,'2018-07-17 05:11:19','2018-07-17 05:11:19',NULL),(332,3,'2018-07-17 05:11:19','2018-07-17 05:11:19',NULL),(333,3,'2018-07-17 05:11:19','2018-07-17 05:11:19',NULL),(334,3,'2018-07-17 05:11:19','2018-07-17 05:11:19',NULL),(335,3,'2018-07-17 05:11:19','2018-07-17 05:11:19',NULL),(336,3,'2018-07-17 05:11:19','2018-07-17 05:11:19',NULL),(337,3,'2018-07-17 05:11:19','2018-07-17 05:11:19',NULL),(344,4,'2018-07-17 05:11:19','2018-07-17 05:11:19',NULL),(345,4,'2018-07-17 05:11:19','2018-07-17 05:11:19',NULL),(346,4,'2018-07-17 05:11:19','2018-07-17 05:11:19',NULL),(347,4,'2018-07-17 05:11:19','2018-07-17 05:11:19',NULL),(348,4,'2018-07-17 05:11:19','2018-07-17 05:11:19',NULL),(349,4,'2018-07-17 05:11:19','2018-07-17 05:11:19',NULL),(350,4,'2018-07-17 05:11:19','2018-07-17 05:11:19',NULL),(351,4,'2018-07-17 05:11:19','2018-07-17 05:11:19',NULL),(352,4,'2018-07-17 05:11:19','2018-07-17 05:11:19',NULL),(353,4,'2018-07-17 05:11:19','2018-07-17 05:11:19',NULL),(354,4,'2018-07-17 05:11:19','2018-07-17 05:11:19',NULL),(355,4,'2018-07-17 05:11:19','2018-07-17 05:11:19',NULL),(356,4,'2018-07-17 05:11:19','2018-07-17 05:11:19',NULL),(357,4,'2018-07-17 05:11:19','2018-07-17 05:11:19',NULL),(358,4,'2018-07-17 05:11:19','2018-07-17 05:11:19',NULL),(359,4,'2018-07-17 05:11:19','2018-07-17 05:11:19',NULL),(360,4,'2018-07-17 05:11:19','2018-07-17 05:11:19',NULL),(361,4,'2018-07-17 05:11:19','2018-07-17 05:11:19',NULL),(362,4,'2018-07-17 05:11:19','2018-07-17 05:11:19',NULL),(363,4,'2018-07-17 05:11:19','2018-07-17 05:11:19',NULL),(364,4,'2018-07-17 05:11:19','2018-07-17 05:11:19',NULL),(365,4,'2018-07-17 05:11:19','2018-07-17 05:11:19',NULL),(366,4,'2018-07-17 05:11:19','2018-07-17 05:11:19',NULL),(367,4,'2018-07-17 05:11:19','2018-07-17 05:11:19',NULL),(368,4,'2018-07-17 05:11:19','2018-07-17 05:11:19',NULL),(369,4,'2018-07-17 05:11:19','2018-07-17 05:11:19',NULL),(370,4,'2018-07-17 05:11:19','2018-07-17 05:11:19',NULL),(371,4,'2018-07-17 05:11:19','2018-07-17 05:11:19',NULL),(372,4,'2018-07-17 05:11:19','2018-07-17 05:11:19',NULL),(373,5,'2018-07-17 05:11:19','2018-07-17 05:11:19',NULL),(374,5,'2018-07-17 05:11:19','2018-07-17 05:11:19',NULL),(375,5,'2018-07-17 05:11:19','2018-07-17 05:11:19',NULL),(376,5,'2018-07-17 05:11:19','2018-07-17 05:11:19',NULL),(377,5,'2018-07-17 05:11:19','2018-07-17 05:11:19',NULL),(378,5,'2018-07-17 05:11:19','2018-07-17 05:11:19',NULL),(379,5,'2018-07-17 05:11:19','2018-07-17 05:11:19',NULL),(380,5,'2018-07-17 05:11:19','2018-07-17 05:11:19',NULL),(381,5,'2018-07-17 05:11:19','2018-07-17 05:11:19',NULL),(382,5,'2018-07-17 05:11:19','2018-07-17 05:11:19',NULL),(383,5,'2018-07-17 05:11:19','2018-07-17 05:11:19',NULL),(384,5,'2018-07-17 05:11:19','2018-07-17 05:11:19',NULL),(385,5,'2018-07-17 05:11:19','2018-07-17 05:11:19',NULL),(386,5,'2018-07-17 05:11:19','2018-07-17 05:11:19',NULL),(387,5,'2018-07-17 05:11:19','2018-07-17 05:11:19',NULL),(388,5,'2018-07-17 05:11:19','2018-07-17 05:11:19',NULL),(389,5,'2018-07-17 05:11:19','2018-07-17 05:11:19',NULL),(390,5,'2018-07-17 05:11:19','2018-07-17 05:11:19',NULL),(391,5,'2018-07-17 05:11:19','2018-07-17 05:11:19',NULL),(392,5,'2018-07-17 05:11:19','2018-07-17 05:11:19',NULL),(393,5,'2018-07-17 05:11:19','2018-07-17 05:11:19',NULL),(394,5,'2018-07-17 05:11:19','2018-07-17 05:11:19',NULL),(395,5,'2018-07-17 05:11:19','2018-07-17 05:11:19',NULL),(396,5,'2018-07-17 05:11:19','2018-07-17 05:11:19',NULL),(397,5,'2018-07-17 05:11:19','2018-07-17 05:11:19',NULL),(398,5,'2018-07-17 05:11:19','2018-07-17 05:11:19',NULL),(399,5,'2018-07-17 05:11:19','2018-07-17 05:11:19',NULL),(400,5,'2018-07-17 05:11:19','2018-07-17 05:11:19',NULL),(401,5,'2018-07-17 05:11:19','2018-07-17 05:11:19',NULL),(402,5,'2018-07-17 05:11:19','2018-07-17 05:11:19',NULL),(403,5,'2018-07-17 05:11:19','2018-07-17 05:11:19',NULL),(404,5,'2018-07-17 05:11:19','2018-07-17 05:11:19',NULL),(405,5,'2018-07-17 05:11:19','2018-07-17 05:11:19',NULL),(406,5,'2018-07-17 05:11:19','2018-07-17 05:11:19',NULL),(407,6,'2018-07-17 05:11:19','2018-07-17 05:11:19',NULL),(408,6,'2018-07-17 05:11:19','2018-07-17 05:11:19',NULL),(409,6,'2018-07-17 05:11:19','2018-07-17 05:11:19',NULL),(410,6,'2018-07-17 05:11:19','2018-07-17 05:11:19',NULL),(411,6,'2018-07-17 05:11:19','2018-07-17 05:11:19',NULL),(412,6,'2018-07-17 05:11:19','2018-07-17 05:11:19',NULL),(413,6,'2018-07-17 05:11:19','2018-07-17 05:11:19',NULL),(414,6,'2018-07-17 05:11:19','2018-07-17 05:11:19',NULL),(415,6,'2018-07-17 05:11:19','2018-07-17 05:11:19',NULL),(416,6,'2018-07-17 05:11:19','2018-07-17 05:11:19',NULL),(417,6,'2018-07-17 05:11:19','2018-07-17 05:11:19',NULL),(418,6,'2018-07-17 05:11:19','2018-07-17 05:11:19',NULL),(419,6,'2018-07-17 05:11:19','2018-07-17 05:11:19',NULL),(420,6,'2018-07-17 05:11:19','2018-07-17 05:11:19',NULL),(421,6,'2018-07-17 05:11:19','2018-07-17 05:11:19',NULL),(422,6,'2018-07-17 05:11:19','2018-07-17 05:11:19',NULL),(423,6,'2018-07-17 05:11:19','2018-07-17 05:11:19',NULL),(424,6,'2018-07-17 05:11:19','2018-07-17 05:11:19',NULL),(425,6,'2018-07-17 05:11:19','2018-07-17 05:11:19',NULL),(426,6,'2018-07-17 05:11:19','2018-07-17 05:11:19',NULL),(427,6,'2018-07-17 05:11:19','2018-07-17 05:11:19',NULL),(428,6,'2018-07-17 05:11:19','2018-07-17 05:11:19',NULL),(429,6,'2018-07-17 05:11:19','2018-07-17 05:11:19',NULL),(430,6,'2018-07-17 05:11:19','2018-07-17 05:11:19',NULL),(431,6,'2018-07-17 05:11:19','2018-07-17 05:11:19',NULL),(432,6,'2018-07-17 05:11:19','2018-07-17 05:11:19',NULL),(433,6,'2018-07-17 05:11:19','2018-07-17 05:11:19',NULL),(434,6,'2018-07-17 05:11:19','2018-07-17 05:11:19',NULL),(435,6,'2018-07-17 05:11:19','2018-07-17 05:11:19',NULL),(436,6,'2018-07-17 05:11:19','2018-07-17 05:11:19',NULL),(437,7,'2018-07-17 05:11:19','2018-07-17 05:11:19',NULL),(438,7,'2018-07-17 05:11:19','2018-07-17 05:11:19',NULL),(439,7,'2018-07-17 05:11:19','2018-07-17 05:11:19',NULL),(440,7,'2018-07-17 05:11:19','2018-07-17 05:11:19',NULL),(441,7,'2018-07-17 05:11:19','2018-07-17 05:11:19',NULL),(442,7,'2018-07-17 05:11:19','2018-07-17 05:11:19',NULL),(443,7,'2018-07-17 05:11:19','2018-07-17 05:11:19',NULL),(444,7,'2018-07-17 05:11:19','2018-07-17 05:11:19',NULL),(445,7,'2018-07-17 05:11:19','2018-07-17 05:11:19',NULL),(446,7,'2018-07-17 05:11:19','2018-07-17 05:11:19',NULL),(447,7,'2018-07-17 05:11:19','2018-07-17 05:11:19',NULL),(448,7,'2018-07-17 05:11:19','2018-07-17 05:11:19',NULL),(449,7,'2018-07-17 05:11:19','2018-07-17 05:11:19',NULL),(450,7,'2018-07-17 05:11:19','2018-07-17 05:11:19',NULL),(451,7,'2018-07-17 05:11:19','2018-07-17 05:11:19',NULL),(452,7,'2018-07-17 05:11:19','2018-07-17 05:11:19',NULL),(453,7,'2018-07-17 05:11:19','2018-07-17 05:11:19',NULL),(454,7,'2018-07-17 05:11:19','2018-07-17 05:11:19',NULL),(455,7,'2018-07-17 05:11:19','2018-07-17 05:11:19',NULL),(456,7,'2018-07-17 05:11:19','2018-07-17 05:11:19',NULL),(457,7,'2018-07-17 05:11:19','2018-07-17 05:11:19',NULL),(458,7,'2018-07-17 05:11:19','2018-07-17 05:11:19',NULL),(459,7,'2018-07-17 05:11:19','2018-07-17 05:11:19',NULL),(460,7,'2018-07-17 05:11:19','2018-07-17 05:11:19',NULL),(461,7,'2018-07-17 05:11:19','2018-07-17 05:11:19',NULL),(462,7,'2018-07-17 05:11:19','2018-07-17 05:11:19',NULL),(463,7,'2018-07-17 05:11:19','2018-07-17 05:11:19',NULL),(465,7,'2018-07-17 05:11:19','2018-07-17 05:11:19',NULL),(469,8,'2018-07-17 05:11:19','2018-07-17 05:11:19',NULL),(470,8,'2018-07-17 05:11:19','2018-07-17 05:11:19',NULL),(471,8,'2018-07-17 05:11:19','2018-07-17 05:11:19',NULL),(472,8,'2018-07-17 05:11:19','2018-07-17 05:11:19',NULL),(473,8,'2018-07-17 05:11:19','2018-07-17 05:11:19',NULL),(474,8,'2018-07-17 05:11:19','2018-07-17 05:11:19',NULL),(475,8,'2018-07-17 05:11:19','2018-07-17 05:11:19',NULL),(476,8,'2018-07-17 05:11:19','2018-07-17 05:11:19',NULL),(477,8,'2018-07-17 05:11:19','2018-07-17 05:11:19',NULL),(478,8,'2018-07-17 05:11:19','2018-07-17 05:11:19',NULL),(479,8,'2018-07-17 05:11:19','2018-07-17 05:11:19',NULL),(480,8,'2018-07-17 05:11:19','2018-07-17 05:11:19',NULL),(481,8,'2018-07-17 05:11:19','2018-07-17 05:11:19',NULL),(482,8,'2018-07-17 05:11:19','2018-07-17 05:11:19',NULL),(483,8,'2018-07-17 05:11:19','2018-07-17 05:11:19',NULL),(484,8,'2018-07-17 05:11:19','2018-07-17 05:11:19',NULL),(485,8,'2018-07-17 05:11:19','2018-07-17 05:11:19',NULL),(486,8,'2018-07-17 05:11:19','2018-07-17 05:11:19',NULL),(487,8,'2018-07-17 05:11:19','2018-07-17 05:11:19',NULL),(488,8,'2018-07-17 05:11:19','2018-07-17 05:11:19',NULL),(489,8,'2018-07-17 05:11:19','2018-07-17 05:11:19',NULL),(490,8,'2018-07-17 05:11:19','2018-07-17 05:11:19',NULL),(491,8,'2018-07-17 05:11:19','2018-07-17 05:11:19',NULL),(492,8,'2018-07-17 05:11:19','2018-07-17 05:11:19',NULL),(493,8,'2018-07-17 05:11:19','2018-07-17 05:11:19',NULL),(494,8,'2018-07-17 05:11:19','2018-07-17 05:11:19',NULL),(495,8,'2018-07-17 05:11:19','2018-07-17 05:11:19',NULL),(496,8,'2018-07-17 05:11:19','2018-07-17 05:11:19',NULL),(497,8,'2018-07-17 05:11:19','2018-07-17 05:11:19',NULL),(498,9,'2018-07-17 05:11:19','2018-07-17 05:11:19',NULL),(499,9,'2018-07-17 05:11:19','2018-07-17 05:11:19',NULL),(500,9,'2018-07-17 05:11:19','2018-07-17 05:11:19',NULL),(501,9,'2018-07-17 05:11:19','2018-07-17 05:11:19',NULL),(502,9,'2018-07-17 05:11:19','2018-07-17 05:11:19',NULL),(503,9,'2018-07-17 05:11:19','2018-07-17 05:11:19',NULL),(504,9,'2018-07-17 05:11:19','2018-07-17 05:11:19',NULL),(505,9,'2018-07-17 05:11:19','2018-07-17 05:11:19',NULL),(506,9,'2018-07-17 05:11:19','2018-07-17 05:11:19',NULL),(507,9,'2018-07-17 05:11:19','2018-07-17 05:11:19',NULL),(508,9,'2018-07-17 05:11:19','2018-07-17 05:11:19',NULL),(509,9,'2018-07-17 05:11:19','2018-07-17 05:11:19',NULL),(510,9,'2018-07-17 05:11:19','2018-07-17 05:11:19',NULL),(511,9,'2018-07-17 05:11:19','2018-07-17 05:11:19',NULL),(512,9,'2018-07-17 05:11:19','2018-07-17 05:11:19',NULL),(513,9,'2018-07-17 05:11:19','2018-07-17 05:11:19',NULL),(514,9,'2018-07-17 05:11:19','2018-07-17 05:11:19',NULL),(515,9,'2018-07-17 05:11:19','2018-07-17 05:11:19',NULL),(516,9,'2018-07-17 05:11:19','2018-07-17 05:11:19',NULL),(517,9,'2018-07-17 05:11:19','2018-07-17 05:11:19',NULL),(518,9,'2018-07-17 05:11:19','2018-07-17 05:11:19',NULL),(519,9,'2018-07-17 05:11:19','2018-07-17 05:11:19',NULL),(520,9,'2018-07-17 05:11:19','2018-07-17 05:11:19',NULL),(521,9,'2018-07-17 05:11:19','2018-07-17 05:11:19',NULL),(522,9,'2018-07-17 05:11:19','2018-07-17 05:11:19',NULL),(523,9,'2018-07-17 05:11:19','2018-07-17 05:11:19',NULL),(524,9,'2018-07-17 05:11:19','2018-07-17 05:11:19',NULL),(525,9,'2018-07-17 05:11:19','2018-07-17 05:11:19',NULL),(526,9,'2018-07-17 05:11:19','2018-07-17 05:11:19',NULL),(527,10,'2018-07-17 05:11:19','2018-07-17 05:11:19',NULL),(528,10,'2018-07-17 05:11:19','2018-07-17 05:11:19',NULL),(529,10,'2018-07-17 05:11:19','2018-07-17 05:11:19',NULL),(530,10,'2018-07-17 05:11:19','2018-07-17 05:11:19',NULL),(531,10,'2018-07-17 05:11:19','2018-07-17 05:11:19',NULL),(532,10,'2018-07-17 05:11:19','2018-07-17 05:11:19',NULL),(533,10,'2018-07-17 05:11:19','2018-07-17 05:11:19',NULL),(534,10,'2018-07-17 05:11:19','2018-07-17 05:11:19',NULL),(535,10,'2018-07-17 05:11:19','2018-07-17 05:11:19',NULL),(536,10,'2018-07-17 05:11:19','2018-07-17 05:11:19',NULL),(537,10,'2018-07-17 05:11:19','2018-07-17 05:11:19',NULL),(538,10,'2018-07-17 05:11:19','2018-07-17 05:11:19',NULL),(539,10,'2018-07-17 05:11:19','2018-07-17 05:11:19',NULL),(540,10,'2018-07-17 05:11:19','2018-07-17 05:11:19',NULL),(541,10,'2018-07-17 05:11:19','2018-07-17 05:11:19',NULL),(542,10,'2018-07-17 05:11:19','2018-07-17 05:11:19',NULL),(543,11,'2018-07-17 05:11:19','2018-07-17 05:11:19',NULL),(544,11,'2018-07-17 05:11:19','2018-07-17 05:11:19',NULL),(545,11,'2018-07-17 05:11:19','2018-07-17 05:11:19',NULL),(546,11,'2018-07-17 05:11:19','2018-07-17 05:11:19',NULL),(547,11,'2018-07-17 05:11:19','2018-07-17 05:11:19',NULL),(548,11,'2018-07-17 05:11:19','2018-07-17 05:11:19',NULL),(549,11,'2018-07-17 05:11:19','2018-07-17 05:11:19',NULL),(550,11,'2018-07-17 05:11:19','2018-07-17 05:11:19',NULL),(551,11,'2018-07-17 05:11:19','2018-07-17 05:11:19',NULL),(552,11,'2018-07-17 05:11:19','2018-07-17 05:11:19',NULL),(553,11,'2018-07-17 05:11:19','2018-07-17 05:11:19',NULL),(554,11,'2018-07-17 05:11:19','2018-07-17 05:11:19',NULL),(555,11,'2018-07-17 05:11:19','2018-07-17 05:11:19',NULL),(556,11,'2018-07-17 05:11:19','2018-07-17 05:11:19',NULL),(557,11,'2018-07-17 05:11:19','2018-07-17 05:11:19',NULL),(558,11,'2018-07-17 05:11:19','2018-07-17 05:11:19',NULL),(559,11,'2018-07-17 05:11:19','2018-07-17 05:11:19',NULL),(560,11,'2018-07-17 05:11:19','2018-07-17 05:11:19',NULL),(561,11,'2018-07-17 05:11:19','2018-07-17 05:11:19',NULL),(562,11,'2018-07-17 05:11:19','2018-07-17 05:11:19',NULL),(563,11,'2018-07-17 05:11:19','2018-07-17 05:11:19',NULL),(564,11,'2018-07-17 05:11:19','2018-07-17 05:11:19',NULL),(565,12,'2018-07-17 05:11:19','2018-07-17 05:11:19',NULL),(566,12,'2018-07-17 05:11:19','2018-07-17 05:11:19',NULL),(567,12,'2018-07-17 05:11:19','2018-07-17 05:11:19',NULL),(568,12,'2018-07-17 05:11:19','2018-07-17 05:11:19',NULL),(569,12,'2018-07-17 05:11:19','2018-07-17 05:11:19',NULL),(570,12,'2018-07-17 05:11:19','2018-07-17 05:11:19',NULL),(571,12,'2018-07-17 05:11:19','2018-07-17 05:11:19',NULL),(572,12,'2018-07-17 05:11:19','2018-07-17 05:11:19',NULL),(573,12,'2018-07-17 05:11:19','2018-07-17 05:11:19',NULL),(574,12,'2018-07-17 05:11:19','2018-07-17 05:11:19',NULL),(575,12,'2018-07-17 05:11:19','2018-07-17 05:11:19',NULL),(576,12,'2018-07-17 05:11:19','2018-07-17 05:11:19',NULL),(577,12,'2018-07-17 05:11:19','2018-07-17 05:11:19',NULL),(578,12,'2018-07-17 05:11:19','2018-07-17 05:11:19',NULL),(579,12,'2018-07-17 05:11:19','2018-07-17 05:11:19',NULL),(580,12,'2018-07-17 05:11:19','2018-07-17 05:11:19',NULL),(581,12,'2018-07-17 05:11:19','2018-07-17 05:11:19',NULL),(582,12,'2018-07-17 05:11:19','2018-07-17 05:11:19',NULL),(583,12,'2018-07-17 05:11:19','2018-07-17 05:11:19',NULL),(584,12,'2018-07-17 05:11:19','2018-07-17 05:11:19',NULL),(585,12,'2018-07-17 05:11:19','2018-07-17 05:11:19',NULL),(586,12,'2018-07-17 05:11:19','2018-07-17 05:11:19',NULL),(587,12,'2018-07-17 05:11:19','2018-07-17 05:11:19',NULL),(588,12,'2018-07-17 05:11:19','2018-07-17 05:11:19',NULL),(589,12,'2018-07-17 05:11:19','2018-07-17 05:11:19',NULL),(590,12,'2018-07-17 05:11:19','2018-07-17 05:11:19',NULL),(591,13,'2018-07-17 05:11:19','2018-07-17 05:11:19',NULL),(592,13,'2018-07-17 05:11:19','2018-07-17 05:11:19',NULL),(593,13,'2018-07-17 05:11:19','2018-07-17 05:11:19',NULL),(594,13,'2018-07-17 05:11:19','2018-07-17 05:11:19',NULL),(595,13,'2018-07-17 05:11:19','2018-07-17 05:11:19',NULL),(596,13,'2018-07-17 05:11:19','2018-07-17 05:11:19',NULL),(597,13,'2018-07-17 05:11:19','2018-07-17 05:11:19',NULL),(598,13,'2018-07-17 05:11:19','2018-07-17 05:11:19',NULL),(599,13,'2018-07-17 05:11:19','2018-07-17 05:11:19',NULL),(600,13,'2018-07-17 05:11:19','2018-07-17 05:11:19',NULL),(601,13,'2018-07-17 05:11:19','2018-07-17 05:11:19',NULL),(602,13,'2018-07-17 05:11:19','2018-07-17 05:11:19',NULL),(603,13,'2018-07-17 05:11:19','2018-07-17 05:11:19',NULL),(604,13,'2018-07-17 05:11:19','2018-07-17 05:11:19',NULL),(605,13,'2018-07-17 05:11:19','2018-07-17 05:11:19',NULL),(606,14,'2018-07-17 05:11:19','2018-07-17 05:11:19',NULL),(607,14,'2018-07-17 05:11:19','2018-07-17 05:11:19',NULL),(608,14,'2018-07-17 05:11:19','2018-07-17 05:11:19',NULL),(609,14,'2018-07-17 05:11:19','2018-07-17 05:11:19',NULL),(610,14,'2018-07-17 05:11:19','2018-07-17 05:11:19',NULL),(611,14,'2018-07-17 05:11:19','2018-07-17 05:11:19',NULL),(612,14,'2018-07-17 05:11:19','2018-07-17 05:11:19',NULL),(613,14,'2018-07-17 05:11:19','2018-07-17 05:11:19',NULL),(614,14,'2018-07-17 05:11:19','2018-07-17 05:11:19',NULL),(615,14,'2018-07-17 05:11:19','2018-07-17 05:11:19',NULL),(616,14,'2018-07-17 05:11:19','2018-07-17 05:11:19',NULL),(617,14,'2018-07-17 05:11:19','2018-07-17 05:11:19',NULL),(618,14,'2018-07-17 05:11:19','2018-07-17 05:11:19',NULL),(619,14,'2018-07-17 05:11:19','2018-07-17 05:11:19',NULL),(620,14,'2018-07-17 05:11:19','2018-07-17 05:11:19',NULL),(621,15,'2018-07-17 05:11:19','2018-07-17 05:11:19',NULL),(622,15,'2018-07-17 05:11:19','2018-07-17 05:11:19',NULL),(623,15,'2018-07-17 05:11:19','2018-07-17 05:11:19',NULL),(624,15,'2018-07-17 05:11:19','2018-07-17 05:11:19',NULL),(625,15,'2018-07-17 05:11:19','2018-07-17 05:11:19',NULL),(626,15,'2018-07-17 05:11:19','2018-07-17 05:11:19',NULL),(627,15,'2018-07-17 05:11:19','2018-07-17 05:11:19',NULL),(628,15,'2018-07-17 05:11:19','2018-07-17 05:11:19',NULL),(629,15,'2018-07-17 05:11:19','2018-07-17 05:11:19',NULL),(630,15,'2018-07-17 05:11:19','2018-07-17 05:11:19',NULL),(631,15,'2018-07-17 05:11:19','2018-07-17 05:11:19',NULL),(632,15,'2018-07-17 05:11:19','2018-07-17 05:11:19',NULL),(633,15,'2018-07-17 05:11:19','2018-07-17 05:11:19',NULL),(634,15,'2018-07-17 05:11:19','2018-07-17 05:11:19',NULL),(635,15,'2018-07-17 05:11:19','2018-07-17 05:11:19',NULL),(636,15,'2018-07-17 05:11:19','2018-07-17 05:11:19',NULL),(637,16,'2018-07-17 05:11:19','2018-07-17 05:11:19',NULL),(638,16,'2018-07-17 05:11:19','2018-07-17 05:11:19',NULL),(639,16,'2018-07-17 05:11:19','2018-07-17 05:11:19',NULL),(640,16,'2018-07-17 05:11:19','2018-07-17 05:11:19',NULL),(641,16,'2018-07-17 05:11:19','2018-07-17 05:11:19',NULL),(642,16,'2018-07-17 05:11:19','2018-07-17 05:11:19',NULL),(643,16,'2018-07-17 05:11:19','2018-07-17 05:11:19',NULL),(644,16,'2018-07-17 05:11:19','2018-07-17 05:11:19',NULL),(645,16,'2018-07-17 05:11:19','2018-07-17 05:11:19',NULL),(646,17,'2018-07-17 05:11:19','2018-07-17 05:11:19',NULL),(647,17,'2018-07-17 05:11:19','2018-07-17 05:11:19',NULL),(648,17,'2018-07-17 05:11:19','2018-07-17 05:11:19',NULL),(649,17,'2018-07-17 05:11:19','2018-07-17 05:11:19',NULL),(650,17,'2018-07-17 05:11:19','2018-07-17 05:11:19',NULL),(651,17,'2018-07-17 05:11:19','2018-07-17 05:11:19',NULL),(652,17,'2018-07-17 05:11:19','2018-07-17 05:11:19',NULL),(653,17,'2018-07-17 05:11:19','2018-07-17 05:11:19',NULL),(654,17,'2018-07-17 05:11:19','2018-07-17 05:11:19',NULL),(655,17,'2018-07-17 05:11:19','2018-07-17 05:11:19',NULL),(656,17,'2018-07-17 05:11:19','2018-07-17 05:11:19',NULL),(657,17,'2018-07-17 05:11:19','2018-07-17 05:11:19',NULL),(658,17,'2018-07-17 05:11:19','2018-07-17 05:11:19',NULL),(659,17,'2018-07-17 05:11:19','2018-07-17 05:11:19',NULL),(660,17,'2018-07-17 05:11:19','2018-07-17 05:11:19',NULL),(661,17,'2018-07-17 05:11:19','2018-07-17 05:11:19',NULL),(662,17,'2018-07-17 05:11:19','2018-07-17 05:11:19',NULL),(663,17,'2018-07-17 05:11:19','2018-07-17 05:11:19',NULL),(664,17,'2018-07-17 05:11:19','2018-07-17 05:11:19',NULL),(665,17,'2018-07-17 05:11:19','2018-07-17 05:11:19',NULL),(666,18,'2018-07-17 05:11:19','2018-07-17 05:11:19',NULL),(667,18,'2018-07-17 05:11:19','2018-07-17 05:11:19',NULL),(668,18,'2018-07-17 05:11:19','2018-07-17 05:11:19',NULL),(669,18,'2018-07-17 05:11:19','2018-07-17 05:11:19',NULL),(670,18,'2018-07-17 05:11:19','2018-07-17 05:11:19',NULL),(671,19,'2018-07-17 05:11:19','2018-07-17 05:11:19',NULL),(672,19,'2018-07-17 05:11:19','2018-07-17 05:11:19',NULL),(673,19,'2018-07-17 05:11:19','2018-07-17 05:11:19',NULL),(674,19,'2018-07-17 05:11:19','2018-07-17 05:11:19',NULL),(675,19,'2018-07-17 05:11:19','2018-07-17 05:11:19',NULL),(676,19,'2018-07-17 05:11:19','2018-07-17 05:11:19',NULL),(677,19,'2018-07-17 05:11:19','2018-07-17 05:11:19',NULL),(678,19,'2018-07-17 05:11:19','2018-07-17 05:11:19',NULL),(679,20,'2018-07-17 05:11:19','2018-07-17 05:11:19',NULL),(680,20,'2018-07-17 05:11:19','2018-07-17 05:11:19',NULL),(681,20,'2018-07-17 05:11:19','2018-07-17 05:11:19',NULL),(682,20,'2018-07-17 05:11:19','2018-07-17 05:11:19',NULL),(683,20,'2018-07-17 05:11:19','2018-07-17 05:11:19',NULL),(684,20,'2018-07-17 05:11:19','2018-07-17 05:11:19',NULL),(685,20,'2018-07-17 05:11:19','2018-07-17 05:11:19',NULL),(686,20,'2018-07-17 05:11:19','2018-07-17 05:11:19',NULL),(687,20,'2018-07-17 05:11:19','2018-07-17 05:11:19',NULL),(688,20,'2018-07-17 05:11:19','2018-07-17 05:11:19',NULL),(689,20,'2018-07-17 05:11:19','2018-07-17 05:11:19',NULL),(690,20,'2018-07-17 05:11:19','2018-07-17 05:11:19',NULL),(691,20,'2018-07-17 05:11:19','2018-07-17 05:11:19',NULL),(692,20,'2018-07-17 05:11:19','2018-07-17 05:11:19',NULL),(693,20,'2018-07-17 05:11:19','2018-07-17 05:11:19',NULL),(694,20,'2018-07-17 05:11:19','2018-07-17 05:11:19',NULL),(695,20,'2018-07-17 05:11:19','2018-07-17 05:11:19',NULL),(696,20,'2018-07-17 05:11:19','2018-07-17 05:11:19',NULL),(697,20,'2018-07-17 05:11:19','2018-07-17 05:11:19',NULL),(698,20,'2018-07-17 05:11:19','2018-07-17 05:11:19',NULL),(699,20,'2018-07-17 05:11:19','2018-07-17 05:11:19',NULL),(700,20,'2018-07-17 05:11:19','2018-07-17 05:11:19',NULL),(701,20,'2018-07-17 05:11:19','2018-07-17 05:11:19',NULL),(702,20,'2018-07-17 05:11:19','2018-07-17 05:11:19',NULL),(703,21,'2018-07-17 05:11:19','2018-07-17 05:11:19',NULL),(704,21,'2018-07-17 05:11:19','2018-07-17 05:11:19',NULL),(705,21,'2018-07-17 05:11:19','2018-07-17 05:11:19',NULL),(706,21,'2018-07-17 05:11:19','2018-07-17 05:11:19',NULL),(707,21,'2018-07-17 05:11:19','2018-07-17 05:11:19',NULL),(708,22,'2018-07-17 05:11:19','2018-07-17 05:11:19',NULL),(709,22,'2018-07-17 05:11:19','2018-07-17 05:11:19',NULL),(710,22,'2018-07-17 05:11:19','2018-07-17 05:11:19',NULL),(711,22,'2018-07-17 05:11:19','2018-07-17 05:11:19',NULL),(712,22,'2018-07-17 05:11:19','2018-07-17 05:11:19',NULL),(713,22,'2018-07-17 05:11:19','2018-07-17 05:11:19',NULL),(714,22,'2018-07-17 05:11:19','2018-07-17 05:11:19',NULL),(715,22,'2018-07-17 05:11:19','2018-07-17 05:11:19',NULL),(716,22,'2018-07-17 05:11:19','2018-07-17 05:11:19',NULL),(717,22,'2018-07-17 05:11:19','2018-07-17 05:11:19',NULL),(718,22,'2018-07-17 05:11:19','2018-07-17 05:11:19',NULL),(719,22,'2018-07-17 05:11:19','2018-07-17 05:11:19',NULL),(720,22,'2018-07-17 05:11:19','2018-07-17 05:11:19',NULL),(721,22,'2018-07-17 05:11:19','2018-07-17 05:11:19',NULL),(722,22,'2018-07-17 05:11:19','2018-07-17 05:11:19',NULL),(723,22,'2018-07-17 05:11:19','2018-07-17 05:11:19',NULL),(724,22,'2018-07-17 05:11:19','2018-07-17 05:11:19',NULL),(725,22,'2018-07-17 05:11:19','2018-07-17 05:11:19',NULL),(726,22,'2018-07-17 05:11:19','2018-07-17 05:11:19',NULL),(727,22,'2018-07-17 05:11:19','2018-07-17 05:11:19',NULL),(728,22,'2018-07-17 05:11:19','2018-07-17 05:11:19',NULL),(729,22,'2018-07-17 05:11:19','2018-07-17 05:11:19',NULL),(730,22,'2018-07-17 05:11:19','2018-07-17 05:11:19',NULL),(731,22,'2018-07-17 05:11:19','2018-07-17 05:11:19',NULL),(732,22,'2018-07-17 05:11:19','2018-07-17 05:11:19',NULL),(733,22,'2018-07-17 05:11:19','2018-07-17 05:11:19',NULL),(734,22,'2018-07-17 05:11:19','2018-07-17 05:11:19',NULL),(735,23,'2018-07-17 05:11:19','2018-07-17 05:11:19',NULL),(736,23,'2018-07-17 05:11:19','2018-07-17 05:11:19',NULL),(737,23,'2018-07-17 05:11:19','2018-07-17 05:11:19',NULL),(738,23,'2018-07-17 05:11:19','2018-07-17 05:11:19',NULL),(739,23,'2018-07-17 05:11:19','2018-07-17 05:11:19',NULL),(740,23,'2018-07-17 05:11:19','2018-07-17 05:11:19',NULL),(741,23,'2018-07-17 05:11:19','2018-07-17 05:11:19',NULL),(742,23,'2018-07-17 05:11:19','2018-07-17 05:11:19',NULL),(743,23,'2018-07-17 05:11:19','2018-07-17 05:11:19',NULL),(744,24,'2018-07-17 05:11:19','2018-07-17 05:11:19',NULL),(745,24,'2018-07-17 05:11:19','2018-07-17 05:11:19',NULL),(746,24,'2018-07-17 05:11:19','2018-07-17 05:11:19',NULL),(747,24,'2018-07-17 05:11:19','2018-07-17 05:11:19',NULL),(748,24,'2018-07-17 05:11:19','2018-07-17 05:11:19',NULL),(749,24,'2018-07-17 05:11:19','2018-07-17 05:11:19',NULL),(750,24,'2018-07-17 05:11:19','2018-07-17 05:11:19',NULL),(751,24,'2018-07-17 05:11:19','2018-07-17 05:11:19',NULL),(752,24,'2018-07-17 05:11:19','2018-07-17 05:11:19',NULL),(753,24,'2018-07-17 05:11:19','2018-07-17 05:11:19',NULL),(754,24,'2018-07-17 05:11:19','2018-07-17 05:11:19',NULL),(755,24,'2018-07-17 05:11:19','2018-07-17 05:11:19',NULL),(756,24,'2018-07-17 05:11:19','2018-07-17 05:11:19',NULL),(757,25,'2018-07-17 05:11:19','2018-07-17 05:11:19',NULL),(758,25,'2018-07-17 05:11:19','2018-07-17 05:11:19',NULL),(759,25,'2018-07-17 05:11:19','2018-07-17 05:11:19',NULL),(760,25,'2018-07-17 05:11:19','2018-07-17 05:11:19',NULL),(761,25,'2018-07-17 05:11:19','2018-07-17 05:11:19',NULL),(762,25,'2018-07-17 05:11:19','2018-07-17 05:11:19',NULL),(763,25,'2018-07-17 05:11:19','2018-07-17 05:11:19',NULL),(764,25,'2018-07-17 05:11:19','2018-07-17 05:11:19',NULL),(765,25,'2018-07-17 05:11:19','2018-07-17 05:11:19',NULL),(766,25,'2018-07-17 05:11:19','2018-07-17 05:11:19',NULL),(767,25,'2018-07-17 05:11:19','2018-07-17 05:11:19',NULL),(768,25,'2018-07-17 05:11:19','2018-07-17 05:11:19',NULL),(769,26,'2018-07-17 05:11:19','2018-07-17 05:11:19',NULL),(770,26,'2018-07-17 05:11:19','2018-07-17 05:11:19',NULL),(771,26,'2018-07-17 05:11:19','2018-07-17 05:11:19',NULL),(772,26,'2018-07-17 05:11:19','2018-07-17 05:11:19',NULL),(773,26,'2018-07-17 05:11:19','2018-07-17 05:11:19',NULL),(774,26,'2018-07-17 05:11:19','2018-07-17 05:11:19',NULL),(775,26,'2018-07-17 05:11:19','2018-07-17 05:11:19',NULL),(776,26,'2018-07-17 05:11:19','2018-07-17 05:11:19',NULL),(777,26,'2018-07-17 05:11:19','2018-07-17 05:11:19',NULL),(778,26,'2018-07-17 05:11:19','2018-07-17 05:11:19',NULL),(779,27,'2018-07-17 05:11:19','2018-07-17 05:11:19',NULL),(780,27,'2018-07-17 05:11:19','2018-07-17 05:11:19',NULL),(781,27,'2018-07-17 05:11:19','2018-07-17 05:11:19',NULL),(782,27,'2018-07-17 05:11:19','2018-07-17 05:11:19',NULL),(783,27,'2018-07-17 05:11:19','2018-07-17 05:11:19',NULL),(784,27,'2018-07-17 05:11:19','2018-07-17 05:11:19',NULL),(785,28,'2018-07-17 05:11:19','2018-07-17 05:11:19',NULL),(786,28,'2018-07-17 05:11:19','2018-07-17 05:11:19',NULL),(787,28,'2018-07-17 05:11:19','2018-07-17 05:11:19',NULL),(788,28,'2018-07-17 05:11:19','2018-07-17 05:11:19',NULL),(789,28,'2018-07-17 05:11:19','2018-07-17 05:11:19',NULL),(790,28,'2018-07-17 05:11:19','2018-07-17 05:11:19',NULL),(791,28,'2018-07-17 05:11:19','2018-07-17 05:11:19',NULL),(792,28,'2018-07-17 05:11:19','2018-07-17 05:11:19',NULL),(793,28,'2018-07-17 05:11:19','2018-07-17 05:11:19',NULL),(794,28,'2018-07-17 05:11:19','2018-07-17 05:11:19',NULL),(795,28,'2018-07-17 05:11:19','2018-07-17 05:11:19',NULL),(796,28,'2018-07-17 05:11:19','2018-07-17 05:11:19',NULL),(797,28,'2018-07-17 05:11:19','2018-07-17 05:11:19',NULL),(798,28,'2018-07-17 05:11:19','2018-07-17 05:11:19',NULL),(799,28,'2018-07-17 05:11:19','2018-07-17 05:11:19',NULL),(800,28,'2018-07-17 05:11:19','2018-07-17 05:11:19',NULL),(801,28,'2018-07-17 05:11:19','2018-07-17 05:11:19',NULL),(802,28,'2018-07-17 05:11:19','2018-07-17 05:11:19',NULL),(803,28,'2018-07-17 05:11:19','2018-07-17 05:11:19',NULL),(804,28,'2018-07-17 05:11:19','2018-07-17 05:11:19',NULL),(805,28,'2018-07-17 05:11:19','2018-07-17 05:11:19',NULL),(806,28,'2018-07-17 05:11:19','2018-07-17 05:11:19',NULL),(807,28,'2018-07-17 05:11:19','2018-07-17 05:11:19',NULL),(808,28,'2018-07-17 05:11:19','2018-07-17 05:11:19',NULL),(809,28,'2018-07-17 05:11:19','2018-07-17 05:11:19',NULL),(810,28,'2018-07-17 05:11:19','2018-07-17 05:11:19',NULL),(811,28,'2018-07-17 05:11:19','2018-07-17 05:11:19',NULL),(812,28,'2018-07-17 05:11:19','2018-07-17 05:11:19',NULL),(813,28,'2018-07-17 05:11:19','2018-07-17 05:11:19',NULL),(814,28,'2018-07-17 05:11:19','2018-07-17 05:11:19',NULL),(815,28,'2018-07-17 05:11:19','2018-07-17 05:11:19',NULL),(816,28,'2018-07-17 05:11:19','2018-07-17 05:11:19',NULL),(817,28,'2018-07-17 05:11:19','2018-07-17 05:11:19',NULL),(818,28,'2018-07-17 05:11:19','2018-07-17 05:11:19',NULL),(819,28,'2018-07-17 05:11:19','2018-07-17 05:11:19',NULL),(820,28,'2018-07-17 05:11:19','2018-07-17 05:11:19',NULL),(821,28,'2018-07-17 05:11:19','2018-07-17 05:11:19',NULL),(822,28,'2018-07-17 05:11:19','2018-07-17 05:11:19',NULL),(823,28,'2018-07-17 05:11:19','2018-07-17 05:11:19',NULL),(824,28,'2018-07-17 05:11:19','2018-07-17 05:11:19',NULL),(825,28,'2018-07-17 05:11:19','2018-07-17 05:11:19',NULL),(826,28,'2018-07-17 05:11:19','2018-07-17 05:11:19',NULL),(827,28,'2018-07-17 05:11:19','2018-07-17 05:11:19',NULL),(828,28,'2018-07-17 05:11:19','2018-07-17 05:11:19',NULL),(829,28,'2018-07-17 05:11:19','2018-07-17 05:11:19',NULL),(830,28,'2018-07-17 05:11:19','2018-07-17 05:11:19',NULL),(831,28,'2018-07-17 05:11:19','2018-07-17 05:11:19',NULL),(832,28,'2018-07-17 05:11:19','2018-07-17 05:11:19',NULL),(833,28,'2018-07-17 05:11:19','2018-07-17 05:11:19',NULL),(834,28,'2018-07-17 05:11:19','2018-07-17 05:11:19',NULL),(835,28,'2018-07-17 05:11:19','2018-07-17 05:11:19',NULL),(836,28,'2018-07-17 05:11:19','2018-07-17 05:11:19',NULL),(837,28,'2018-07-17 05:11:19','2018-07-17 05:11:19',NULL),(838,28,'2018-07-17 05:11:19','2018-07-17 05:11:19',NULL),(839,28,'2018-07-17 05:11:19','2018-07-17 05:11:19',NULL),(840,28,'2018-07-17 05:11:19','2018-07-17 05:11:19',NULL),(841,28,'2018-07-17 05:11:19','2018-07-17 05:11:19',NULL),(842,28,'2018-07-17 05:11:19','2018-07-17 05:11:19',NULL),(843,28,'2018-07-17 05:11:19','2018-07-17 05:11:19',NULL),(844,28,'2018-07-17 05:11:19','2018-07-17 05:11:19',NULL),(845,28,'2018-07-17 05:11:19','2018-07-17 05:11:19',NULL),(846,28,'2018-07-17 05:11:19','2018-07-17 05:11:19',NULL),(847,28,'2018-07-17 05:11:19','2018-07-17 05:11:19',NULL),(848,28,'2018-07-17 05:11:19','2018-07-17 05:11:19',NULL),(849,28,'2018-07-17 05:11:19','2018-07-17 05:11:19',NULL),(850,28,'2018-07-17 05:11:19','2018-07-17 05:11:19',NULL),(851,28,'2018-07-17 05:11:19','2018-07-17 05:11:19',NULL),(852,28,'2018-07-17 05:11:19','2018-07-17 05:11:19',NULL),(853,28,'2018-07-17 05:11:19','2018-07-17 05:11:19',NULL),(854,28,'2018-07-17 05:11:19','2018-07-17 05:11:19',NULL),(855,28,'2018-07-17 05:11:19','2018-07-17 05:11:19',NULL),(856,28,'2018-07-17 05:11:19','2018-07-17 05:11:19',NULL),(857,28,'2018-07-17 05:11:19','2018-07-17 05:11:19',NULL),(858,29,'2018-07-17 05:11:19','2018-07-17 05:11:19',NULL),(859,29,'2018-07-17 05:11:19','2018-07-17 05:11:19',NULL),(860,29,'2018-07-17 05:11:19','2018-07-17 05:11:19',NULL),(861,29,'2018-07-17 05:11:19','2018-07-17 05:11:19',NULL),(862,29,'2018-07-17 05:11:19','2018-07-17 05:11:19',NULL),(863,29,'2018-07-17 05:11:19','2018-07-17 05:11:19',NULL),(864,29,'2018-07-17 05:11:19','2018-07-17 05:11:19',NULL),(865,29,'2018-07-17 05:11:19','2018-07-17 05:11:19',NULL),(866,29,'2018-07-17 05:11:19','2018-07-17 05:11:19',NULL),(867,29,'2018-07-17 05:11:19','2018-07-17 05:11:19',NULL),(868,29,'2018-07-17 05:11:19','2018-07-17 05:11:19',NULL),(869,29,'2018-07-17 05:11:19','2018-07-17 05:11:19',NULL),(870,29,'2018-07-17 05:11:19','2018-07-17 05:11:19',NULL),(871,29,'2018-07-17 05:11:19','2018-07-17 05:11:19',NULL),(872,29,'2018-07-17 05:11:19','2018-07-17 05:11:19',NULL),(873,29,'2018-07-17 05:11:19','2018-07-17 05:11:19',NULL),(874,29,'2018-07-17 05:11:19','2018-07-17 05:11:19',NULL),(875,29,'2018-07-17 05:11:19','2018-07-17 05:11:19',NULL),(876,29,'2018-07-17 05:11:19','2018-07-17 05:11:19',NULL),(877,29,'2018-07-17 05:11:19','2018-07-17 05:11:19',NULL),(878,29,'2018-07-17 05:11:19','2018-07-17 05:11:19',NULL),(879,29,'2018-07-17 05:11:19','2018-07-17 05:11:19',NULL),(880,30,'2018-07-17 05:11:19','2018-07-17 05:11:19',NULL),(881,30,'2018-07-17 05:11:19','2018-07-17 05:11:19',NULL),(882,30,'2018-07-17 05:11:19','2018-07-17 05:11:19',NULL),(883,30,'2018-07-17 05:11:19','2018-07-17 05:11:19',NULL),(884,30,'2018-07-17 05:11:19','2018-07-17 05:11:19',NULL),(885,30,'2018-07-17 05:11:19','2018-07-17 05:11:19',NULL),(886,30,'2018-07-17 05:11:19','2018-07-17 05:11:19',NULL),(887,30,'2018-07-17 05:11:19','2018-07-17 05:11:19',NULL),(888,30,'2018-07-17 05:11:19','2018-07-17 05:11:19',NULL),(889,30,'2018-07-17 05:11:19','2018-07-17 05:11:19',NULL),(890,30,'2018-07-17 05:11:19','2018-07-17 05:11:19',NULL),(891,30,'2018-07-17 05:11:19','2018-07-17 05:11:19',NULL),(892,30,'2018-07-17 05:11:19','2018-07-17 05:11:19',NULL),(893,30,'2018-07-17 05:11:19','2018-07-17 05:11:19',NULL),(894,30,'2018-07-17 05:11:19','2018-07-17 05:11:19',NULL),(895,30,'2018-07-17 05:11:19','2018-07-17 05:11:19',NULL),(896,30,'2018-07-17 05:11:19','2018-07-17 05:11:19',NULL),(897,30,'2018-07-17 05:11:19','2018-07-17 05:11:19',NULL),(898,30,'2018-07-17 05:11:19','2018-07-17 05:11:19',NULL),(899,30,'2018-07-17 05:11:19','2018-07-17 05:11:19',NULL),(900,30,'2018-07-17 05:11:19','2018-07-17 05:11:19',NULL),(901,30,'2018-07-17 05:11:19','2018-07-17 05:11:19',NULL),(902,30,'2018-07-17 05:11:19','2018-07-17 05:11:19',NULL),(903,30,'2018-07-17 05:11:19','2018-07-17 05:11:19',NULL),(904,30,'2018-07-17 05:11:19','2018-07-17 05:11:19',NULL),(905,30,'2018-07-17 05:11:19','2018-07-17 05:11:19',NULL),(906,30,'2018-07-17 05:11:19','2018-07-17 05:11:19',NULL),(907,30,'2018-07-17 05:11:19','2018-07-17 05:11:19',NULL),(908,30,'2018-07-17 05:11:19','2018-07-17 05:11:19',NULL),(909,30,'2018-07-17 05:11:19','2018-07-17 05:11:19',NULL),(910,30,'2018-07-17 05:11:19','2018-07-17 05:11:19',NULL),(911,30,'2018-07-17 05:11:19','2018-07-17 05:11:19',NULL),(912,30,'2018-07-17 05:11:19','2018-07-17 05:11:19',NULL),(913,30,'2018-07-17 05:11:19','2018-07-17 05:11:19',NULL),(914,30,'2018-07-17 05:11:19','2018-07-17 05:11:19',NULL),(915,30,'2018-07-17 05:11:19','2018-07-17 05:11:19',NULL),(916,30,'2018-07-17 05:11:19','2018-07-17 05:11:19',NULL),(917,30,'2018-07-17 05:11:19','2018-07-17 05:11:19',NULL),(918,30,'2018-07-17 05:11:19','2018-07-17 05:11:19',NULL),(919,30,'2018-07-17 05:11:19','2018-07-17 05:11:19',NULL),(920,30,'2018-07-17 05:11:19','2018-07-17 05:11:19',NULL),(921,30,'2018-07-17 05:11:19','2018-07-17 05:11:19',NULL),(922,30,'2018-07-17 05:11:19','2018-07-17 05:11:19',NULL),(923,30,'2018-07-17 05:11:19','2018-07-17 05:11:19',NULL),(924,30,'2018-07-17 05:11:19','2018-07-17 05:11:19',NULL),(925,30,'2018-07-17 05:11:19','2018-07-17 05:11:19',NULL),(926,30,'2018-07-17 05:11:19','2018-07-17 05:11:19',NULL),(927,30,'2018-07-17 05:11:19','2018-07-17 05:11:19',NULL),(928,30,'2018-07-17 05:11:19','2018-07-17 05:11:19',NULL),(929,30,'2018-07-17 05:11:19','2018-07-17 05:11:19',NULL),(930,30,'2018-07-17 05:11:19','2018-07-17 05:11:19',NULL),(931,30,'2018-07-17 05:11:19','2018-07-17 05:11:19',NULL),(932,30,'2018-07-17 05:11:19','2018-07-17 05:11:19',NULL),(933,30,'2018-07-17 05:11:19','2018-07-17 05:11:19',NULL),(934,30,'2018-07-17 05:11:19','2018-07-17 05:11:19',NULL),(935,30,'2018-07-17 05:11:19','2018-07-17 05:11:19',NULL),(936,30,'2018-07-17 05:11:19','2018-07-17 05:11:19',NULL),(937,30,'2018-07-17 05:11:19','2018-07-17 05:11:19',NULL),(938,30,'2018-07-17 05:11:19','2018-07-17 05:11:19',NULL),(939,30,'2018-07-17 05:11:19','2018-07-17 05:11:19',NULL),(940,30,'2018-07-17 05:11:19','2018-07-17 05:11:19',NULL),(941,30,'2018-07-17 05:11:19','2018-07-17 05:11:19',NULL),(942,30,'2018-07-17 05:11:19','2018-07-17 05:11:19',NULL),(943,30,'2018-07-17 05:11:19','2018-07-17 05:11:19',NULL),(944,30,'2018-07-17 05:11:19','2018-07-17 05:11:19',NULL),(945,30,'2018-07-17 05:11:19','2018-07-17 05:11:19',NULL),(946,30,'2018-07-17 05:11:19','2018-07-17 05:11:19',NULL),(947,30,'2018-07-17 05:11:19','2018-07-17 05:11:19',NULL),(948,30,'2018-07-17 05:11:19','2018-07-17 05:11:19',NULL),(949,30,'2018-07-17 05:11:19','2018-07-17 05:11:19',NULL),(950,30,'2018-07-17 05:11:19','2018-07-17 05:11:19',NULL),(951,30,'2018-07-17 05:11:19','2018-07-17 05:11:19',NULL),(952,30,'2018-07-17 05:11:19','2018-07-17 05:11:19',NULL),(953,30,'2018-07-17 05:11:19','2018-07-17 05:11:19',NULL),(954,30,'2018-07-17 05:11:19','2018-07-17 05:11:19',NULL),(955,30,'2018-07-17 05:11:19','2018-07-17 05:11:19',NULL),(956,30,'2018-07-17 05:11:19','2018-07-17 05:11:19',NULL),(957,30,'2018-07-17 05:11:19','2018-07-17 05:11:19',NULL),(958,30,'2018-07-17 05:11:19','2018-07-17 05:11:19',NULL),(959,30,'2018-07-17 05:11:19','2018-07-17 05:11:19',NULL),(960,30,'2018-07-17 05:11:19','2018-07-17 05:11:19',NULL),(961,30,'2018-07-17 05:11:19','2018-07-17 05:11:19',NULL),(962,30,'2018-07-17 05:11:19','2018-07-17 05:11:19',NULL),(963,30,'2018-07-17 05:11:19','2018-07-17 05:11:19',NULL),(964,31,'2018-07-17 05:11:19','2018-07-17 05:11:19',NULL),(965,31,'2018-07-17 05:11:19','2018-07-17 05:11:19',NULL),(966,31,'2018-07-17 05:11:19','2018-07-17 05:11:19',NULL),(967,31,'2018-07-17 05:11:19','2018-07-17 05:11:19',NULL),(968,31,'2018-07-17 05:11:19','2018-07-17 05:11:19',NULL),(969,31,'2018-07-17 05:11:19','2018-07-17 05:11:19',NULL),(970,31,'2018-07-17 05:11:19','2018-07-17 05:11:19',NULL),(971,32,'2018-07-17 05:11:19','2018-07-17 05:11:19',NULL),(972,32,'2018-07-17 05:11:19','2018-07-17 05:11:19',NULL),(973,32,'2018-07-17 05:11:19','2018-07-17 05:11:19',NULL),(974,32,'2018-07-17 05:11:19','2018-07-17 05:11:19',NULL),(975,32,'2018-07-17 05:11:19','2018-07-17 05:11:19',NULL),(976,32,'2018-07-17 05:11:19','2018-07-17 05:11:19',NULL),(977,32,'2018-07-17 05:11:19','2018-07-17 05:11:19',NULL),(978,33,'2018-07-17 05:11:19','2018-07-17 05:11:19',NULL),(979,33,'2018-07-17 05:11:19','2018-07-17 05:11:19',NULL),(980,33,'2018-07-17 05:11:19','2018-07-17 05:11:19',NULL),(981,33,'2018-07-17 05:11:19','2018-07-17 05:11:19',NULL),(982,33,'2018-07-17 05:11:19','2018-07-17 05:11:19',NULL),(983,33,'2018-07-17 05:11:19','2018-07-17 05:11:19',NULL),(984,33,'2018-07-17 05:11:19','2018-07-17 05:11:19',NULL),(985,33,'2018-07-17 05:11:19','2018-07-17 05:11:19',NULL),(986,33,'2018-07-17 05:11:19','2018-07-17 05:11:19',NULL),(987,33,'2018-07-17 05:11:19','2018-07-17 05:11:19',NULL),(988,33,'2018-07-17 05:11:19','2018-07-17 05:11:19',NULL),(989,33,'2018-07-17 05:11:19','2018-07-17 05:11:19',NULL),(990,33,'2018-07-17 05:11:19','2018-07-17 05:11:19',NULL),(991,33,'2018-07-17 05:11:19','2018-07-17 05:11:19',NULL),(992,33,'2018-07-17 05:11:19','2018-07-17 05:11:19',NULL),(993,33,'2018-07-17 05:11:19','2018-07-17 05:11:19',NULL),(994,33,'2018-07-17 05:11:19','2018-07-17 05:11:19',NULL),(995,33,'2018-07-17 05:11:19','2018-07-17 05:11:19',NULL),(996,33,'2018-07-17 05:11:19','2018-07-17 05:11:19',NULL),(997,33,'2018-07-17 05:11:19','2018-07-17 05:11:19',NULL),(998,33,'2018-07-17 05:11:19','2018-07-17 05:11:19',NULL),(999,33,'2018-07-17 05:11:19','2018-07-17 05:11:19',NULL),(1000,33,'2018-07-17 05:11:19','2018-07-17 05:11:19',NULL),(1001,33,'2018-07-17 05:11:19','2018-07-17 05:11:19',NULL),(1002,33,'2018-07-17 05:11:19','2018-07-17 05:11:19',NULL),(1003,33,'2018-07-17 05:11:19','2018-07-17 05:11:19',NULL),(1004,33,'2018-07-17 05:11:19','2018-07-17 05:11:19',NULL),(1005,33,'2018-07-17 05:11:19','2018-07-17 05:11:19',NULL),(1006,33,'2018-07-17 05:11:19','2018-07-17 05:11:19',NULL),(1007,33,'2018-07-17 05:11:19','2018-07-17 05:11:19',NULL),(1008,33,'2018-07-17 05:11:19','2018-07-17 05:11:19',NULL),(1009,33,'2018-07-17 05:11:19','2018-07-17 05:11:19',NULL),(1010,33,'2018-07-17 05:11:19','2018-07-17 05:11:19',NULL),(1011,33,'2018-07-17 05:11:19','2018-07-17 05:11:19',NULL),(1012,33,'2018-07-17 05:11:19','2018-07-17 05:11:19',NULL),(1013,33,'2018-07-17 05:11:19','2018-07-17 05:11:19',NULL),(1014,33,'2018-07-17 05:11:19','2018-07-17 05:11:19',NULL),(1015,33,'2018-07-17 05:11:19','2018-07-17 05:11:19',NULL),(1016,33,'2018-07-17 05:11:19','2018-07-17 05:11:19',NULL),(1017,33,'2018-07-17 05:11:19','2018-07-17 05:11:19',NULL),(1018,33,'2018-07-17 05:11:19','2018-07-17 05:11:19',NULL),(1019,34,'2018-07-17 05:11:19','2018-07-17 05:11:19',NULL),(1020,34,'2018-07-17 05:11:19','2018-07-17 05:11:19',NULL),(1021,34,'2018-07-17 05:11:19','2018-07-17 05:11:19',NULL),(1022,34,'2018-07-17 05:11:19','2018-07-17 05:11:19',NULL),(1023,34,'2018-07-17 05:11:19','2018-07-17 05:11:19',NULL),(1024,34,'2018-07-17 05:11:19','2018-07-17 05:11:19',NULL),(1025,34,'2018-07-17 05:11:19','2018-07-17 05:11:19',NULL),(1026,34,'2018-07-17 05:11:19','2018-07-17 05:11:19',NULL),(1027,34,'2018-07-17 05:11:19','2018-07-17 05:11:19',NULL),(1028,34,'2018-07-17 05:11:19','2018-07-17 05:11:19',NULL),(1029,34,'2018-07-17 05:11:19','2018-07-17 05:11:19',NULL),(1030,34,'2018-07-17 05:11:19','2018-07-17 05:11:19',NULL),(1031,35,'2018-07-17 05:11:19','2018-07-17 05:11:19',NULL),(1032,35,'2018-07-17 05:11:19','2018-07-17 05:11:19',NULL),(1033,35,'2018-07-17 05:11:19','2018-07-17 05:11:19',NULL),(1034,35,'2018-07-17 05:11:19','2018-07-17 05:11:19',NULL),(1035,35,'2018-07-17 05:11:19','2018-07-17 05:11:19',NULL),(1036,35,'2018-07-17 05:11:19','2018-07-17 05:11:19',NULL),(1037,36,'2018-07-17 05:11:19','2018-07-17 05:11:19',NULL),(1038,36,'2018-07-17 05:11:19','2018-07-17 05:11:19',NULL),(1039,36,'2018-07-17 05:11:19','2018-07-17 05:11:19',NULL),(1040,36,'2018-07-17 05:11:19','2018-07-17 05:11:19',NULL),(1041,36,'2018-07-17 05:11:19','2018-07-17 05:11:19',NULL),(1042,36,'2018-07-17 05:11:19','2018-07-17 05:11:19',NULL),(1043,36,'2018-07-17 05:11:19','2018-07-17 05:11:19',NULL),(1044,36,'2018-07-17 05:11:19','2018-07-17 05:11:19',NULL),(1045,37,'2018-07-17 05:11:19','2018-07-17 05:11:19',NULL),(1046,37,'2018-07-17 05:11:19','2018-07-17 05:11:19',NULL),(1047,37,'2018-07-17 05:11:19','2018-07-17 05:11:19',NULL),(1048,37,'2018-07-17 05:11:19','2018-07-17 05:11:19',NULL),(1049,37,'2018-07-17 05:11:19','2018-07-17 05:11:19',NULL),(1050,37,'2018-07-17 05:11:19','2018-07-17 05:11:19',NULL),(1051,37,'2018-07-17 05:11:19','2018-07-17 05:11:19',NULL),(1052,37,'2018-07-17 05:11:19','2018-07-17 05:11:19',NULL),(1053,38,'2018-07-17 05:11:19','2018-07-17 05:11:19',NULL),(1054,38,'2018-07-17 05:11:19','2018-07-17 05:11:19',NULL),(1055,38,'2018-07-17 05:11:19','2018-07-17 05:11:19',NULL),(1056,38,'2018-07-17 05:11:19','2018-07-17 05:11:19',NULL),(1057,38,'2018-07-17 05:11:19','2018-07-17 05:11:19',NULL),(1058,38,'2018-07-17 05:11:19','2018-07-17 05:11:19',NULL),(1059,38,'2018-07-17 05:11:19','2018-07-17 05:11:19',NULL),(1060,38,'2018-07-17 05:11:19','2018-07-17 05:11:19',NULL),(1061,38,'2018-07-17 05:11:19','2018-07-17 05:11:19',NULL),(1062,38,'2018-07-17 05:11:19','2018-07-17 05:11:19',NULL),(1063,38,'2018-07-17 05:11:19','2018-07-17 05:11:19',NULL),(1064,38,'2018-07-17 05:11:19','2018-07-17 05:11:19',NULL),(1065,38,'2018-07-17 05:11:19','2018-07-17 05:11:19',NULL),(1066,38,'2018-07-17 05:11:19','2018-07-17 05:11:19',NULL),(1067,38,'2018-07-17 05:11:19','2018-07-17 05:11:19',NULL),(1068,38,'2018-07-17 05:11:19','2018-07-17 05:11:19',NULL),(1069,38,'2018-07-17 05:11:19','2018-07-17 05:11:19',NULL),(1070,38,'2018-07-17 05:11:19','2018-07-17 05:11:19',NULL),(1071,38,'2018-07-17 05:11:19','2018-07-17 05:11:19',NULL),(1072,38,'2018-07-17 05:11:19','2018-07-17 05:11:19',NULL),(1073,39,'2018-07-17 05:11:19','2018-07-17 05:11:19',NULL),(1074,39,'2018-07-17 05:11:19','2018-07-17 05:11:19',NULL),(1075,39,'2018-07-17 05:11:19','2018-07-17 05:11:19',NULL),(1076,39,'2018-07-17 05:11:19','2018-07-17 05:11:19',NULL),(1077,39,'2018-07-17 05:11:19','2018-07-17 05:11:19',NULL),(1078,39,'2018-07-17 05:11:19','2018-07-17 05:11:19',NULL),(1079,39,'2018-07-17 05:11:19','2018-07-17 05:11:19',NULL),(1080,39,'2018-07-17 05:11:19','2018-07-17 05:11:19',NULL),(1081,39,'2018-07-17 05:11:19','2018-07-17 05:11:19',NULL),(1082,39,'2018-07-17 05:11:19','2018-07-17 05:11:19',NULL),(1083,39,'2018-07-17 05:11:19','2018-07-17 05:11:19',NULL),(1084,39,'2018-07-17 05:11:19','2018-07-17 05:11:19',NULL),(1085,40,'2018-07-17 05:11:19','2018-07-17 05:11:19',NULL),(1086,40,'2018-07-17 05:11:19','2018-07-17 05:11:19',NULL),(1087,40,'2018-07-17 05:11:19','2018-07-17 05:11:19',NULL),(1088,40,'2018-07-17 05:11:19','2018-07-17 05:11:19',NULL),(1089,40,'2018-07-17 05:11:19','2018-07-17 05:11:19',NULL),(1090,40,'2018-07-17 05:11:19','2018-07-17 05:11:19',NULL),(1091,40,'2018-07-17 05:11:19','2018-07-17 05:11:19',NULL),(1092,41,'2018-07-17 05:11:19','2018-07-17 05:11:19',NULL),(1093,41,'2018-07-17 05:11:19','2018-07-17 05:11:19',NULL),(1094,41,'2018-07-17 05:11:19','2018-07-17 05:11:19',NULL),(1095,41,'2018-07-17 05:11:19','2018-07-17 05:11:19',NULL),(1096,41,'2018-07-17 05:11:19','2018-07-17 05:11:19',NULL),(1097,41,'2018-07-17 05:11:19','2018-07-17 05:11:19',NULL),(1098,41,'2018-07-17 05:11:19','2018-07-17 05:11:19',NULL),(1099,41,'2018-07-17 05:11:19','2018-07-17 05:11:19',NULL),(1100,41,'2018-07-17 05:11:19','2018-07-17 05:11:19',NULL),(1101,41,'2018-07-17 05:11:19','2018-07-17 05:11:19',NULL),(1102,41,'2018-07-17 05:11:19','2018-07-17 05:11:19',NULL),(1103,42,'2018-07-17 05:11:19','2018-07-17 05:11:19',NULL),(1104,42,'2018-07-17 05:11:19','2018-07-17 05:11:19',NULL),(1105,42,'2018-07-17 05:11:19','2018-07-17 05:11:19',NULL),(1106,42,'2018-07-17 05:11:19','2018-07-17 05:11:19',NULL),(1107,42,'2018-07-17 05:11:19','2018-07-17 05:11:19',NULL),(1108,42,'2018-07-17 05:11:19','2018-07-17 05:11:19',NULL),(1109,42,'2018-07-17 05:11:19','2018-07-17 05:11:19',NULL),(1110,42,'2018-07-17 05:11:19','2018-07-17 05:11:19',NULL),(1111,42,'2018-07-17 05:11:19','2018-07-17 05:11:19',NULL),(1112,42,'2018-07-17 05:11:19','2018-07-17 05:11:19',NULL),(1113,42,'2018-07-17 05:11:19','2018-07-17 05:11:19',NULL),(1114,43,'2018-07-17 05:11:19','2018-07-17 05:11:19',NULL),(1115,43,'2018-07-17 05:11:19','2018-07-17 05:11:19',NULL),(1116,43,'2018-07-17 05:11:19','2018-07-17 05:11:19',NULL),(1117,43,'2018-07-17 05:11:19','2018-07-17 05:11:19',NULL),(1118,43,'2018-07-17 05:11:19','2018-07-17 05:11:19',NULL),(1119,43,'2018-07-17 05:11:19','2018-07-17 05:11:19',NULL),(1120,43,'2018-07-17 05:11:19','2018-07-17 05:11:19',NULL),(1121,43,'2018-07-17 05:11:19','2018-07-17 05:11:19',NULL),(1122,43,'2018-07-17 05:11:19','2018-07-17 05:11:19',NULL),(1123,43,'2018-07-17 05:11:19','2018-07-17 05:11:19',NULL),(1124,43,'2018-07-17 05:11:19','2018-07-17 05:11:19',NULL),(1125,43,'2018-07-17 05:11:19','2018-07-17 05:11:19',NULL),(1126,44,'2018-07-17 05:11:19','2018-07-17 05:11:19',NULL),(1127,44,'2018-07-17 05:11:19','2018-07-17 05:11:19',NULL),(1128,44,'2018-07-17 05:11:19','2018-07-17 05:11:19',NULL),(1129,44,'2018-07-17 05:11:19','2018-07-17 05:11:19',NULL),(1130,44,'2018-07-17 05:11:19','2018-07-17 05:11:19',NULL),(1131,44,'2018-07-17 05:11:19','2018-07-17 05:11:19',NULL),(1132,45,'2018-07-17 05:11:19','2018-07-17 05:11:19',NULL),(1133,45,'2018-07-17 05:11:19','2018-07-17 05:11:19',NULL),(1134,45,'2018-07-17 05:11:19','2018-07-17 05:11:19',NULL),(1135,45,'2018-07-17 05:11:19','2018-07-17 05:11:19',NULL),(1136,46,'2018-07-17 05:11:19','2018-07-17 05:11:19',NULL),(1137,46,'2018-07-17 05:11:19','2018-07-17 05:11:19',NULL),(1138,46,'2018-07-17 05:11:19','2018-07-17 05:11:19',NULL),(1139,47,'2018-07-17 05:11:19','2018-07-17 05:11:19',NULL),(1140,47,'2018-07-17 05:11:19','2018-07-17 05:11:19',NULL),(1141,47,'2018-07-17 05:11:19','2018-07-17 05:11:19',NULL),(1142,47,'2018-07-17 05:11:19','2018-07-17 05:11:19',NULL),(1143,47,'2018-07-17 05:11:19','2018-07-17 05:11:19',NULL),(1144,47,'2018-07-17 05:11:19','2018-07-17 05:11:19',NULL),(1145,47,'2018-07-17 05:11:19','2018-07-17 05:11:19',NULL),(1146,47,'2018-07-17 05:11:19','2018-07-17 05:11:19',NULL),(1147,47,'2018-07-17 05:11:19','2018-07-17 05:11:19',NULL),(1148,47,'2018-07-17 05:11:19','2018-07-17 05:11:19',NULL),(1149,47,'2018-07-17 05:11:19','2018-07-17 05:11:19',NULL),(1150,47,'2018-07-17 05:11:19','2018-07-17 05:11:19',NULL),(1151,47,'2018-07-17 05:11:19','2018-07-17 05:11:19',NULL),(1152,47,'2018-07-17 05:11:19','2018-07-17 05:11:19',NULL),(1153,48,'2018-07-17 05:11:19','2018-07-17 05:11:19',NULL),(1154,48,'2018-07-17 05:11:19','2018-07-17 05:11:19',NULL),(1155,48,'2018-07-17 05:11:19','2018-07-17 05:11:19',NULL),(1156,48,'2018-07-17 05:11:19','2018-07-17 05:11:19',NULL),(1157,48,'2018-07-17 05:11:19','2018-07-17 05:11:19',NULL),(1158,48,'2018-07-17 05:11:19','2018-07-17 05:11:19',NULL),(1159,48,'2018-07-17 05:11:19','2018-07-17 05:11:19',NULL),(1160,48,'2018-07-17 05:11:19','2018-07-17 05:11:19',NULL),(1161,49,'2018-07-17 05:11:19','2018-07-17 05:11:19',NULL),(1162,49,'2018-07-17 05:11:19','2018-07-17 05:11:19',NULL),(1163,49,'2018-07-17 05:11:19','2018-07-17 05:11:19',NULL),(1164,49,'2018-07-17 05:11:19','2018-07-17 05:11:19',NULL),(1165,49,'2018-07-17 05:11:19','2018-07-17 05:11:19',NULL),(1166,49,'2018-07-17 05:11:19','2018-07-17 05:11:19',NULL),(1167,49,'2018-07-17 05:11:19','2018-07-17 05:11:19',NULL),(1168,50,'2018-07-17 05:11:19','2018-07-17 05:11:19',NULL),(1169,50,'2018-07-17 05:11:19','2018-07-17 05:11:19',NULL),(1170,50,'2018-07-17 05:11:19','2018-07-17 05:11:19',NULL);

/*Table structure for table `car_makers` */

DROP TABLE IF EXISTS `car_makers`;

CREATE TABLE `car_makers` (
  `id` int(10) unsigned NOT NULL AUTO_INCREMENT,
  `title` varchar(191) COLLATE utf8mb4_unicode_ci NOT NULL,
  `created_at` timestamp NULL DEFAULT NULL,
  `updated_at` timestamp NULL DEFAULT NULL,
  `deleted_at` timestamp NULL DEFAULT NULL,
  PRIMARY KEY (`id`)
) ENGINE=InnoDB AUTO_INCREMENT=96 DEFAULT CHARSET=utf8mb4 COLLATE=utf8mb4_unicode_ci;

/*Data for the table `car_makers` */

insert  into `car_makers`(`id`,`title`,`created_at`,`updated_at`,`deleted_at`) values (1,'Acura','2018-07-17 05:11:20','2018-07-17 05:11:20',NULL),(2,'Alfa Romeo','2018-07-17 05:11:20','2018-07-17 05:11:20',NULL),(3,'Aston Martin','2018-07-17 05:11:20','2018-07-17 05:11:20',NULL),(4,'Audi','2018-07-17 05:11:20','2018-07-17 05:11:20',NULL),(5,'BAIC','2018-07-17 05:11:20','2018-07-17 05:11:20',NULL),(6,'BMW','2018-07-17 05:11:20','2018-07-17 05:11:20',NULL),(7,'Bentley','2018-07-17 05:11:20','2018-07-17 05:11:20',NULL),(8,'Bizzarrini','2018-07-17 05:11:20','2018-07-17 05:11:20',NULL),(9,'Brilliance','2018-07-17 05:11:20','2018-07-17 05:11:20',NULL),(10,'Bufori','2018-07-17 05:11:20','2018-07-17 05:11:20',NULL),(11,'Bugatti','2018-07-17 05:11:20','2018-07-17 05:11:20',NULL),(12,'Buick','2018-07-17 05:11:20','2018-07-17 05:11:20',NULL),(13,'CMC','2018-07-17 05:11:20','2018-07-17 05:11:20',NULL),(14,'Cadillac','2018-07-17 05:11:20','2018-07-17 05:11:20',NULL),(15,'Caterham','2018-07-17 05:11:20','2018-07-17 05:11:20',NULL),(16,'Changan','2018-07-17 05:11:20','2018-07-17 05:11:20',NULL),(17,'Chery','2018-07-17 05:11:20','2018-07-17 05:11:20',NULL),(18,'Chevrolet','2018-07-17 05:11:20','2018-07-17 05:11:20',NULL),(19,'Chrysler','2018-07-17 05:11:20','2018-07-17 05:11:20',NULL),(20,'Citroen','2018-07-17 05:11:20','2018-07-17 05:11:20',NULL),(21,'Daewoo','2018-07-17 05:11:20','2018-07-17 05:11:20',NULL),(22,'Daihatsu','2018-07-17 05:11:20','2018-07-17 05:11:20',NULL),(23,'DeLorean','2018-07-17 05:11:20','2018-07-17 05:11:20',NULL),(24,'Dodge','2018-07-17 05:11:20','2018-07-17 05:11:20',NULL),(25,'Equus','2018-07-17 05:11:20','2018-07-17 05:11:20',NULL),(26,' Ferrari','2018-07-17 05:11:20','2018-07-17 05:11:20',NULL),(27,'Fiat','2018-07-17 05:11:20','2018-07-17 05:11:20',NULL),(28,'Fisker','2018-07-17 05:11:20','2018-07-17 05:11:20',NULL),(29,'Force','2018-07-17 05:11:20','2018-07-17 05:11:20',NULL),(30,'Ford','2018-07-17 05:11:20','2018-07-17 05:11:20',NULL),(31,'Foton','2018-07-17 05:11:20','2018-07-17 05:11:20',NULL),(32,'GAC Gonow','2018-07-17 05:11:20','2018-07-17 05:11:20',NULL),(33,'GMC','2018-07-17 05:11:20','2018-07-17 05:11:20',NULL),(34,'Geely','2018-07-17 05:11:20','2018-07-17 05:11:20',NULL),(35,'Grand Tiger','2018-07-17 05:11:20','2018-07-17 05:11:20',NULL),(36,'Honda','2018-07-17 05:11:20','2018-07-17 05:11:20',NULL),(37,'Hummer','2018-07-17 05:11:20','2018-07-17 05:11:20',NULL),(38,'Hyundai','2018-07-17 05:11:20','2018-07-17 05:11:20',NULL),(39,'Infiniti','2018-07-17 05:11:20','2018-07-17 05:11:20',NULL),(40,'Isuzu','2018-07-17 05:11:20','2018-07-17 05:11:20',NULL),(41,'JAC','2018-07-17 05:11:20','2018-07-17 05:11:20',NULL),(42,'JMC','2018-07-17 05:11:20','2018-07-17 05:11:20',NULL),(43,'Jaguar','2018-07-17 05:11:20','2018-07-17 05:11:20',NULL),(44,'Jeep','2018-07-17 05:11:20','2018-07-17 05:11:20',NULL),(45,'Jinbei','2018-07-17 05:11:20','2018-07-17 05:11:20',NULL),(46,'KTM','2018-07-17 05:11:20','2018-07-17 05:11:20',NULL),(47,'Kia','2018-07-17 05:11:20','2018-07-17 05:11:20',NULL),(48,'Koenigsegg','2018-07-17 05:11:20','2018-07-17 05:11:20',NULL),(49,'Lada','2018-07-17 05:11:20','2018-07-17 05:11:20',NULL),(50,'Lamborghini','2018-07-17 05:11:20','2018-07-17 05:11:20',NULL),(51,'Lancia','2018-07-17 05:11:20','2018-07-17 05:11:20',NULL),(52,'Land Rover','2018-07-17 05:11:20','2018-07-17 05:11:20',NULL),(53,'Lexus','2018-07-17 05:11:20','2018-07-17 05:11:20',NULL),(54,'Lincoln','2018-07-17 05:11:20','2018-07-17 05:11:20',NULL),(55,'Lotus','2018-07-17 05:11:20','2018-07-17 05:11:20',NULL),(56,'Luxgen','2018-07-17 05:11:20','2018-07-17 05:11:20',NULL),(57,'MG','2018-07-17 05:11:20','2018-07-17 05:11:20',NULL),(58,'Mini','2018-07-17 05:11:20','2018-07-17 05:11:20',NULL),(59,'Mahindra','2018-07-17 05:11:20','2018-07-17 05:11:20',NULL),(60,'Maserati','2018-07-17 05:11:20','2018-07-17 05:11:20',NULL),(61,'Maybach','2018-07-17 05:11:20','2018-07-17 05:11:20',NULL),(62,'Mazda','2018-07-17 05:11:20','2018-07-17 05:11:20',NULL),(63,'McLaren','2018-07-17 05:11:20','2018-07-17 05:11:20',NULL),(64,'Mercedes-Benz','2018-07-17 05:11:20','2018-07-17 05:11:20',NULL),(65,'Mercury','2018-07-17 05:11:20','2018-07-17 05:11:20',NULL),(66,'Mitsubishi','2018-07-17 05:11:20','2018-07-17 05:11:20',NULL),(67,'Morgan','2018-07-17 05:11:20','2018-07-17 05:11:20',NULL),(68,'Nissan','2018-07-17 05:11:20','2018-07-17 05:11:20',NULL),(69,'Opel','2018-07-17 05:11:20','2018-07-17 05:11:20',NULL),(70,'Oullim','2018-07-17 05:11:20','2018-07-17 05:11:20',NULL),(71,'Pagani','2018-07-17 05:11:20','2018-07-17 05:11:20',NULL),(72,'Peugeot','2018-07-17 05:11:20','2018-07-17 05:11:20',NULL),(73,'Pontiac','2018-07-17 05:11:20','2018-07-17 05:11:20',NULL),(74,'Porsche','2018-07-17 05:11:20','2018-07-17 05:11:20',NULL),(75,'Proton','2018-07-17 05:11:20','2018-07-17 05:11:20',NULL),(76,'Renault','2018-07-17 05:11:20','2018-07-17 05:11:20',NULL),(77,'Rolls Royce','2018-07-17 05:11:20','2018-07-17 05:11:20',NULL),(78,'Rover','2018-07-17 05:11:20','2018-07-17 05:11:20',NULL),(79,'Saab','2018-07-17 05:11:20','2018-07-17 05:11:20',NULL),(80,'Seat','2018-07-17 05:11:20','2018-07-17 05:11:20',NULL),(81,'Shenlong / Sunlong','2018-07-17 05:11:20','2018-07-17 05:11:20',NULL),(82,'Skoda','2018-07-17 05:11:20','2018-07-17 05:11:20',NULL),(83,'Smart','2018-07-17 05:11:20','2018-07-17 05:11:20',NULL),(84,'Speranza','2018-07-17 05:11:20','2018-07-17 05:11:20',NULL),(85,'Ssang Yong','2018-07-17 05:11:20','2018-07-17 05:11:20',NULL),(86,'Subaru','2018-07-17 05:11:20','2018-07-17 05:11:20',NULL),(87,'Suzuki','2018-07-17 05:11:20','2018-07-17 05:11:20',NULL),(88,'TATA','2018-07-17 05:11:20','2018-07-17 05:11:20',NULL),(89,'Tesla','2018-07-17 05:11:20','2018-07-17 05:11:20',NULL),(90,'Toyota','2018-07-17 05:11:20','2018-07-17 05:11:20',NULL),(91,'UAZ','2018-07-17 05:11:20','2018-07-17 05:11:20',NULL),(92,'Volkswagen','2018-07-17 05:11:20','2018-07-17 05:11:20',NULL),(93,'Volvo','2018-07-17 05:11:20','2018-07-17 05:11:20',NULL),(94,'Wiesmann','2018-07-17 05:11:20','2018-07-17 05:11:20',NULL),(95,'Other Make','2018-07-17 05:11:20','2018-07-17 05:11:20',NULL);

/*Table structure for table `car_models` */

DROP TABLE IF EXISTS `car_models`;

CREATE TABLE `car_models` (
  `id` int(10) unsigned NOT NULL AUTO_INCREMENT,
  `title` varchar(191) COLLATE utf8mb4_unicode_ci NOT NULL,
  `car_maker_id` int(10) unsigned NOT NULL,
  `created_at` timestamp NULL DEFAULT NULL,
  `updated_at` timestamp NULL DEFAULT NULL,
  `deleted_at` timestamp NULL DEFAULT NULL,
  PRIMARY KEY (`id`),
  KEY `car_models_car_maker_id_foreign` (`car_maker_id`),
  CONSTRAINT `car_models_car_maker_id_foreign` FOREIGN KEY (`car_maker_id`) REFERENCES `car_makers` (`id`) ON DELETE CASCADE ON UPDATE CASCADE
) ENGINE=InnoDB AUTO_INCREMENT=905 DEFAULT CHARSET=utf8mb4 COLLATE=utf8mb4_unicode_ci;

/*Data for the table `car_models` */

insert  into `car_models`(`id`,`title`,`car_maker_id`,`created_at`,`updated_at`,`deleted_at`) values (1,'CSX/EL',1,'2018-07-17 05:11:20','2018-07-17 05:11:20',NULL),(2,'MDX',1,'2018-07-17 05:11:20','2018-07-17 05:11:20',NULL),(3,'NSX',1,'2018-07-17 05:11:20','2018-07-17 05:11:20',NULL),(4,'RDX',1,'2018-07-17 05:11:20','2018-07-17 05:11:20',NULL),(5,'RSX / Integra',1,'2018-07-17 05:11:20','2018-07-17 05:11:20',NULL),(6,'Other',1,'2018-07-17 05:11:20','2018-07-17 05:11:20',NULL),(7,'145/146/147',2,'2018-07-17 05:11:20','2018-07-17 05:11:20',NULL),(8,'156/159',2,'2018-07-17 05:11:20','2018-07-17 05:11:20',NULL),(9,'166',2,'2018-07-17 05:11:20','2018-07-17 05:11:20',NULL),(10,'4C',2,'2018-07-17 05:11:20','2018-07-17 05:11:20',NULL),(11,'Brera',2,'2018-07-17 05:11:20','2018-07-17 05:11:20',NULL),(12,'Giulietta',2,'2018-07-17 05:11:20','2018-07-17 05:11:20',NULL),(13,'GTV/GT',2,'2018-07-17 05:11:20','2018-07-17 05:11:20',NULL),(14,'Giulia',2,'2018-07-17 05:11:20','2018-07-17 05:11:20',NULL),(15,'Mito',2,'2018-07-17 05:11:20','2018-07-17 05:11:20',NULL),(16,'Spider',2,'2018-07-17 05:11:20','2018-07-17 05:11:20',NULL),(17,'Other',2,'2018-07-17 05:11:20','2018-07-17 05:11:20',NULL),(18,'Cygnet',3,'2018-07-17 05:11:20','2018-07-17 05:11:20',NULL),(19,'DB10',3,'2018-07-17 05:11:20','2018-07-17 05:11:20',NULL),(20,'DB9',3,'2018-07-17 05:11:20','2018-07-17 05:11:20',NULL),(21,'DB7',3,'2018-07-17 05:11:20','2018-07-17 05:11:20',NULL),(22,'DBS',3,'2018-07-17 05:11:20','2018-07-17 05:11:20',NULL),(23,'Lagonda',3,'2018-07-17 05:11:20','2018-07-17 05:11:20',NULL),(24,'One-77',3,'2018-07-17 05:11:20','2018-07-17 05:11:20',NULL),(25,'Rapide',3,'2018-07-17 05:11:20','2018-07-17 05:11:20',NULL),(26,'Vanquish',3,'2018-07-17 05:11:20','2018-07-17 05:11:20',NULL),(27,'Vantage',3,'2018-07-17 05:11:20','2018-07-17 05:11:20',NULL),(28,'Virage',3,'2018-07-17 05:11:20','2018-07-17 05:11:20',NULL),(29,'Vulcan',3,'2018-07-17 05:11:20','2018-07-17 05:11:20',NULL),(30,'Zagato',3,'2018-07-17 05:11:20','2018-07-17 05:11:20',NULL),(31,'Other',3,'2018-07-17 05:11:20','2018-07-17 05:11:20',NULL),(32,'A1',4,'2018-07-17 05:11:20','2018-07-17 05:11:20',NULL),(33,'A3',4,'2018-07-17 05:11:20','2018-07-17 05:11:20',NULL),(34,'A4',4,'2018-07-17 05:11:20','2018-07-17 05:11:20',NULL),(35,'A5',4,'2018-07-17 05:11:20','2018-07-17 05:11:20',NULL),(36,'A6',4,'2018-07-17 05:11:20','2018-07-17 05:11:20',NULL),(37,'A7',4,'2018-07-17 05:11:20','2018-07-17 05:11:20',NULL),(38,'A8',4,'2018-07-17 05:11:20','2018-07-17 05:11:20',NULL),(39,'Q3',4,'2018-07-17 05:11:20','2018-07-17 05:11:20',NULL),(40,'Q5',4,'2018-07-17 05:11:20','2018-07-17 05:11:20',NULL),(41,'Q7',4,'2018-07-17 05:11:20','2018-07-17 05:11:20',NULL),(42,'R8',4,'2018-07-17 05:11:20','2018-07-17 05:11:20',NULL),(43,'S3/RS3',4,'2018-07-17 05:11:20','2018-07-17 05:11:20',NULL),(44,'S4/RS4',4,'2018-07-17 05:11:20','2018-07-17 05:11:20',NULL),(45,'S5/RS5',4,'2018-07-17 05:11:20','2018-07-17 05:11:20',NULL),(46,'S6/RS6',4,'2018-07-17 05:11:20','2018-07-17 05:11:20',NULL),(47,'S7/RS7',4,'2018-07-17 05:11:20','2018-07-17 05:11:20',NULL),(48,'S8',4,'2018-07-17 05:11:20','2018-07-17 05:11:20',NULL),(49,'TT',4,'2018-07-17 05:11:20','2018-07-17 05:11:20',NULL),(50,'Other',4,'2018-07-17 05:11:20','2018-07-17 05:11:20',NULL),(51,'A1',5,'2018-07-17 05:11:20','2018-07-17 05:11:20',NULL),(52,'A113',5,'2018-07-17 05:11:20','2018-07-17 05:11:20',NULL),(53,'A115',5,'2018-07-17 05:11:20','2018-07-17 05:11:20',NULL),(54,'A523',5,'2018-07-17 05:11:20','2018-07-17 05:11:20',NULL),(55,'MZ40',5,'2018-07-17 05:11:20','2018-07-17 05:11:20',NULL),(56,'MZ45',5,'2018-07-17 05:11:20','2018-07-17 05:11:20',NULL),(57,'X424',5,'2018-07-17 05:11:20','2018-07-17 05:11:20',NULL),(58,'Other',5,'2018-07-17 05:11:20','2018-07-17 05:11:20',NULL),(59,'1-Series',6,'2018-07-17 05:11:20','2018-07-17 05:11:20',NULL),(60,'2-Series',6,'2018-07-17 05:11:20','2018-07-17 05:11:20',NULL),(61,'3-Series',6,'2018-07-17 05:11:20','2018-07-17 05:11:20',NULL),(62,'4-Series',6,'2018-07-17 05:11:20','2018-07-17 05:11:20',NULL),(63,'5-Series',6,'2018-07-17 05:11:20','2018-07-17 05:11:20',NULL),(64,'6-Series',6,'2018-07-17 05:11:20','2018-07-17 05:11:20',NULL),(65,'7-Series',6,'2018-07-17 05:11:20','2018-07-17 05:11:20',NULL),(66,'8-Series',6,'2018-07-17 05:11:20','2018-07-17 05:11:20',NULL),(67,'M-Coupe',6,'2018-07-17 05:11:20','2018-07-17 05:11:20',NULL),(68,'M-Roadster',6,'2018-07-17 05:11:20','2018-07-17 05:11:20',NULL),(69,'M2',6,'2018-07-17 05:11:20','2018-07-17 05:11:20',NULL),(70,'M3',6,'2018-07-17 05:11:20','2018-07-17 05:11:20',NULL),(71,'M4',6,'2018-07-17 05:11:20','2018-07-17 05:11:20',NULL),(72,'M5',6,'2018-07-17 05:11:20','2018-07-17 05:11:20',NULL),(73,'M6',6,'2018-07-17 05:11:20','2018-07-17 05:11:20',NULL),(74,'X1',6,'2018-07-17 05:11:20','2018-07-17 05:11:20',NULL),(75,'X3',6,'2018-07-17 05:11:20','2018-07-17 05:11:20',NULL),(76,'X4',6,'2018-07-17 05:11:20','2018-07-17 05:11:20',NULL),(77,'X5',6,'2018-07-17 05:11:20','2018-07-17 05:11:20',NULL),(78,'X6',6,'2018-07-17 05:11:20','2018-07-17 05:11:20',NULL),(79,'Z3',6,'2018-07-17 05:11:20','2018-07-17 05:11:20',NULL),(80,'Z4',6,'2018-07-17 05:11:20','2018-07-17 05:11:20',NULL),(81,'Z8',6,'2018-07-17 05:11:20','2018-07-17 05:11:20',NULL),(82,'I8',6,'2018-07-17 05:11:20','2018-07-17 05:11:20',NULL),(83,'Other',6,'2018-07-17 05:11:20','2018-07-17 05:11:20',NULL),(84,'Arnage',7,'2018-07-17 05:11:20','2018-07-17 05:11:20',NULL),(85,'Azure',7,'2018-07-17 05:11:20','2018-07-17 05:11:20',NULL),(86,'Bentayga',7,'2018-07-17 05:11:20','2018-07-17 05:11:20',NULL),(87,'Brooklands',7,'2018-07-17 05:11:20','2018-07-17 05:11:20',NULL),(88,'Continental',7,'2018-07-17 05:11:20','2018-07-17 05:11:20',NULL),(89,'Continental Flying Spur',7,'2018-07-17 05:11:20','2018-07-17 05:11:20',NULL),(90,'Continental GT',7,'2018-07-17 05:11:20','2018-07-17 05:11:20',NULL),(91,'Mulsanne',7,'2018-07-17 05:11:20','2018-07-17 05:11:20',NULL),(92,'Other',7,'2018-07-17 05:11:20','2018-07-17 05:11:20',NULL),(93,'Other',8,'2018-07-17 05:11:20','2018-07-17 05:11:20',NULL),(94,'H530',9,'2018-07-17 05:11:20','2018-07-17 05:11:20',NULL),(95,'V5',9,'2018-07-17 05:11:20','2018-07-17 05:11:20',NULL),(96,'Other',9,'2018-07-17 05:11:20','2018-07-17 05:11:20',NULL),(97,'Other',10,'2018-07-17 05:11:20','2018-07-17 05:11:20',NULL),(98,'Grand Sport',11,'2018-07-17 05:11:20','2018-07-17 05:11:20',NULL),(99,'Grand Sport Vitesse',11,'2018-07-17 05:11:20','2018-07-17 05:11:20',NULL),(100,'Super Sport',11,'2018-07-17 05:11:20','2018-07-17 05:11:20',NULL),(101,'Veyron',11,'2018-07-17 05:11:20','2018-07-17 05:11:20',NULL),(102,'Veyron 16.4',11,'2018-07-17 05:11:20','2018-07-17 05:11:20',NULL),(103,'Other',11,'2018-07-17 05:11:20','2018-07-17 05:11:20',NULL),(104,'Other',12,'2018-07-17 05:11:20','2018-07-17 05:11:20',NULL),(105,'Veryca',13,'2018-07-17 05:11:20','2018-07-17 05:11:20',NULL),(106,'Z7',13,'2018-07-17 05:11:20','2018-07-17 05:11:20',NULL),(107,'Other',13,'2018-07-17 05:11:20','2018-07-17 05:11:20',NULL),(108,'ATS',14,'2018-07-17 05:11:20','2018-07-17 05:11:20',NULL),(109,'BLS',14,'2018-07-17 05:11:20','2018-07-17 05:11:20',NULL),(110,'CT6',14,'2018-07-17 05:11:20','2018-07-17 05:11:20',NULL),(111,'CTS/Catera',14,'2018-07-17 05:11:20','2018-07-17 05:11:20',NULL),(112,'DTS/De Ville',14,'2018-07-17 05:11:20','2018-07-17 05:11:20',NULL),(113,'Escalade',14,'2018-07-17 05:11:20','2018-07-17 05:11:20',NULL),(114,'Fleetwood',14,'2018-07-17 05:11:20','2018-07-17 05:11:20',NULL),(115,'SRX',14,'2018-07-17 05:11:20','2018-07-17 05:11:20',NULL),(116,'STS/Seville',14,'2018-07-17 05:11:20','2018-07-17 05:11:20',NULL),(117,'XLR',14,'2018-07-17 05:11:20','2018-07-17 05:11:20',NULL),(118,'XT5',14,'2018-07-17 05:11:20','2018-07-17 05:11:20',NULL),(119,'XTR/Eldorado',14,'2018-07-17 05:11:20','2018-07-17 05:11:20',NULL),(120,'XTS',14,'2018-07-17 05:11:20','2018-07-17 05:11:20',NULL),(121,'Other',14,'2018-07-17 05:11:20','2018-07-17 05:11:20',NULL),(122,'620 R',15,'2018-07-17 05:11:20','2018-07-17 05:11:20',NULL),(123,'CSR',15,'2018-07-17 05:11:20','2018-07-17 05:11:20',NULL),(124,'Seven 165',15,'2018-07-17 05:11:20','2018-07-17 05:11:20',NULL),(125,'Seven 270',15,'2018-07-17 05:11:20','2018-07-17 05:11:20',NULL),(126,'Seven 360',15,'2018-07-17 05:11:20','2018-07-17 05:11:20',NULL),(127,'Seven 420',15,'2018-07-17 05:11:20','2018-07-17 05:11:20',NULL),(128,'Other',15,'2018-07-17 05:11:20','2018-07-17 05:11:20',NULL),(129,'Alswin',16,'2018-07-17 05:11:20','2018-07-17 05:11:20',NULL),(130,'Cs35',16,'2018-07-17 05:11:20','2018-07-17 05:11:20',NULL),(131,'Cs75',16,'2018-07-17 05:11:20','2018-07-17 05:11:20',NULL),(132,'Eado',16,'2018-07-17 05:11:20','2018-07-17 05:11:20',NULL),(133,'Other',16,'2018-07-17 05:11:20','2018-07-17 05:11:20',NULL),(134,'Arrizo 7',17,'2018-07-17 05:11:20','2018-07-17 05:11:20',NULL),(135,'E5',17,'2018-07-17 05:11:20','2018-07-17 05:11:20',NULL),(136,'Tiggo 3',17,'2018-07-17 05:11:20','2018-07-17 05:11:20',NULL),(137,'Tiggo 5',17,'2018-07-17 05:11:20','2018-07-17 05:11:20',NULL),(138,'Other',17,'2018-07-17 05:11:20','2018-07-17 05:11:20',NULL),(139,'Astro',18,'2018-07-17 05:11:20','2018-07-17 05:11:20',NULL),(140,'Avalanche',18,'2018-07-17 05:11:20','2018-07-17 05:11:20',NULL),(141,'Aveo',18,'2018-07-17 05:11:20','2018-07-17 05:11:20',NULL),(142,'CSV',18,'2018-07-17 05:11:20','2018-07-17 05:11:20',NULL),(143,'Camero',18,'2018-07-17 05:11:20','2018-07-17 05:11:20',NULL),(144,'Caprice',18,'2018-07-17 05:11:20','2018-07-17 05:11:20',NULL),(145,'Captiva',18,'2018-07-17 05:11:20','2018-07-17 05:11:20',NULL),(146,'Cavalier',18,'2018-07-17 05:11:20','2018-07-17 05:11:20',NULL),(147,'Colorado',18,'2018-07-17 05:11:20','2018-07-17 05:11:20',NULL),(148,'Corvette',18,'2018-07-17 05:11:20','2018-07-17 05:11:20',NULL),(149,'Cruze',18,'2018-07-17 05:11:20','2018-07-17 05:11:20',NULL),(150,'Epica',18,'2018-07-17 05:11:20','2018-07-17 05:11:20',NULL),(151,'Explorer',18,'2018-07-17 05:11:20','2018-07-17 05:11:20',NULL),(152,'Express',18,'2018-07-17 05:11:20','2018-07-17 05:11:20',NULL),(153,'Impala',18,'2018-07-17 05:11:20','2018-07-17 05:11:20',NULL),(154,'Lumina',18,'2018-07-17 05:11:20','2018-07-17 05:11:20',NULL),(155,'Malibu',18,'2018-07-17 05:11:20','2018-07-17 05:11:20',NULL),(156,'Optra',18,'2018-07-17 05:11:20','2018-07-17 05:11:20',NULL),(157,'Pickup',18,'2018-07-17 05:11:20','2018-07-17 05:11:20',NULL),(158,'SSR',18,'2018-07-17 05:11:20','2018-07-17 05:11:20',NULL),(159,'Silverado',18,'2018-07-17 05:11:20','2018-07-17 05:11:20',NULL),(160,'Sonic',18,'2018-07-17 05:11:20','2018-07-17 05:11:20',NULL),(161,'Spark',18,'2018-07-17 05:11:20','2018-07-17 05:11:20',NULL),(162,'Suburban',18,'2018-07-17 05:11:20','2018-07-17 05:11:20',NULL),(163,'Tahoe',18,'2018-07-17 05:11:20','2018-07-17 05:11:20',NULL),(164,'Trailblazer',18,'2018-07-17 05:11:20','2018-07-17 05:11:20',NULL),(165,'Traverse',18,'2018-07-17 05:11:20','2018-07-17 05:11:20',NULL),(166,'Trax',18,'2018-07-17 05:11:20','2018-07-17 05:11:20',NULL),(167,'Uplander',18,'2018-07-17 05:11:20','2018-07-17 05:11:20',NULL),(168,'Other',18,'2018-07-17 05:11:20','2018-07-17 05:11:20',NULL),(169,'200/200C EV',19,'2018-07-17 05:11:20','2018-07-17 05:11:20',NULL),(170,'300M/300C',19,'2018-07-17 05:11:20','2018-07-17 05:11:20',NULL),(171,'Concorde',19,'2018-07-17 05:11:20','2018-07-17 05:11:20',NULL),(172,'Crossfire',19,'2018-07-17 05:11:20','2018-07-17 05:11:20',NULL),(173,'Neon',19,'2018-07-17 05:11:20','2018-07-17 05:11:20',NULL),(174,'PT Cruiser',19,'2018-07-17 05:11:20','2018-07-17 05:11:20',NULL),(175,'Pacifica ',19,'2018-07-17 05:11:20','2018-07-17 05:11:20',NULL),(176,'Prowler',19,'2018-07-17 05:11:20','2018-07-17 05:11:20',NULL),(177,'Sebring',19,'2018-07-17 05:11:20','2018-07-17 05:11:20',NULL),(178,'Voyager / Caravan ',19,'2018-07-17 05:11:20','2018-07-17 05:11:20',NULL),(179,'Other',19,'2018-07-17 05:11:20','2018-07-17 05:11:20',NULL),(180,'AX',20,'2018-07-17 05:11:20','2018-07-17 05:11:20',NULL),(181,'Berlingo',20,'2018-07-17 05:11:20','2018-07-17 05:11:20',NULL),(182,'C-Elysee',20,'2018-07-17 05:11:20','2018-07-17 05:11:20',NULL),(183,'C3',20,'2018-07-17 05:11:20','2018-07-17 05:11:20',NULL),(184,'C4',20,'2018-07-17 05:11:20','2018-07-17 05:11:20',NULL),(185,'C5',20,'2018-07-17 05:11:20','2018-07-17 05:11:20',NULL),(186,'DS 3',20,'2018-07-17 05:11:20','2018-07-17 05:11:20',NULL),(187,'DS 4',20,'2018-07-17 05:11:20','2018-07-17 05:11:20',NULL),(188,'Jumper',20,'2018-07-17 05:11:20','2018-07-17 05:11:20',NULL),(189,'Xsara Picasso',20,'2018-07-17 05:11:20','2018-07-17 05:11:20',NULL),(190,'Other',20,'2018-07-17 05:11:20','2018-07-17 05:11:20',NULL),(191,'Lanos',21,'2018-07-17 05:11:20','2018-07-17 05:11:20',NULL),(192,'Leganza',21,'2018-07-17 05:11:20','2018-07-17 05:11:20',NULL),(193,'Matiz',21,'2018-07-17 05:11:20','2018-07-17 05:11:20',NULL),(194,'Musso',21,'2018-07-17 05:11:20','2018-07-17 05:11:20',NULL),(195,'Nubira',21,'2018-07-17 05:11:20','2018-07-17 05:11:20',NULL),(196,'Other',21,'2018-07-17 05:11:20','2018-07-17 05:11:20',NULL),(197,'Charade',22,'2018-07-17 05:11:20','2018-07-17 05:11:20',NULL),(198,'Gran Max',22,'2018-07-17 05:11:20','2018-07-17 05:11:20',NULL),(199,'Materia',22,'2018-07-17 05:11:20','2018-07-17 05:11:20',NULL),(200,'Rocky',22,'2018-07-17 05:11:20','2018-07-17 05:11:20',NULL),(201,'Sirion ',22,'2018-07-17 05:11:20','2018-07-17 05:11:20',NULL),(202,'Terios',22,'2018-07-17 05:11:20','2018-07-17 05:11:20',NULL),(203,'YRV',22,'2018-07-17 05:11:20','2018-07-17 05:11:20',NULL),(204,'Other',22,'2018-07-17 05:11:20','2018-07-17 05:11:20',NULL),(205,'Other',23,'2018-07-17 05:11:20','2018-07-17 05:11:20',NULL),(206,'Avenger',24,'2018-07-17 05:11:20','2018-07-17 05:11:20',NULL),(207,'Caliber',24,'2018-07-17 05:11:20','2018-07-17 05:11:20',NULL),(208,'Caravan',24,'2018-07-17 05:11:20','2018-07-17 05:11:20',NULL),(209,'Challenger',24,'2018-07-17 05:11:20','2018-07-17 05:11:20',NULL),(210,'Charger',24,'2018-07-17 05:11:20','2018-07-17 05:11:20',NULL),(211,'Dart',24,'2018-07-17 05:11:20','2018-07-17 05:11:20',NULL),(212,'Durango',24,'2018-07-17 05:11:20','2018-07-17 05:11:20',NULL),(213,'Journey',24,'2018-07-17 05:11:20','2018-07-17 05:11:20',NULL),(214,'Magnum',24,'2018-07-17 05:11:20','2018-07-17 05:11:20',NULL),(215,'Neon',24,'2018-07-17 05:11:20','2018-07-17 05:11:20',NULL),(216,'Nitro',24,'2018-07-17 05:11:20','2018-07-17 05:11:20',NULL),(217,'Pickup',24,'2018-07-17 05:11:20','2018-07-17 05:11:20',NULL),(218,'Ram',24,'2018-07-17 05:11:20','2018-07-17 05:11:20',NULL),(219,'Van',24,'2018-07-17 05:11:20','2018-07-17 05:11:20',NULL),(220,'Viper',24,'2018-07-17 05:11:20','2018-07-17 05:11:20',NULL),(221,'Other',24,'2018-07-17 05:11:20','2018-07-17 05:11:20',NULL),(222,'Bass 770',25,'2018-07-17 05:11:20','2018-07-17 05:11:20',NULL),(223,'Other',25,'2018-07-17 05:11:20','2018-07-17 05:11:20',NULL),(224,'355',26,'2018-07-17 05:11:20','2018-07-17 05:11:20',NULL),(225,'360',26,'2018-07-17 05:11:20','2018-07-17 05:11:20',NULL),(226,'458',26,'2018-07-17 05:11:20','2018-07-17 05:11:20',NULL),(227,'458 Italia',26,'2018-07-17 05:11:20','2018-07-17 05:11:20',NULL),(228,'458 Speciale',26,'2018-07-17 05:11:20','2018-07-17 05:11:20',NULL),(229,'458 Spider',26,'2018-07-17 05:11:20','2018-07-17 05:11:20',NULL),(230,'488',26,'2018-07-17 05:11:20','2018-07-17 05:11:20',NULL),(231,'488 GTB',26,'2018-07-17 05:11:20','2018-07-17 05:11:20',NULL),(232,'488 Spider',26,'2018-07-17 05:11:20','2018-07-17 05:11:20',NULL),(233,'512',26,'2018-07-17 05:11:20','2018-07-17 05:11:20',NULL),(234,'599',26,'2018-07-17 05:11:20','2018-07-17 05:11:20',NULL),(235,'599 GTB',26,'2018-07-17 05:11:20','2018-07-17 05:11:20',NULL),(236,'California',26,'2018-07-17 05:11:20','2018-07-17 05:11:20',NULL),(237,'California T',26,'2018-07-17 05:11:20','2018-07-17 05:11:20',NULL),(238,'F12',26,'2018-07-17 05:11:20','2018-07-17 05:11:20',NULL),(239,'F430',26,'2018-07-17 05:11:20','2018-07-17 05:11:20',NULL),(240,'F430 Spider',26,'2018-07-17 05:11:20','2018-07-17 05:11:20',NULL),(241,'FF',26,'2018-07-17 05:11:20','2018-07-17 05:11:20',NULL),(242,'Ferrari 456',26,'2018-07-17 05:11:20','2018-07-17 05:11:20',NULL),(243,'Ferrari Enzo',26,'2018-07-17 05:11:20','2018-07-17 05:11:20',NULL),(244,'GTC4 Lusso',26,'2018-07-17 05:11:20','2018-07-17 05:11:20',NULL),(245,'LaFerrari',26,'2018-07-17 05:11:20','2018-07-17 05:11:20',NULL),(246,'Scaglietti',26,'2018-07-17 05:11:20','2018-07-17 05:11:20',NULL),(247,'Super America',26,'2018-07-17 05:11:20','2018-07-17 05:11:20',NULL),(248,'Other',26,'2018-07-17 05:11:20','2018-07-17 05:11:20',NULL),(249,'Barchetta',27,'2018-07-17 05:11:20','2018-07-17 05:11:20',NULL),(250,'Brava',27,'2018-07-17 05:11:20','2018-07-17 05:11:20',NULL),(251,'Fiat-500',27,'2018-07-17 05:11:20','2018-07-17 05:11:20',NULL),(252,'Linea',27,'2018-07-17 05:11:20','2018-07-17 05:11:20',NULL),(253,'Marea',27,'2018-07-17 05:11:20','2018-07-17 05:11:20',NULL),(254,'Punto',27,'2018-07-17 05:11:20','2018-07-17 05:11:20',NULL),(255,'Sienna',27,'2018-07-17 05:11:20','2018-07-17 05:11:20',NULL),(256,'Tempra',27,'2018-07-17 05:11:20','2018-07-17 05:11:20',NULL),(257,'Uno',27,'2018-07-17 05:11:20','2018-07-17 05:11:20',NULL),(258,'Other',27,'2018-07-17 05:11:20','2018-07-17 05:11:20',NULL),(259,'Karma',28,'2018-07-17 05:11:20','2018-07-17 05:11:20',NULL),(260,'Other',28,'2018-07-17 05:11:20','2018-07-17 05:11:20',NULL),(261,'Traveller',29,'2018-07-17 05:11:20','2018-07-17 05:11:20',NULL),(262,'Other',29,'2018-07-17 05:11:20','2018-07-17 05:11:20',NULL),(263,'Aerostar',30,'2018-07-17 05:11:20','2018-07-17 05:11:20',NULL),(264,'Bronco',30,'2018-07-17 05:11:20','2018-07-17 05:11:20',NULL),(265,'Crown Victoria ',30,'2018-07-17 05:11:20','2018-07-17 05:11:20',NULL),(266,'Ecosport',30,'2018-07-17 05:11:20','2018-07-17 05:11:20',NULL),(267,'Edge',30,'2018-07-17 05:11:20','2018-07-17 05:11:20',NULL),(268,'Escape',30,'2018-07-17 05:11:20','2018-07-17 05:11:20',NULL),(269,'Escort',30,'2018-07-17 05:11:20','2018-07-17 05:11:20',NULL),(270,'Excursion',30,'2018-07-17 05:11:20','2018-07-17 05:11:20',NULL),(271,'Expedition',30,'2018-07-17 05:11:20','2018-07-17 05:11:20',NULL),(272,'Explorer',30,'2018-07-17 05:11:20','2018-07-17 05:11:20',NULL),(273,'F-Series Pickup',30,'2018-07-17 05:11:20','2018-07-17 05:11:20',NULL),(274,'Fiesta',30,'2018-07-17 05:11:20','2018-07-17 05:11:20',NULL),(275,'Figo',30,'2018-07-17 05:11:20','2018-07-17 05:11:20',NULL),(276,'Five Hundred',30,'2018-07-17 05:11:20','2018-07-17 05:11:20',NULL),(277,'Flex',30,'2018-07-17 05:11:20','2018-07-17 05:11:20',NULL),(278,'Focus',30,'2018-07-17 05:11:20','2018-07-17 05:11:20',NULL),(279,'Fusion',30,'2018-07-17 05:11:20','2018-07-17 05:11:20',NULL),(280,'GT',30,'2018-07-17 05:11:20','2018-07-17 05:11:20',NULL),(281,'Mondeo',30,'2018-07-17 05:11:20','2018-07-17 05:11:20',NULL),(282,'Mustang',30,'2018-07-17 05:11:20','2018-07-17 05:11:20',NULL),(283,'Pickup',30,'2018-07-17 05:11:20','2018-07-17 05:11:20',NULL),(284,'Ranger',30,'2018-07-17 05:11:20','2018-07-17 05:11:20',NULL),(285,'Taurus ',30,'2018-07-17 05:11:20','2018-07-17 05:11:20',NULL),(286,'Thunderbird',30,'2018-07-17 05:11:20','2018-07-17 05:11:20',NULL),(287,'Van',30,'2018-07-17 05:11:20','2018-07-17 05:11:20',NULL),(288,'Other',30,'2018-07-17 05:11:20','2018-07-17 05:11:20',NULL),(289,'SUP',31,'2018-07-17 05:11:20','2018-07-17 05:11:20',NULL),(290,'TUNLAND',31,'2018-07-17 05:11:20','2018-07-17 05:11:20',NULL),(291,'View',31,'2018-07-17 05:11:20','2018-07-17 05:11:20',NULL),(292,'Other',31,'2018-07-17 05:11:20','2018-07-17 05:11:20',NULL),(293,'Chiller Pickup',32,'2018-07-17 05:11:20','2018-07-17 05:11:20',NULL),(294,'M1/M2',32,'2018-07-17 05:11:20','2018-07-17 05:11:20',NULL),(295,'Mini Buses',32,'2018-07-17 05:11:20','2018-07-17 05:11:20',NULL),(296,'Troy 100/500',32,'2018-07-17 05:11:20','2018-07-17 05:11:20',NULL),(297,'Other',32,'2018-07-17 05:11:20','2018-07-17 05:11:20',NULL),(298,'Acadia',33,'2018-07-17 05:11:20','2018-07-17 05:11:20',NULL),(299,'Canyon',33,'2018-07-17 05:11:20','2018-07-17 05:11:20',NULL),(300,'Envoy',33,'2018-07-17 05:11:20','2018-07-17 05:11:20',NULL),(301,'Jimmy',33,'2018-07-17 05:11:20','2018-07-17 05:11:20',NULL),(302,'Pickup',33,'2018-07-17 05:11:20','2018-07-17 05:11:20',NULL),(303,'Savana',33,'2018-07-17 05:11:20','2018-07-17 05:11:20',NULL),(304,'Sierra',33,'2018-07-17 05:11:20','2018-07-17 05:11:20',NULL),(305,'Suburban ',33,'2018-07-17 05:11:20','2018-07-17 05:11:20',NULL),(306,'Terrain',33,'2018-07-17 05:11:20','2018-07-17 05:11:20',NULL),(307,'Yukon',33,'2018-07-17 05:11:20','2018-07-17 05:11:20',NULL),(308,'Other',33,'2018-07-17 05:11:20','2018-07-17 05:11:20',NULL),(309,'Emgrand 7',34,'2018-07-17 05:11:20','2018-07-17 05:11:20',NULL),(310,'Emgrand 8',34,'2018-07-17 05:11:20','2018-07-17 05:11:20',NULL),(311,'Emgrand GS Sport',34,'2018-07-17 05:11:20','2018-07-17 05:11:20',NULL),(312,'Emgrand GT',34,'2018-07-17 05:11:20','2018-07-17 05:11:20',NULL),(313,'Emgrand GT V6',34,'2018-07-17 05:11:20','2018-07-17 05:11:20',NULL),(314,'Emgrand X7',34,'2018-07-17 05:11:20','2018-07-17 05:11:20',NULL),(315,'Emgrand X7 Sport',34,'2018-07-17 05:11:20','2018-07-17 05:11:20',NULL),(316,'GC2',34,'2018-07-17 05:11:20','2018-07-17 05:11:20',NULL),(317,'GX2',34,'2018-07-17 05:11:20','2018-07-17 05:11:20',NULL),(318,'Other',34,'2018-07-17 05:11:20','2018-07-17 05:11:20',NULL),(319,'Grandtiger Pickup',35,'2018-07-17 05:11:20','2018-07-17 05:11:20',NULL),(320,'Other',35,'2018-07-17 05:11:20','2018-07-17 05:11:20',NULL),(321,'Accord',36,'2018-07-17 05:11:20','2018-07-17 05:11:20',NULL),(322,'CR-V',36,'2018-07-17 05:11:20','2018-07-17 05:11:20',NULL),(323,'City',36,'2018-07-17 05:11:20','2018-07-17 05:11:20',NULL),(324,'Civic',36,'2018-07-17 05:11:20','2018-07-17 05:11:20',NULL),(325,'Crosstour',36,'2018-07-17 05:11:20','2018-07-17 05:11:20',NULL),(326,'Element',36,'2018-07-17 05:11:20','2018-07-17 05:11:20',NULL),(327,'Fit',36,'2018-07-17 05:11:20','2018-07-17 05:11:20',NULL),(328,'HR-V',36,'2018-07-17 05:11:20','2018-07-17 05:11:20',NULL),(329,'Jazz',36,'2018-07-17 05:11:20','2018-07-17 05:11:20',NULL),(330,'Legend',36,'2018-07-17 05:11:20','2018-07-17 05:11:20',NULL),(331,'MR-V',36,'2018-07-17 05:11:20','2018-07-17 05:11:20',NULL),(332,'Odyssey',36,'2018-07-17 05:11:20','2018-07-17 05:11:20',NULL),(333,'Pickup',36,'2018-07-17 05:11:20','2018-07-17 05:11:20',NULL),(334,'Pilot',36,'2018-07-17 05:11:20','2018-07-17 05:11:20',NULL),(335,'Prelude',36,'2018-07-17 05:11:20','2018-07-17 05:11:20',NULL),(336,'S2000',36,'2018-07-17 05:11:20','2018-07-17 05:11:20',NULL),(337,'Van',36,'2018-07-17 05:11:20','2018-07-17 05:11:20',NULL),(338,'Other',36,'2018-07-17 05:11:20','2018-07-17 05:11:20',NULL),(339,'H1',37,'2018-07-17 05:11:20','2018-07-17 05:11:20',NULL),(340,'H2',37,'2018-07-17 05:11:20','2018-07-17 05:11:20',NULL),(341,'H3',37,'2018-07-17 05:11:20','2018-07-17 05:11:20',NULL),(342,'H3T',37,'2018-07-17 05:11:20','2018-07-17 05:11:20',NULL),(343,'HX',37,'2018-07-17 05:11:20','2018-07-17 05:11:20',NULL),(344,'Other',37,'2018-07-17 05:11:20','2018-07-17 05:11:20',NULL),(345,'Accent',38,'2018-07-17 05:11:20','2018-07-17 05:11:20',NULL),(346,'Atos',38,'2018-07-17 05:11:20','2018-07-17 05:11:20',NULL),(347,'Avanti',38,'2018-07-17 05:11:20','2018-07-17 05:11:20',NULL),(348,'Azera',38,'2018-07-17 05:11:20','2018-07-17 05:11:20',NULL),(349,'Centennial',38,'2018-07-17 05:11:20','2018-07-17 05:11:20',NULL),(350,'Coupe',38,'2018-07-17 05:11:20','2018-07-17 05:11:20',NULL),(351,'Elantra',38,'2018-07-17 05:11:20','2018-07-17 05:11:20',NULL),(352,'Entourage',38,'2018-07-17 05:11:20','2018-07-17 05:11:20',NULL),(353,'Excel',38,'2018-07-17 05:11:20','2018-07-17 05:11:20',NULL),(354,'Galloper',38,'2018-07-17 05:11:20','2018-07-17 05:11:20',NULL),(355,'Genesis',38,'2018-07-17 05:11:20','2018-07-17 05:11:20',NULL),(356,'Getz',38,'2018-07-17 05:11:20','2018-07-17 05:11:20',NULL),(357,'Grandeur',38,'2018-07-17 05:11:20','2018-07-17 05:11:20',NULL),(358,'H1',38,'2018-07-17 05:11:20','2018-07-17 05:11:20',NULL),(359,'Matrix',38,'2018-07-17 05:11:20','2018-07-17 05:11:20',NULL),(360,'Santa Fe',38,'2018-07-17 05:11:20','2018-07-17 05:11:20',NULL),(361,'Sonata',38,'2018-07-17 05:11:20','2018-07-17 05:11:20',NULL),(362,'Terracan',38,'2018-07-17 05:11:20','2018-07-17 05:11:20',NULL),(363,'Tiburon',38,'2018-07-17 05:11:20','2018-07-17 05:11:20',NULL),(364,'Trajet',38,'2018-07-17 05:11:20','2018-07-17 05:11:20',NULL),(365,'Tuscon',38,'2018-07-17 05:11:20','2018-07-17 05:11:20',NULL),(366,'Veloster',38,'2018-07-17 05:11:20','2018-07-17 05:11:20',NULL),(367,'Veracruz',38,'2018-07-17 05:11:20','2018-07-17 05:11:20',NULL),(368,'Verna',38,'2018-07-17 05:11:20','2018-07-17 05:11:20',NULL),(369,'i10',38,'2018-07-17 05:11:20','2018-07-17 05:11:20',NULL),(370,'i20',38,'2018-07-17 05:11:20','2018-07-17 05:11:20',NULL),(371,'i30',38,'2018-07-17 05:11:20','2018-07-17 05:11:20',NULL),(372,'i40',38,'2018-07-17 05:11:20','2018-07-17 05:11:20',NULL),(373,'Other',38,'2018-07-17 05:11:20','2018-07-17 05:11:20',NULL),(374,'EX35',39,'2018-07-17 05:11:20','2018-07-17 05:11:20',NULL),(375,'FX45/FX35',39,'2018-07-17 05:11:20','2018-07-17 05:11:20',NULL),(376,'FX50',39,'2018-07-17 05:11:20','2018-07-17 05:11:20',NULL),(377,'G-Series',39,'2018-07-17 05:11:20','2018-07-17 05:11:20',NULL),(378,'G25',39,'2018-07-17 05:11:20','2018-07-17 05:11:20',NULL),(379,'I35/I30',39,'2018-07-17 05:11:20','2018-07-17 05:11:20',NULL),(380,'J30',39,'2018-07-17 05:11:20','2018-07-17 05:11:20',NULL),(381,'JX-Series',39,'2018-07-17 05:11:20','2018-07-17 05:11:20',NULL),(382,'M-Series',39,'2018-07-17 05:11:20','2018-07-17 05:11:20',NULL),(383,'Q45',39,'2018-07-17 05:11:20','2018-07-17 05:11:20',NULL),(384,'Q50',39,'2018-07-17 05:11:20','2018-07-17 05:11:20',NULL),(385,'Q60',39,'2018-07-17 05:11:20','2018-07-17 05:11:20',NULL),(386,'Q70',39,'2018-07-17 05:11:20','2018-07-17 05:11:20',NULL),(387,'QX80',39,'2018-07-17 05:11:20','2018-07-17 05:11:20',NULL),(388,'Other',39,'2018-07-17 05:11:20','2018-07-17 05:11:20',NULL),(389,'Amigo',40,'2018-07-17 05:11:20','2018-07-17 05:11:20',NULL),(390,'Ascender',40,'2018-07-17 05:11:20','2018-07-17 05:11:20',NULL),(391,'Axiom ',40,'2018-07-17 05:11:20','2018-07-17 05:11:20',NULL),(392,'I Mark',40,'2018-07-17 05:11:20','2018-07-17 05:11:20',NULL),(393,'Impulse',40,'2018-07-17 05:11:20','2018-07-17 05:11:20',NULL),(394,'Oasis',40,'2018-07-17 05:11:20','2018-07-17 05:11:20',NULL),(395,'Rodeo',40,'2018-07-17 05:11:20','2018-07-17 05:11:20',NULL),(396,'Stylus',40,'2018-07-17 05:11:20','2018-07-17 05:11:20',NULL),(397,'Trooper',40,'2018-07-17 05:11:20','2018-07-17 05:11:20',NULL),(398,'i-Series',40,'2018-07-17 05:11:20','2018-07-17 05:11:20',NULL),(399,'Other',40,'2018-07-17 05:11:20','2018-07-17 05:11:20',NULL),(400,'City Bus',41,'2018-07-17 05:11:20','2018-07-17 05:11:20',NULL),(401,'HK6730',41,'2018-07-17 05:11:20','2018-07-17 05:11:20',NULL),(402,'Tourist Bus',41,'2018-07-17 05:11:20','2018-07-17 05:11:20',NULL),(403,'Other',41,'2018-07-17 05:11:20','2018-07-17 05:11:20',NULL),(404,'NHR',42,'2018-07-17 05:11:20','2018-07-17 05:11:20',NULL),(405,'NKR',42,'2018-07-17 05:11:20','2018-07-17 05:11:20',NULL),(406,'Other',42,'2018-07-17 05:11:20','2018-07-17 05:11:20',NULL),(407,'E-Type',43,'2018-07-17 05:11:20','2018-07-17 05:11:20',NULL),(408,'F-Pace',43,'2018-07-17 05:11:20','2018-07-17 05:11:20',NULL),(409,'F-Type',43,'2018-07-17 05:11:20','2018-07-17 05:11:20',NULL),(410,'S-Type',43,'2018-07-17 05:11:20','2018-07-17 05:11:20',NULL),(411,'X-Type',43,'2018-07-17 05:11:20','2018-07-17 05:11:20',NULL),(412,'XE',43,'2018-07-17 05:11:20','2018-07-17 05:11:20',NULL),(413,'XF',43,'2018-07-17 05:11:20','2018-07-17 05:11:20',NULL),(414,'XJ-Series',43,'2018-07-17 05:11:20','2018-07-17 05:11:20',NULL),(415,'XJ12',43,'2018-07-17 05:11:20','2018-07-17 05:11:20',NULL),(416,'XJ6',43,'2018-07-17 05:11:20','2018-07-17 05:11:20',NULL),(417,'XJ8',43,'2018-07-17 05:11:20','2018-07-17 05:11:20',NULL),(418,'XJR',43,'2018-07-17 05:11:20','2018-07-17 05:11:20',NULL),(419,'XJS',43,'2018-07-17 05:11:20','2018-07-17 05:11:20',NULL),(420,'XK',43,'2018-07-17 05:11:20','2018-07-17 05:11:20',NULL),(421,'XK8',43,'2018-07-17 05:11:20','2018-07-17 05:11:20',NULL),(422,'XKR',43,'2018-07-17 05:11:20','2018-07-17 05:11:20',NULL),(423,'Other',43,'2018-07-17 05:11:20','2018-07-17 05:11:20',NULL),(424,'Cherokee',44,'2018-07-17 05:11:20','2018-07-17 05:11:20',NULL),(425,'Commanche',44,'2018-07-17 05:11:20','2018-07-17 05:11:20',NULL),(426,'Commander',44,'2018-07-17 05:11:20','2018-07-17 05:11:20',NULL),(427,'Compass',44,'2018-07-17 05:11:20','2018-07-17 05:11:20',NULL),(428,'Grand Cherokee',44,'2018-07-17 05:11:20','2018-07-17 05:11:20',NULL),(429,'Liberty',44,'2018-07-17 05:11:20','2018-07-17 05:11:20',NULL),(430,'Patriot',44,'2018-07-17 05:11:20','2018-07-17 05:11:20',NULL),(431,'Renegade',44,'2018-07-17 05:11:20','2018-07-17 05:11:20',NULL),(432,'Wrangler',44,'2018-07-17 05:11:20','2018-07-17 05:11:20',NULL),(433,'Wrangler Unlimited',44,'2018-07-17 05:11:20','2018-07-17 05:11:20',NULL),(434,'Other',44,'2018-07-17 05:11:20','2018-07-17 05:11:20',NULL),(435,'Cargo Van',45,'2018-07-17 05:11:20','2018-07-17 05:11:20',NULL),(436,'DLX',45,'2018-07-17 05:11:20','2018-07-17 05:11:20',NULL),(437,'H2L Highroof',45,'2018-07-17 05:11:20','2018-07-17 05:11:20',NULL),(438,'Other',45,'2018-07-17 05:11:20','2018-07-17 05:11:20',NULL),(439,'X-Bow',46,'2018-07-17 05:11:20','2018-07-17 05:11:20',NULL),(440,'Other',46,'2018-07-17 05:11:20','2018-07-17 05:11:20',NULL),(441,'Cadenza',47,'2018-07-17 05:11:20','2018-07-17 05:11:20',NULL),(442,'Carens',47,'2018-07-17 05:11:20','2018-07-17 05:11:20',NULL),(443,'Carnival',47,'2018-07-17 05:11:20','2018-07-17 05:11:20',NULL),(444,'Cerato',47,'2018-07-17 05:11:20','2018-07-17 05:11:20',NULL),(445,'Koup',47,'2018-07-17 05:11:20','2018-07-17 05:11:20',NULL),(446,'Mohave',47,'2018-07-17 05:11:20','2018-07-17 05:11:20',NULL),(447,'Oprius',47,'2018-07-17 05:11:20','2018-07-17 05:11:20',NULL),(448,'Optima ',47,'2018-07-17 05:11:20','2018-07-17 05:11:20',NULL),(449,'Picanto',47,'2018-07-17 05:11:20','2018-07-17 05:11:20',NULL),(450,'Quoris ',47,'2018-07-17 05:11:20','2018-07-17 05:11:20',NULL),(451,'Rio',47,'2018-07-17 05:11:20','2018-07-17 05:11:20',NULL),(452,'Sedona',47,'2018-07-17 05:11:20','2018-07-17 05:11:20',NULL),(453,'Sephia',47,'2018-07-17 05:11:20','2018-07-17 05:11:20',NULL),(454,'Shuma',47,'2018-07-17 05:11:20','2018-07-17 05:11:20',NULL),(455,'Sorento ',47,'2018-07-17 05:11:20','2018-07-17 05:11:20',NULL),(456,'Soul',47,'2018-07-17 05:11:20','2018-07-17 05:11:20',NULL),(457,'Spectra',47,'2018-07-17 05:11:20','2018-07-17 05:11:20',NULL),(458,'Sportage',47,'2018-07-17 05:11:20','2018-07-17 05:11:20',NULL),(459,'Other',47,'2018-07-17 05:11:20','2018-07-17 05:11:20',NULL),(460,'Agera',48,'2018-07-17 05:11:20','2018-07-17 05:11:20',NULL),(461,'CC Prototype',48,'2018-07-17 05:11:20','2018-07-17 05:11:20',NULL),(462,'CC8S',48,'2018-07-17 05:11:20','2018-07-17 05:11:20',NULL),(463,'CCGT',48,'2018-07-17 05:11:20','2018-07-17 05:11:20',NULL),(464,'CCR',48,'2018-07-17 05:11:20','2018-07-17 05:11:20',NULL),(465,'CCX',48,'2018-07-17 05:11:20','2018-07-17 05:11:20',NULL),(466,'CCXR',48,'2018-07-17 05:11:20','2018-07-17 05:11:20',NULL),(467,'ONE:1',48,'2018-07-17 05:11:20','2018-07-17 05:11:20',NULL),(468,'Regera',48,'2018-07-17 05:11:20','2018-07-17 05:11:20',NULL),(469,'Other',48,'2018-07-17 05:11:20','2018-07-17 05:11:20',NULL),(470,'Other',49,'2018-07-17 05:11:20','2018-07-17 05:11:20',NULL),(471,'Aventador',50,'2018-07-17 05:11:20','2018-07-17 05:11:20',NULL),(472,'Countach',50,'2018-07-17 05:11:20','2018-07-17 05:11:20',NULL),(473,'Diablo',50,'2018-07-17 05:11:20','2018-07-17 05:11:20',NULL),(474,'Gallardo',50,'2018-07-17 05:11:20','2018-07-17 05:11:20',NULL),(475,'Huracan',50,'2018-07-17 05:11:20','2018-07-17 05:11:20',NULL),(476,'Murcielago',50,'2018-07-17 05:11:20','2018-07-17 05:11:20',NULL),(477,'Other',50,'2018-07-17 05:11:20','2018-07-17 05:11:20',NULL),(478,'Delta',51,'2018-07-17 05:11:20','2018-07-17 05:11:20',NULL),(479,'Musa',51,'2018-07-17 05:11:20','2018-07-17 05:11:20',NULL),(480,'Phedra',51,'2018-07-17 05:11:20','2018-07-17 05:11:20',NULL),(481,'Thesis ',51,'2018-07-17 05:11:20','2018-07-17 05:11:20',NULL),(482,'Ypsilon',51,'2018-07-17 05:11:20','2018-07-17 05:11:20',NULL),(483,'FX-Series',51,'2018-07-17 05:11:20','2018-07-17 05:11:20',NULL),(484,'Other',51,'2018-07-17 05:11:20','2018-07-17 05:11:20',NULL),(485,'Defender',52,'2018-07-17 05:11:20','2018-07-17 05:11:20',NULL),(486,'Discovery',52,'2018-07-17 05:11:20','2018-07-17 05:11:20',NULL),(487,'Evoque',52,'2018-07-17 05:11:20','2018-07-17 05:11:20',NULL),(488,'Freelander',52,'2018-07-17 05:11:20','2018-07-17 05:11:20',NULL),(489,'HSE V8',52,'2018-07-17 05:11:20','2018-07-17 05:11:20',NULL),(490,'LR2',52,'2018-07-17 05:11:20','2018-07-17 05:11:20',NULL),(491,'LR3',52,'2018-07-17 05:11:20','2018-07-17 05:11:20',NULL),(492,'LR4',52,'2018-07-17 05:11:20','2018-07-17 05:11:20',NULL),(493,'Range Rover',52,'2018-07-17 05:11:20','2018-07-17 05:11:20',NULL),(494,'Range Rover Sport',52,'2018-07-17 05:11:20','2018-07-17 05:11:20',NULL),(495,'Other',52,'2018-07-17 05:11:20','2018-07-17 05:11:20',NULL),(496,'CT-Series',53,'2018-07-17 05:11:20','2018-07-17 05:11:20',NULL),(497,'ES-Series',53,'2018-07-17 05:11:20','2018-07-17 05:11:20',NULL),(498,'GS-Series',53,'2018-07-17 05:11:20','2018-07-17 05:11:20',NULL),(499,'GX-Series',53,'2018-07-17 05:11:20','2018-07-17 05:11:20',NULL),(500,'IS-C',53,'2018-07-17 05:11:20','2018-07-17 05:11:20',NULL),(501,'IS-F',53,'2018-07-17 05:11:20','2018-07-17 05:11:20',NULL),(502,'IS Series',53,'2018-07-17 05:11:20','2018-07-17 05:11:20',NULL),(503,'LFA',53,'2018-07-17 05:11:20','2018-07-17 05:11:20',NULL),(504,'LS-Series',53,'2018-07-17 05:11:20','2018-07-17 05:11:20',NULL),(505,'LX-Series',53,'2018-07-17 05:11:20','2018-07-17 05:11:20',NULL),(506,'NX 200t',53,'2018-07-17 05:11:20','2018-07-17 05:11:20',NULL),(507,'RC',53,'2018-07-17 05:11:20','2018-07-17 05:11:20',NULL),(508,'RC F',53,'2018-07-17 05:11:20','2018-07-17 05:11:20',NULL),(509,'RX-Series',53,'2018-07-17 05:11:20','2018-07-17 05:11:20',NULL),(510,'SC-Series',53,'2018-07-17 05:11:20','2018-07-17 05:11:20',NULL),(511,'Other',53,'2018-07-17 05:11:20','2018-07-17 05:11:20',NULL),(512,'Aviator',54,'2018-07-17 05:11:20','2018-07-17 05:11:20',NULL),(513,'Continental',54,'2018-07-17 05:11:20','2018-07-17 05:11:20',NULL),(514,'LS',54,'2018-07-17 05:11:20','2018-07-17 05:11:20',NULL),(515,'MKC',54,'2018-07-17 05:11:20','2018-07-17 05:11:20',NULL),(516,'MKS',54,'2018-07-17 05:11:20','2018-07-17 05:11:20',NULL),(517,'MKT',54,'2018-07-17 05:11:20','2018-07-17 05:11:20',NULL),(518,'MKX',54,'2018-07-17 05:11:20','2018-07-17 05:11:20',NULL),(519,'MKZ',54,'2018-07-17 05:11:20','2018-07-17 05:11:20',NULL),(520,'Navigator',54,'2018-07-17 05:11:20','2018-07-17 05:11:20',NULL),(521,'Town Car',54,'2018-07-17 05:11:20','2018-07-17 05:11:20',NULL),(522,'Other',54,'2018-07-17 05:11:20','2018-07-17 05:11:20',NULL),(523,'Elan',55,'2018-07-17 05:11:20','2018-07-17 05:11:20',NULL),(524,'Elise',55,'2018-07-17 05:11:20','2018-07-17 05:11:20',NULL),(525,'Espirit',55,'2018-07-17 05:11:20','2018-07-17 05:11:20',NULL),(526,'Evora',55,'2018-07-17 05:11:20','2018-07-17 05:11:20',NULL),(527,'Exige',55,'2018-07-17 05:11:20','2018-07-17 05:11:20',NULL),(528,'Other',55,'2018-07-17 05:11:20','2018-07-17 05:11:20',NULL),(529,'7 MPV',56,'2018-07-17 05:11:20','2018-07-17 05:11:20',NULL),(530,'7 SUV',56,'2018-07-17 05:11:20','2018-07-17 05:11:20',NULL),(531,'S5',56,'2018-07-17 05:11:20','2018-07-17 05:11:20',NULL),(532,'U6',56,'2018-07-17 05:11:20','2018-07-17 05:11:20',NULL),(533,'U7 Turbo',56,'2018-07-17 05:11:20','2018-07-17 05:11:20',NULL),(534,'Other',56,'2018-07-17 05:11:20','2018-07-17 05:11:20',NULL),(535,'GS',57,'2018-07-17 05:11:20','2018-07-17 05:11:20',NULL),(536,'MG3',57,'2018-07-17 05:11:20','2018-07-17 05:11:20',NULL),(537,'MG350',57,'2018-07-17 05:11:20','2018-07-17 05:11:20',NULL),(538,'MG5',57,'2018-07-17 05:11:20','2018-07-17 05:11:20',NULL),(539,'MG550',57,'2018-07-17 05:11:20','2018-07-17 05:11:20',NULL),(540,'MG6',57,'2018-07-17 05:11:20','2018-07-17 05:11:20',NULL),(541,'MG750',57,'2018-07-17 05:11:20','2018-07-17 05:11:20',NULL),(542,'Clubman',58,'2018-07-17 05:11:20','2018-07-17 05:11:20',NULL),(543,'Cooper',58,'2018-07-17 05:11:20','2018-07-17 05:11:20',NULL),(544,'Countryman',58,'2018-07-17 05:11:20','2018-07-17 05:11:20',NULL),(545,'Coupe',58,'2018-07-17 05:11:20','2018-07-17 05:11:20',NULL),(546,'Paceman',58,'2018-07-17 05:11:20','2018-07-17 05:11:20',NULL),(547,'Roadster',58,'2018-07-17 05:11:20','2018-07-17 05:11:20',NULL),(548,'Other',58,'2018-07-17 05:11:20','2018-07-17 05:11:20',NULL),(549,'Scorpio Pickup',59,'2018-07-17 05:11:20','2018-07-17 05:11:20',NULL),(550,'Other',59,'2018-07-17 05:11:20','2018-07-17 05:11:20',NULL),(551,'4200',60,'2018-07-17 05:11:20','2018-07-17 05:11:20',NULL),(552,'Ghibli',60,'2018-07-17 05:11:20','2018-07-17 05:11:20',NULL),(553,'GranCabrio',60,'2018-07-17 05:11:20','2018-07-17 05:11:20',NULL),(554,'GranSport',60,'2018-07-17 05:11:20','2018-07-17 05:11:20',NULL),(555,'GranTurismo',60,'2018-07-17 05:11:20','2018-07-17 05:11:20',NULL),(556,'Levante',60,'2018-07-17 05:11:20','2018-07-17 05:11:20',NULL),(557,'MC12',60,'2018-07-17 05:11:20','2018-07-17 05:11:20',NULL),(558,'Quattroporte',60,'2018-07-17 05:11:20','2018-07-17 05:11:20',NULL),(559,'Spyder',60,'2018-07-17 05:11:20','2018-07-17 05:11:20',NULL),(560,'Other',60,'2018-07-17 05:11:20','2018-07-17 05:11:20',NULL),(561,'57',61,'2018-07-17 05:11:20','2018-07-17 05:11:20',NULL),(562,'62',61,'2018-07-17 05:11:20','2018-07-17 05:11:20',NULL),(563,'S500',61,'2018-07-17 05:11:20','2018-07-17 05:11:20',NULL),(564,'Other',61,'2018-07-17 05:11:20','2018-07-17 05:11:20',NULL),(565,'2',62,'2018-07-17 05:11:20','2018-07-17 05:11:20',NULL),(566,'3',62,'2018-07-17 05:11:20','2018-07-17 05:11:20',NULL),(567,'323',62,'2018-07-17 05:11:20','2018-07-17 05:11:20',NULL),(568,'6',62,'2018-07-17 05:11:20','2018-07-17 05:11:20',NULL),(569,'626',62,'2018-07-17 05:11:20','2018-07-17 05:11:20',NULL),(570,'929',62,'2018-07-17 05:11:20','2018-07-17 05:11:20',NULL),(571,'CX-5',62,'2018-07-17 05:11:20','2018-07-17 05:11:20',NULL),(572,'CX-7',62,'2018-07-17 05:11:20','2018-07-17 05:11:20',NULL),(573,'CX-9',62,'2018-07-17 05:11:20','2018-07-17 05:11:20',NULL),(574,'MPV',62,'2018-07-17 05:11:20','2018-07-17 05:11:20',NULL),(575,'MX-5',62,'2018-07-17 05:11:20','2018-07-17 05:11:20',NULL),(576,'Navajo',62,'2018-07-17 05:11:20','2018-07-17 05:11:20',NULL),(577,'Pickup',62,'2018-07-17 05:11:20','2018-07-17 05:11:20',NULL),(578,'Protege',62,'2018-07-17 05:11:20','2018-07-17 05:11:20',NULL),(579,'RX-7',62,'2018-07-17 05:11:20','2018-07-17 05:11:20',NULL),(580,'RX-8',62,'2018-07-17 05:11:20','2018-07-17 05:11:20',NULL),(581,'Tribute',62,'2018-07-17 05:11:20','2018-07-17 05:11:20',NULL),(582,'Other',62,'2018-07-17 05:11:20','2018-07-17 05:11:20',NULL),(583,'540C',63,'2018-07-17 05:11:20','2018-07-17 05:11:20',NULL),(584,'570GT',63,'2018-07-17 05:11:20','2018-07-17 05:11:20',NULL),(585,'570S',63,'2018-07-17 05:11:20','2018-07-17 05:11:20',NULL),(586,'650S',63,'2018-07-17 05:11:20','2018-07-17 05:11:20',NULL),(587,'675LT',63,'2018-07-17 05:11:20','2018-07-17 05:11:20',NULL),(588,'F1',63,'2018-07-17 05:11:20','2018-07-17 05:11:20',NULL),(589,'MP4-12C',63,'2018-07-17 05:11:20','2018-07-17 05:11:20',NULL),(590,'P1',63,'2018-07-17 05:11:20','2018-07-17 05:11:20',NULL),(591,'SLR',63,'2018-07-17 05:11:20','2018-07-17 05:11:20',NULL),(592,'Other',63,'2018-07-17 05:11:20','2018-07-17 05:11:20',NULL),(593,'190',64,'2018-07-17 05:11:20','2018-07-17 05:11:20',NULL),(594,'240/260/280',64,'2018-07-17 05:11:20','2018-07-17 05:11:20',NULL),(595,'300/350/380',64,'2018-07-17 05:11:20','2018-07-17 05:11:20',NULL),(596,'400/20',64,'2018-07-17 05:11:20','2018-07-17 05:11:20',NULL),(597,'500/50',64,'2018-07-17 05:11:20','2018-07-17 05:11:20',NULL),(598,'A-Class',64,'2018-07-17 05:11:20','2018-07-17 05:11:20',NULL),(599,'AMG',64,'2018-07-17 05:11:20','2018-07-17 05:11:20',NULL),(600,'B-Class',64,'2018-07-17 05:11:20','2018-07-17 05:11:20',NULL),(601,'C-Class',64,'2018-07-17 05:11:20','2018-07-17 05:11:20',NULL),(602,'CL-Class',64,'2018-07-17 05:11:20','2018-07-17 05:11:20',NULL),(603,'CLA',64,'2018-07-17 05:11:20','2018-07-17 05:11:20',NULL),(604,'CLC',64,'2018-07-17 05:11:20','2018-07-17 05:11:20',NULL),(605,'CLK-Class',64,'2018-07-17 05:11:20','2018-07-17 05:11:20',NULL),(606,'CLS-Class',64,'2018-07-17 05:11:20','2018-07-17 05:11:20',NULL),(607,'E-Class',64,'2018-07-17 05:11:20','2018-07-17 05:11:20',NULL),(608,'G-Class',64,'2018-07-17 05:11:20','2018-07-17 05:11:20',NULL),(609,'GL-Class',64,'2018-07-17 05:11:20','2018-07-17 05:11:20',NULL),(610,'GLA',64,'2018-07-17 05:11:20','2018-07-17 05:11:20',NULL),(611,'GLC',64,'2018-07-17 05:11:20','2018-07-17 05:11:20',NULL),(612,'GLE Coupe',64,'2018-07-17 05:11:20','2018-07-17 05:11:20',NULL),(613,'GLE Coupe',64,'2018-07-17 05:11:20','2018-07-17 05:11:20',NULL),(614,'GLE SUV',64,'2018-07-17 05:11:20','2018-07-17 05:11:20',NULL),(615,'GLK-Class',64,'2018-07-17 05:11:20','2018-07-17 05:11:20',NULL),(616,'GLS',64,'2018-07-17 05:11:20','2018-07-17 05:11:20',NULL),(617,'GT',64,'2018-07-17 05:11:20','2018-07-17 05:11:20',NULL),(618,'M-Class',64,'2018-07-17 05:11:20','2018-07-17 05:11:20',NULL),(619,'R-Class',64,'2018-07-17 05:11:20','2018-07-17 05:11:20',NULL),(620,'S-Class',64,'2018-07-17 05:11:20','2018-07-17 05:11:20',NULL),(621,'SL-Class',64,'2018-07-17 05:11:20','2018-07-17 05:11:20',NULL),(622,'SLC',64,'2018-07-17 05:11:20','2018-07-17 05:11:20',NULL),(623,'SLK-Class',64,'2018-07-17 05:11:20','2018-07-17 05:11:20',NULL),(624,'SLR',64,'2018-07-17 05:11:20','2018-07-17 05:11:20',NULL),(625,'SLS',64,'2018-07-17 05:11:20','2018-07-17 05:11:20',NULL),(626,'Spinter',64,'2018-07-17 05:11:20','2018-07-17 05:11:20',NULL),(627,'Viano',64,'2018-07-17 05:11:20','2018-07-17 05:11:20',NULL),(628,'Other',64,'2018-07-17 05:11:20','2018-07-17 05:11:20',NULL),(629,'Grand Marquis',65,'2018-07-17 05:11:20','2018-07-17 05:11:20',NULL),(630,'Mariner',65,'2018-07-17 05:11:20','2018-07-17 05:11:20',NULL),(631,'Milan',65,'2018-07-17 05:11:20','2018-07-17 05:11:20',NULL),(632,'Montego',65,'2018-07-17 05:11:20','2018-07-17 05:11:20',NULL),(633,'Mountaineer',65,'2018-07-17 05:11:20','2018-07-17 05:11:20',NULL),(634,'Other',65,'2018-07-17 05:11:20','2018-07-17 05:11:20',NULL),(635,'3000GT',66,'2018-07-17 05:11:20','2018-07-17 05:11:20',NULL),(636,'ASX',66,'2018-07-17 05:11:20','2018-07-17 05:11:20',NULL),(637,'Attrage',66,'2018-07-17 05:11:20','2018-07-17 05:11:20',NULL),(638,'Colt',66,'2018-07-17 05:11:20','2018-07-17 05:11:20',NULL),(639,'Diamonte',66,'2018-07-17 05:11:20','2018-07-17 05:11:20',NULL),(640,'Eclipse',66,'2018-07-17 05:11:20','2018-07-17 05:11:20',NULL),(641,'Evolution',66,'2018-07-17 05:11:20','2018-07-17 05:11:20',NULL),(642,'Galant',66,'2018-07-17 05:11:20','2018-07-17 05:11:20',NULL),(643,'Grandis',66,'2018-07-17 05:11:20','2018-07-17 05:11:20',NULL),(644,'Lancer',66,'2018-07-17 05:11:20','2018-07-17 05:11:20',NULL),(645,'Magna',66,'2018-07-17 05:11:20','2018-07-17 05:11:20',NULL),(646,'Mirage',66,'2018-07-17 05:11:20','2018-07-17 05:11:20',NULL),(647,'Montero',66,'2018-07-17 05:11:20','2018-07-17 05:11:20',NULL),(648,'Nativa',66,'2018-07-17 05:11:20','2018-07-17 05:11:20',NULL),(649,'Outlander',66,'2018-07-17 05:11:20','2018-07-17 05:11:20',NULL),(650,'Pajero',66,'2018-07-17 05:11:20','2018-07-17 05:11:20',NULL),(651,'Pajero Sport',66,'2018-07-17 05:11:20','2018-07-17 05:11:20',NULL),(652,'Pickup',66,'2018-07-17 05:11:20','2018-07-17 05:11:20',NULL),(653,'Van',66,'2018-07-17 05:11:20','2018-07-17 05:11:20',NULL),(654,'Other',66,'2018-07-17 05:11:20','2018-07-17 05:11:20',NULL),(655,'3 Wheeler',67,'2018-07-17 05:11:20','2018-07-17 05:11:20',NULL),(656,'4 Seater',67,'2018-07-17 05:11:20','2018-07-17 05:11:20',NULL),(657,'4-Apr',67,'2018-07-17 05:11:20','2018-07-17 05:11:20',NULL),(658,'Aero 8',67,'2018-07-17 05:11:20','2018-07-17 05:11:20',NULL),(659,'Aero Coupe',67,'2018-07-17 05:11:20','2018-07-17 05:11:20',NULL),(660,'Aero Supersport',67,'2018-07-17 05:11:20','2018-07-17 05:11:20',NULL),(661,'Plus 4',67,'2018-07-17 05:11:20','2018-07-17 05:11:20',NULL),(662,'Plus 8',67,'2018-07-17 05:11:20','2018-07-17 05:11:20',NULL),(663,'Roadster',67,'2018-07-17 05:11:20','2018-07-17 05:11:20',NULL),(664,'Other',67,'2018-07-17 05:11:20','2018-07-17 05:11:20',NULL),(665,'300ZX',68,'2018-07-17 05:11:20','2018-07-17 05:11:20',NULL),(666,'350Z',68,'2018-07-17 05:11:20','2018-07-17 05:11:20',NULL),(667,'370Z',68,'2018-07-17 05:11:20','2018-07-17 05:11:20',NULL),(668,'Altima',68,'2018-07-17 05:11:20','2018-07-17 05:11:20',NULL),(669,'Armada',68,'2018-07-17 05:11:20','2018-07-17 05:11:20',NULL),(670,'GT-R',68,'2018-07-17 05:11:20','2018-07-17 05:11:20',NULL),(671,'Gloria',68,'2018-07-17 05:11:20','2018-07-17 05:11:20',NULL),(672,'Juke',68,'2018-07-17 05:11:20','2018-07-17 05:11:20',NULL),(673,'Kicks',68,'2018-07-17 05:11:20','2018-07-17 05:11:20',NULL),(674,'Maxima',68,'2018-07-17 05:11:20','2018-07-17 05:11:20',NULL),(675,'Micra',68,'2018-07-17 05:11:20','2018-07-17 05:11:20',NULL),(676,'Murano',68,'2018-07-17 05:11:20','2018-07-17 05:11:20',NULL),(677,'Navara',68,'2018-07-17 05:11:20','2018-07-17 05:11:20',NULL),(678,'Pathfinder',68,'2018-07-17 05:11:20','2018-07-17 05:11:20',NULL),(679,'Patrol',68,'2018-07-17 05:11:20','2018-07-17 05:11:20',NULL),(680,'Primera',68,'2018-07-17 05:11:20','2018-07-17 05:11:20',NULL),(681,'Qashqai',68,'2018-07-17 05:11:20','2018-07-17 05:11:20',NULL),(682,'S130',68,'2018-07-17 05:11:20','2018-07-17 05:11:20',NULL),(683,'Sentra',68,'2018-07-17 05:11:20','2018-07-17 05:11:20',NULL),(684,'Silvia',68,'2018-07-17 05:11:20','2018-07-17 05:11:20',NULL),(685,'Skyline',68,'2018-07-17 05:11:20','2018-07-17 05:11:20',NULL),(686,'Sunny',68,'2018-07-17 05:11:20','2018-07-17 05:11:20',NULL),(687,'Terrano',68,'2018-07-17 05:11:20','2018-07-17 05:11:20',NULL),(688,'Tiida',68,'2018-07-17 05:11:20','2018-07-17 05:11:20',NULL),(689,'Titan',68,'2018-07-17 05:11:20','2018-07-17 05:11:20',NULL),(690,'Van',68,'2018-07-17 05:11:20','2018-07-17 05:11:20',NULL),(691,'X-Trail',68,'2018-07-17 05:11:20','2018-07-17 05:11:20',NULL),(692,'Xterra',68,'2018-07-17 05:11:20','2018-07-17 05:11:20',NULL),(693,'Other',68,'2018-07-17 05:11:20','2018-07-17 05:11:20',NULL),(694,'Astra',69,'2018-07-17 05:11:20','2018-07-17 05:11:20',NULL),(695,'Corsa',69,'2018-07-17 05:11:20','2018-07-17 05:11:20',NULL),(696,'Insignia',69,'2018-07-17 05:11:20','2018-07-17 05:11:20',NULL),(697,'Kadett',69,'2018-07-17 05:11:20','2018-07-17 05:11:20',NULL),(698,'Meriva',69,'2018-07-17 05:11:20','2018-07-17 05:11:20',NULL),(699,'Omega',69,'2018-07-17 05:11:20','2018-07-17 05:11:20',NULL),(700,'Signum',69,'2018-07-17 05:11:20','2018-07-17 05:11:20',NULL),(701,'Vectra',69,'2018-07-17 05:11:20','2018-07-17 05:11:20',NULL),(702,'Vita',69,'2018-07-17 05:11:20','2018-07-17 05:11:20',NULL),(703,'Zafira',69,'2018-07-17 05:11:20','2018-07-17 05:11:20',NULL),(704,'Other',69,'2018-07-17 05:11:20','2018-07-17 05:11:20',NULL),(705,'SPIRRA',70,'2018-07-17 05:11:20','2018-07-17 05:11:20',NULL),(706,'Other',70,'2018-07-17 05:11:20','2018-07-17 05:11:20',NULL),(707,'Huayra',71,'2018-07-17 05:11:20','2018-07-17 05:11:20',NULL),(708,'Zonda',71,'2018-07-17 05:11:20','2018-07-17 05:11:20',NULL),(709,'Other',71,'2018-07-17 05:11:20','2018-07-17 05:11:20',NULL),(710,'2008',72,'2018-07-17 05:11:20','2018-07-17 05:11:20',NULL),(711,'206',72,'2018-07-17 05:11:20','2018-07-17 05:11:20',NULL),(712,'206cc',72,'2018-07-17 05:11:20','2018-07-17 05:11:20',NULL),(713,'207',72,'2018-07-17 05:11:20','2018-07-17 05:11:20',NULL),(714,'207cc',72,'2018-07-17 05:11:20','2018-07-17 05:11:20',NULL),(715,'208',72,'2018-07-17 05:11:20','2018-07-17 05:11:20',NULL),(716,'3008',72,'2018-07-17 05:11:20','2018-07-17 05:11:20',NULL),(717,'301',72,'2018-07-17 05:11:20','2018-07-17 05:11:20',NULL),(718,'307',72,'2018-07-17 05:11:20','2018-07-17 05:11:20',NULL),(719,'307cc',72,'2018-07-17 05:11:20','2018-07-17 05:11:20',NULL),(720,'308',72,'2018-07-17 05:11:20','2018-07-17 05:11:20',NULL),(721,'308cc',72,'2018-07-17 05:11:20','2018-07-17 05:11:20',NULL),(722,'407',72,'2018-07-17 05:11:20','2018-07-17 05:11:20',NULL),(723,'408',72,'2018-07-17 05:11:20','2018-07-17 05:11:20',NULL),(724,'5008',72,'2018-07-17 05:11:20','2018-07-17 05:11:20',NULL),(725,'504/5',72,'2018-07-17 05:11:20','2018-07-17 05:11:20',NULL),(726,'508',72,'2018-07-17 05:11:20','2018-07-17 05:11:20',NULL),(727,'607',72,'2018-07-17 05:11:20','2018-07-17 05:11:20',NULL),(728,'Partner',72,'2018-07-17 05:11:20','2018-07-17 05:11:20',NULL),(729,'RC7',72,'2018-07-17 05:11:20','2018-07-17 05:11:20',NULL),(730,'RCZ',72,'2018-07-17 05:11:20','2018-07-17 05:11:20',NULL),(731,'Other',72,'2018-07-17 05:11:20','2018-07-17 05:11:20',NULL),(732,'Other',73,'2018-07-17 05:11:20','2018-07-17 05:11:20',NULL),(733,'918 Spyder',74,'2018-07-17 05:11:20','2018-07-17 05:11:20',NULL),(734,'944',74,'2018-07-17 05:11:20','2018-07-17 05:11:20',NULL),(735,'968',74,'2018-07-17 05:11:20','2018-07-17 05:11:20',NULL),(736,'Boxster',74,'2018-07-17 05:11:20','2018-07-17 05:11:20',NULL),(737,'Carrera / 911',74,'2018-07-17 05:11:20','2018-07-17 05:11:20',NULL),(738,'Cayenne',74,'2018-07-17 05:11:20','2018-07-17 05:11:20',NULL),(739,'Cayman',74,'2018-07-17 05:11:20','2018-07-17 05:11:20',NULL),(740,'Macan',74,'2018-07-17 05:11:20','2018-07-17 05:11:20',NULL),(741,'Panamera',74,'2018-07-17 05:11:20','2018-07-17 05:11:20',NULL),(742,'Other',74,'2018-07-17 05:11:20','2018-07-17 05:11:20',NULL),(743,'Other',75,'2018-07-17 05:11:20','2018-07-17 05:11:20',NULL),(744,'Captur',76,'2018-07-17 05:11:20','2018-07-17 05:11:20',NULL),(745,'Clio',76,'2018-07-17 05:11:20','2018-07-17 05:11:20',NULL),(746,'Dokker',76,'2018-07-17 05:11:20','2018-07-17 05:11:20',NULL),(747,'Duster',76,'2018-07-17 05:11:20','2018-07-17 05:11:20',NULL),(748,'Fluence',76,'2018-07-17 05:11:20','2018-07-17 05:11:20',NULL),(749,'Koleos',76,'2018-07-17 05:11:20','2018-07-17 05:11:20',NULL),(750,'Laguna',76,'2018-07-17 05:11:20','2018-07-17 05:11:20',NULL),(751,'Logan',76,'2018-07-17 05:11:20','2018-07-17 05:11:20',NULL),(752,'Megane',76,'2018-07-17 05:11:20','2018-07-17 05:11:20',NULL),(753,'Safrane',76,'2018-07-17 05:11:20','2018-07-17 05:11:20',NULL),(754,'Sandero',76,'2018-07-17 05:11:20','2018-07-17 05:11:20',NULL),(755,'Scenic',76,'2018-07-17 05:11:20','2018-07-17 05:11:20',NULL),(756,'Symbol',76,'2018-07-17 05:11:20','2018-07-17 05:11:20',NULL),(757,'Trafic ',76,'2018-07-17 05:11:20','2018-07-17 05:11:20',NULL),(758,'Twingo',76,'2018-07-17 05:11:20','2018-07-17 05:11:20',NULL),(759,'Twizy',76,'2018-07-17 05:11:20','2018-07-17 05:11:20',NULL),(760,'Other',76,'2018-07-17 05:11:20','2018-07-17 05:11:20',NULL),(761,'Dawn',77,'2018-07-17 05:11:20','2018-07-17 05:11:20',NULL),(762,'Ghost',77,'2018-07-17 05:11:20','2018-07-17 05:11:20',NULL),(763,'Phantom',77,'2018-07-17 05:11:20','2018-07-17 05:11:20',NULL),(764,'Silver Seraph',77,'2018-07-17 05:11:20','2018-07-17 05:11:20',NULL),(765,'Silver Spur',77,'2018-07-17 05:11:20','2018-07-17 05:11:20',NULL),(766,'Wraith',77,'2018-07-17 05:11:20','2018-07-17 05:11:20',NULL),(767,'Other ',77,'2018-07-17 05:11:20','2018-07-17 05:11:20',NULL),(768,'75',78,'2018-07-17 05:11:20','2018-07-17 05:11:20',NULL),(769,'Other',78,'2018-07-17 05:11:20','2018-07-17 05:11:20',NULL),(770,'9-2x',79,'2018-07-17 05:11:20','2018-07-17 05:11:20',NULL),(771,'3-Sep',79,'2018-07-17 05:11:20','2018-07-17 05:11:20',NULL),(772,'5-Sep',79,'2018-07-17 05:11:20','2018-07-17 05:11:20',NULL),(773,'9-7x',79,'2018-07-17 05:11:20','2018-07-17 05:11:20',NULL),(774,'900',79,'2018-07-17 05:11:20','2018-07-17 05:11:20',NULL),(775,'9000',79,'2018-07-17 05:11:20','2018-07-17 05:11:20',NULL),(776,'Other',79,'2018-07-17 05:11:20','2018-07-17 05:11:20',NULL),(777,'Alhambra',80,'2018-07-17 05:11:20','2018-07-17 05:11:20',NULL),(778,'Altea',80,'2018-07-17 05:11:20','2018-07-17 05:11:20',NULL),(779,'Cordoba',80,'2018-07-17 05:11:20','2018-07-17 05:11:20',NULL),(780,'Exeo',80,'2018-07-17 05:11:20','2018-07-17 05:11:20',NULL),(781,'Ibiza',80,'2018-07-17 05:11:20','2018-07-17 05:11:20',NULL),(782,'Leon',80,'2018-07-17 05:11:20','2018-07-17 05:11:20',NULL),(783,'Toledo',80,'2018-07-17 05:11:20','2018-07-17 05:11:20',NULL),(784,'Other',80,'2018-07-17 05:11:20','2018-07-17 05:11:20',NULL),(785,'SLK 6112',81,'2018-07-17 05:11:20','2018-07-17 05:11:20',NULL),(786,'SLK 6120',81,'2018-07-17 05:11:20','2018-07-17 05:11:20',NULL),(787,'Other',81,'2018-07-17 05:11:20','2018-07-17 05:11:20',NULL),(788,'Fabia',82,'2018-07-17 05:11:20','2018-07-17 05:11:20',NULL),(789,'Octavia',82,'2018-07-17 05:11:20','2018-07-17 05:11:20',NULL),(790,'Superb',82,'2018-07-17 05:11:20','2018-07-17 05:11:20',NULL),(791,'Other',82,'2018-07-17 05:11:20','2018-07-17 05:11:20',NULL),(792,'Other',83,'2018-07-17 05:11:20','2018-07-17 05:11:20',NULL),(793,'Other',84,'2018-07-17 05:11:20','2018-07-17 05:11:20',NULL),(794,'Other',85,'2018-07-17 05:11:20','2018-07-17 05:11:20',NULL),(795,'BRZ',86,'2018-07-17 05:11:20','2018-07-17 05:11:20',NULL),(796,'Forester',86,'2018-07-17 05:11:20','2018-07-17 05:11:20',NULL),(797,'Impreza',86,'2018-07-17 05:11:20','2018-07-17 05:11:20',NULL),(798,'Legacy',86,'2018-07-17 05:11:20','2018-07-17 05:11:20',NULL),(799,'Outback',86,'2018-07-17 05:11:20','2018-07-17 05:11:20',NULL),(800,'Tribeca',86,'2018-07-17 05:11:20','2018-07-17 05:11:20',NULL),(801,'WRX',86,'2018-07-17 05:11:20','2018-07-17 05:11:20',NULL),(802,'XV',86,'2018-07-17 05:11:20','2018-07-17 05:11:20',NULL),(803,'Other',86,'2018-07-17 05:11:20','2018-07-17 05:11:20',NULL),(804,'APV Van',87,'2018-07-17 05:11:20','2018-07-17 05:11:20',NULL),(805,'Alto',87,'2018-07-17 05:11:20','2018-07-17 05:11:20',NULL),(806,'Celerio',87,'2018-07-17 05:11:20','2018-07-17 05:11:20',NULL),(807,'Grand Vitara',87,'2018-07-17 05:11:20','2018-07-17 05:11:20',NULL),(808,'Jimny',87,'2018-07-17 05:11:20','2018-07-17 05:11:20',NULL),(809,'Kizashi',87,'2018-07-17 05:11:20','2018-07-17 05:11:20',NULL),(810,'SX4',87,'2018-07-17 05:11:20','2018-07-17 05:11:20',NULL),(811,'Swift',87,'2018-07-17 05:11:20','2018-07-17 05:11:20',NULL),(812,'Vitara',87,'2018-07-17 05:11:20','2018-07-17 05:11:20',NULL),(813,'XL7',87,'2018-07-17 05:11:20','2018-07-17 05:11:20',NULL),(814,'Other',87,'2018-07-17 05:11:20','2018-07-17 05:11:20',NULL),(815,'Delivery Truck',88,'2018-07-17 05:11:20','2018-07-17 05:11:20',NULL),(816,'Pickup',88,'2018-07-17 05:11:20','2018-07-17 05:11:20',NULL),(817,'Van',88,'2018-07-17 05:11:20','2018-07-17 05:11:20',NULL),(818,'Other',88,'2018-07-17 05:11:20','2018-07-17 05:11:20',NULL),(819,'Model 3',89,'2018-07-17 05:11:20','2018-07-17 05:11:20',NULL),(820,'Model S',89,'2018-07-17 05:11:20','2018-07-17 05:11:20',NULL),(821,'Model X',89,'2018-07-17 05:11:20','2018-07-17 05:11:20',NULL),(822,'Tesla Roadster',89,'2018-07-17 05:11:20','2018-07-17 05:11:20',NULL),(823,'Other',89,'2018-07-17 05:11:20','2018-07-17 05:11:20',NULL),(824,'4Runner',90,'2018-07-17 05:11:20','2018-07-17 05:11:20',NULL),(825,'86',90,'2018-07-17 05:11:20','2018-07-17 05:11:20',NULL),(826,'Aurion ',90,'2018-07-17 05:11:20','2018-07-17 05:11:20',NULL),(827,'Avalon',90,'2018-07-17 05:11:20','2018-07-17 05:11:20',NULL),(828,'Avanza',90,'2018-07-17 05:11:20','2018-07-17 05:11:20',NULL),(829,'Avensis',90,'2018-07-17 05:11:20','2018-07-17 05:11:20',NULL),(830,'Camry',90,'2018-07-17 05:11:20','2018-07-17 05:11:20',NULL),(831,'Celica',90,'2018-07-17 05:11:20','2018-07-17 05:11:20',NULL),(832,'Corolla',90,'2018-07-17 05:11:20','2018-07-17 05:11:20',NULL),(833,'Corona',90,'2018-07-17 05:11:20','2018-07-17 05:11:20',NULL),(834,'Cressida',90,'2018-07-17 05:11:20','2018-07-17 05:11:20',NULL),(835,'Crown',90,'2018-07-17 05:11:20','2018-07-17 05:11:20',NULL),(836,'Echo',90,'2018-07-17 05:11:20','2018-07-17 05:11:20',NULL),(837,'FJ Cruiser',90,'2018-07-17 05:11:20','2018-07-17 05:11:20',NULL),(838,'Fortuner',90,'2018-07-17 05:11:20','2018-07-17 05:11:20',NULL),(839,'Hiace',90,'2018-07-17 05:11:20','2018-07-17 05:11:20',NULL),(840,'Highlander',90,'2018-07-17 05:11:20','2018-07-17 05:11:20',NULL),(841,'Hilux',90,'2018-07-17 05:11:20','2018-07-17 05:11:20',NULL),(842,'IQ',90,'2018-07-17 05:11:20','2018-07-17 05:11:20',NULL),(843,'Innova',90,'2018-07-17 05:11:20','2018-07-17 05:11:20',NULL),(844,'Land Cruiser',90,'2018-07-17 05:11:20','2018-07-17 05:11:20',NULL),(845,'Land Cruiser 76 Series',90,'2018-07-17 05:11:20','2018-07-17 05:11:20',NULL),(846,'Pickup',90,'2018-07-17 05:11:20','2018-07-17 05:11:20',NULL),(847,'Prado',90,'2018-07-17 05:11:20','2018-07-17 05:11:20',NULL),(848,'Previa',90,'2018-07-17 05:11:20','2018-07-17 05:11:20',NULL),(849,'Prius',90,'2018-07-17 05:11:20','2018-07-17 05:11:20',NULL),(850,'Rav 4',90,'2018-07-17 05:11:20','2018-07-17 05:11:20',NULL),(851,'Scion',90,'2018-07-17 05:11:20','2018-07-17 05:11:20',NULL),(852,'Sequoia',90,'2018-07-17 05:11:20','2018-07-17 05:11:20',NULL),(853,'Sienna',90,'2018-07-17 05:11:20','2018-07-17 05:11:20',NULL),(854,'Supra',90,'2018-07-17 05:11:20','2018-07-17 05:11:20',NULL),(855,'Tacoma',90,'2018-07-17 05:11:20','2018-07-17 05:11:20',NULL),(856,'Tercel',90,'2018-07-17 05:11:20','2018-07-17 05:11:20',NULL),(857,'Tundra',90,'2018-07-17 05:11:20','2018-07-17 05:11:20',NULL),(858,'XA',90,'2018-07-17 05:11:20','2018-07-17 05:11:20',NULL),(859,'Yaris',90,'2018-07-17 05:11:20','2018-07-17 05:11:20',NULL),(860,'Zelas',90,'2018-07-17 05:11:20','2018-07-17 05:11:20',NULL),(861,'Other',90,'2018-07-17 05:11:20','2018-07-17 05:11:20',NULL),(862,'Cargo',91,'2018-07-17 05:11:20','2018-07-17 05:11:20',NULL),(863,'Commercial',91,'2018-07-17 05:11:20','2018-07-17 05:11:20',NULL),(864,'Hunter',91,'2018-07-17 05:11:20','2018-07-17 05:11:20',NULL),(865,'New Patriot',91,'2018-07-17 05:11:20','2018-07-17 05:11:20',NULL),(866,'New Pickup',91,'2018-07-17 05:11:20','2018-07-17 05:11:20',NULL),(867,'Other',91,'2018-07-17 05:11:20','2018-07-17 05:11:20',NULL),(868,'Amarok',92,'2018-07-17 05:11:20','2018-07-17 05:11:20',NULL),(869,'Bora',92,'2018-07-17 05:11:20','2018-07-17 05:11:20',NULL),(870,'CC',92,'2018-07-17 05:11:20','2018-07-17 05:11:20',NULL),(871,'Caddy',92,'2018-07-17 05:11:20','2018-07-17 05:11:20',NULL),(872,'Eos',92,'2018-07-17 05:11:20','2018-07-17 05:11:20',NULL),(873,'Eurovan',92,'2018-07-17 05:11:20','2018-07-17 05:11:20',NULL),(874,'GTI',92,'2018-07-17 05:11:20','2018-07-17 05:11:20',NULL),(875,'Golf',92,'2018-07-17 05:11:20','2018-07-17 05:11:20',NULL),(876,'Golf R',92,'2018-07-17 05:11:20','2018-07-17 05:11:20',NULL),(877,'Jetta',92,'2018-07-17 05:11:20','2018-07-17 05:11:20',NULL),(878,'Multivan',92,'2018-07-17 05:11:20','2018-07-17 05:11:20',NULL),(879,'Passat',92,'2018-07-17 05:11:20','2018-07-17 05:11:20',NULL),(880,'Phaeton',92,'2018-07-17 05:11:20','2018-07-17 05:11:20',NULL),(881,'Polo',92,'2018-07-17 05:11:20','2018-07-17 05:11:20',NULL),(882,'Scirocco',92,'2018-07-17 05:11:20','2018-07-17 05:11:20',NULL),(883,'Sharan',92,'2018-07-17 05:11:20','2018-07-17 05:11:20',NULL),(884,'Tiguan',92,'2018-07-17 05:11:20','2018-07-17 05:11:20',NULL),(885,'Touareg',92,'2018-07-17 05:11:20','2018-07-17 05:11:20',NULL),(886,'Vento',92,'2018-07-17 05:11:20','2018-07-17 05:11:20',NULL),(887,'Other',92,'2018-07-17 05:11:20','2018-07-17 05:11:20',NULL),(888,'C-Class',93,'2018-07-17 05:11:20','2018-07-17 05:11:20',NULL),(889,'S-Class',93,'2018-07-17 05:11:20','2018-07-17 05:11:20',NULL),(890,'V-Class',93,'2018-07-17 05:11:20','2018-07-17 05:11:20',NULL),(891,'XC60',93,'2018-07-17 05:11:20','2018-07-17 05:11:20',NULL),(892,'XC70',93,'2018-07-17 05:11:20','2018-07-17 05:11:20',NULL),(893,'XC90',93,'2018-07-17 05:11:20','2018-07-17 05:11:20',NULL),(894,'Other',93,'2018-07-17 05:11:20','2018-07-17 05:11:20',NULL),(895,'MF3',94,'2018-07-17 05:11:20','2018-07-17 05:11:20',NULL),(896,'MF4',94,'2018-07-17 05:11:20','2018-07-17 05:11:20',NULL),(897,'MF5',94,'2018-07-17 05:11:20','2018-07-17 05:11:20',NULL),(898,'Other',94,'2018-07-17 05:11:20','2018-07-17 05:11:20',NULL),(899,'Heavy Vehicle',95,'2018-07-17 05:11:20','2018-07-17 05:11:20',NULL),(900,'Other 4x4',95,'2018-07-17 05:11:20','2018-07-17 05:11:20',NULL),(901,'Other Car',95,'2018-07-17 05:11:20','2018-07-17 05:11:20',NULL),(902,'Other Minivan',95,'2018-07-17 05:11:20','2018-07-17 05:11:20',NULL),(903,'Other Pickup',95,'2018-07-17 05:11:20','2018-07-17 05:11:20',NULL),(904,'Other Utility',95,'2018-07-17 05:11:20','2018-07-17 05:11:20',NULL);

/*Table structure for table `cities` */

DROP TABLE IF EXISTS `cities`;

CREATE TABLE `cities` (
  `id` int(10) unsigned NOT NULL AUTO_INCREMENT,
  `country_id` int(10) unsigned NOT NULL,
  `created_at` timestamp NULL DEFAULT NULL,
  `updated_at` timestamp NULL DEFAULT NULL,
  `deleted_at` timestamp NULL DEFAULT NULL,
  PRIMARY KEY (`id`),
  KEY `cities_country_id_foreign` (`country_id`),
  CONSTRAINT `cities_country_id_foreign` FOREIGN KEY (`country_id`) REFERENCES `countries` (`id`) ON DELETE CASCADE ON UPDATE CASCADE
) ENGINE=InnoDB AUTO_INCREMENT=52 DEFAULT CHARSET=utf8mb4 COLLATE=utf8mb4_unicode_ci;

/*Data for the table `cities` */

insert  into `cities`(`id`,`country_id`,`created_at`,`updated_at`,`deleted_at`) values (1,1,'2018-07-17 05:11:19','2018-07-17 05:11:19',NULL),(2,1,'2018-07-17 05:11:19','2018-07-17 05:11:19',NULL),(3,1,'2018-07-17 05:11:19','2018-07-17 05:11:19',NULL),(4,1,'2018-07-17 05:11:19','2018-07-17 05:11:19',NULL),(5,1,'2018-07-17 05:11:19','2018-07-17 05:11:19',NULL),(6,1,'2018-07-17 05:11:19','2018-07-17 05:11:19',NULL),(7,1,'2018-07-17 05:11:19','2018-07-17 05:11:19',NULL),(8,1,'2018-07-17 05:11:19','2018-07-17 05:11:19',NULL),(9,2,'2018-07-17 05:11:19','2018-07-17 05:11:19',NULL),(10,2,'2018-07-17 05:11:19','2018-07-17 05:11:19',NULL),(11,2,'2018-07-17 05:11:19','2018-07-17 05:11:19',NULL),(12,2,'2018-07-17 05:11:19','2018-07-17 05:11:19',NULL),(13,2,'2018-07-17 05:11:19','2018-07-17 05:11:19',NULL),(14,2,'2018-07-17 05:11:19','2018-07-17 05:11:19',NULL),(15,4,'2018-07-17 05:11:19','2018-07-17 05:11:19',NULL),(16,4,'2018-07-17 05:11:19','2018-07-17 05:11:19',NULL),(17,4,'2018-07-17 05:11:19','2018-07-17 05:11:19',NULL),(18,4,'2018-07-17 05:11:19','2018-07-17 05:11:19',NULL),(19,4,'2018-07-17 05:11:19','2018-07-17 05:11:19',NULL),(20,4,'2018-07-17 05:11:19','2018-07-17 05:11:19',NULL),(21,4,'2018-07-17 05:11:19','2018-07-17 05:11:19',NULL),(22,4,'2018-07-17 05:11:19','2018-07-17 05:11:19',NULL),(23,4,'2018-07-17 05:11:19','2018-07-17 05:11:19',NULL),(24,4,'2018-07-17 05:11:19','2018-07-17 05:11:19',NULL),(25,4,'2018-07-17 05:11:19','2018-07-17 05:11:19',NULL),(26,4,'2018-07-17 05:11:19','2018-07-17 05:11:19',NULL),(27,4,'2018-07-17 05:11:19','2018-07-17 05:11:19',NULL),(28,6,'2018-07-17 05:11:19','2018-07-17 05:11:19',NULL),(29,6,'2018-07-17 05:11:19','2018-07-17 05:11:19',NULL),(30,6,'2018-07-17 05:11:19','2018-07-17 05:11:19',NULL),(31,6,'2018-07-17 05:11:19','2018-07-17 05:11:19',NULL),(32,6,'2018-07-17 05:11:19','2018-07-17 05:11:19',NULL),(33,6,'2018-07-17 05:11:19','2018-07-17 05:11:19',NULL),(34,3,'2018-07-17 05:11:19','2018-07-17 05:11:19',NULL),(35,3,'2018-07-17 05:11:19','2018-07-17 05:11:19',NULL),(36,3,'2018-07-17 05:11:19','2018-07-17 05:11:19',NULL),(37,3,'2018-07-17 05:11:19','2018-07-17 05:11:19',NULL),(38,7,'2018-07-17 05:11:19','2018-07-17 05:11:19',NULL),(39,7,'2018-07-17 05:11:19','2018-07-17 05:11:19',NULL),(40,7,'2018-07-17 05:11:19','2018-07-17 05:11:19',NULL),(41,7,'2018-07-17 05:11:19','2018-07-17 05:11:19',NULL),(42,7,'2018-07-17 05:11:19','2018-07-17 05:11:19',NULL),(43,7,'2018-07-17 05:11:19','2018-07-17 05:11:19',NULL),(44,7,'2018-07-17 05:11:19','2018-07-17 05:11:19',NULL),(45,7,'2018-07-17 05:11:19','2018-07-17 05:11:19',NULL),(46,7,'2018-07-17 05:11:19','2018-07-17 05:11:19',NULL),(47,7,'2018-07-17 05:11:19','2018-07-17 05:11:19',NULL),(48,7,'2018-07-17 05:11:19','2018-07-17 05:11:19',NULL),(49,7,'2018-07-17 05:11:19','2018-07-17 05:11:19',NULL),(50,7,'2018-07-17 05:11:19','2018-07-17 05:11:19',NULL),(51,8,'2018-08-10 09:40:20','2018-08-10 09:40:20',NULL);

/*Table structure for table `city_translations` */

DROP TABLE IF EXISTS `city_translations`;

CREATE TABLE `city_translations` (
  `id` int(10) unsigned NOT NULL AUTO_INCREMENT,
  `city_id` int(10) unsigned NOT NULL,
  `locale` varchar(5) COLLATE utf8mb4_unicode_ci NOT NULL,
  `name` varchar(255) COLLATE utf8mb4_unicode_ci NOT NULL,
  `created_at` timestamp NULL DEFAULT NULL,
  `updated_at` timestamp NULL DEFAULT NULL,
  `deleted_at` timestamp NULL DEFAULT NULL,
  PRIMARY KEY (`id`),
  KEY `city_translations_city_id_foreign` (`city_id`),
  CONSTRAINT `city_translations_city_id_foreign` FOREIGN KEY (`city_id`) REFERENCES `cities` (`id`) ON DELETE CASCADE ON UPDATE CASCADE
) ENGINE=InnoDB AUTO_INCREMENT=54 DEFAULT CHARSET=utf8mb4 COLLATE=utf8mb4_unicode_ci;

/*Data for the table `city_translations` */

insert  into `city_translations`(`id`,`city_id`,`locale`,`name`,`created_at`,`updated_at`,`deleted_at`) values (1,1,'en','Dubai','2018-07-17 05:11:19','2018-07-17 05:11:19',NULL),(2,2,'en','Abu Dhabi','2018-07-17 05:11:19','2018-07-17 05:11:19',NULL),(3,3,'en','Sharjah','2018-07-17 05:11:19','2018-07-17 05:11:19',NULL),(4,4,'en','Ajman','2018-07-17 05:11:19','2018-07-17 05:11:19',NULL),(5,5,'en','Al Ain','2018-07-17 05:11:19','2018-07-17 05:11:19',NULL),(6,6,'en','Fujairah','2018-07-17 05:11:19','2018-07-17 05:11:19',NULL),(7,7,'en','Umm Al-Quwain','2018-07-17 05:11:19','2018-07-17 05:11:19',NULL),(8,8,'en','Ras Al Khaima','2018-07-17 05:11:19','2018-07-17 05:11:19',NULL),(9,9,'en','Kuwait City (Capital)','2018-07-17 05:11:19','2018-07-17 05:11:19',NULL),(10,10,'en','Hawally','2018-07-17 05:11:19','2018-07-17 05:11:19',NULL),(11,11,'en','Farwaniya','2018-07-17 05:11:19','2018-07-17 05:11:19',NULL),(12,12,'en','Ahmadi','2018-07-17 05:11:19','2018-07-17 05:11:19',NULL),(13,13,'en','Al Jahra','2018-07-17 05:11:19','2018-07-17 05:11:19',NULL),(14,14,'en','Mubarak Al-kabir','2018-07-17 05:11:19','2018-07-17 05:11:19',NULL),(15,15,'en','Seeb','2018-07-17 05:11:19','2018-07-17 05:11:19',NULL),(16,16,'en','Muttrah','2018-07-17 05:11:19','2018-07-17 05:11:19',NULL),(17,17,'en','Bosher','2018-07-17 05:11:19','2018-07-17 05:11:19',NULL),(18,18,'en','Muscat','2018-07-17 05:11:19','2018-07-17 05:11:19',NULL),(19,19,'en','Amerat','2018-07-17 05:11:19','2018-07-17 05:11:19',NULL),(20,20,'en','Salalah','2018-07-17 05:11:19','2018-07-17 05:11:19',NULL),(21,21,'en','Rustaq','2018-07-17 05:11:19','2018-07-17 05:11:19',NULL),(22,22,'en','Sohar','2018-07-17 05:11:19','2018-07-17 05:11:19',NULL),(23,23,'en','Barka','2018-07-17 05:11:19','2018-07-17 05:11:19',NULL),(24,24,'en','Nizwa','2018-07-17 05:11:19','2018-07-17 05:11:19',NULL),(25,25,'en','Sur','2018-07-17 05:11:19','2018-07-17 05:11:19',NULL),(26,26,'en','Buraimi','2018-07-17 05:11:19','2018-07-17 05:11:19',NULL),(27,27,'en','Ibri','2018-07-17 05:11:19','2018-07-17 05:11:19',NULL),(28,28,'en','Amman','2018-07-17 05:11:19','2018-07-17 05:11:19',NULL),(29,29,'en','Aqaba','2018-07-17 05:11:19','2018-07-17 05:11:19',NULL),(30,30,'en','Irbid','2018-07-17 05:11:19','2018-07-17 05:11:19',NULL),(31,31,'en','Madaba','2018-07-17 05:11:19','2018-07-17 05:11:19',NULL),(32,32,'en','Madaba','2018-07-17 05:11:19','2018-07-17 05:11:19',NULL),(33,33,'en','Zarqa','2018-07-17 05:11:19','2018-07-17 05:11:19',NULL),(34,34,'en','Capital governate  ','2018-07-17 05:11:19','2018-07-17 05:11:19',NULL),(35,35,'en','Muharraq governate','2018-07-17 05:11:19','2018-07-17 05:11:19',NULL),(36,36,'en','Sothern governate ','2018-07-17 05:11:19','2018-07-17 05:11:19',NULL),(37,37,'en','Northern governate','2018-07-17 05:11:19','2018-07-17 05:11:19',NULL),(38,38,'en','Riyadh Province','2018-07-17 05:11:19','2018-07-17 05:11:19',NULL),(39,39,'en','Makkah Province','2018-07-17 05:11:19','2018-07-17 05:11:19',NULL),(40,40,'en','Madinah Province','2018-07-17 05:11:19','2018-07-17 05:11:19',NULL),(41,41,'en','Qassim Province','2018-07-17 05:11:19','2018-07-17 05:11:19',NULL),(42,42,'en','Eastern Province','2018-07-17 05:11:19','2018-07-17 05:11:19',NULL),(43,43,'en','Asir Province','2018-07-17 05:11:19','2018-07-17 05:11:19',NULL),(44,44,'en','Tabuk Province','2018-07-17 05:11:19','2018-07-17 05:11:19',NULL),(45,45,'en','Hail Province','2018-07-17 05:11:19','2018-07-17 05:11:19',NULL),(46,46,'en','Northern Borders','2018-07-17 05:11:19','2018-07-17 05:11:19',NULL),(47,47,'en','Jizan Province','2018-07-17 05:11:19','2018-07-17 05:11:19',NULL),(48,48,'en','Najran Province','2018-07-17 05:11:19','2018-07-17 05:11:19',NULL),(49,49,'en','Bahah Province','2018-07-17 05:11:19','2018-07-17 05:11:19',NULL),(50,50,'en','Jawf Province','2018-07-17 05:11:19','2018-07-17 05:11:19',NULL),(51,1,'ar','','2018-07-17 11:53:07','2018-07-17 11:53:07',NULL),(52,51,'en','karachi','2018-08-10 09:40:20','2018-08-10 09:40:20',NULL),(53,51,'ar','','2018-08-10 09:41:04','2018-08-10 09:41:04',NULL);

/*Table structure for table `countries` */

DROP TABLE IF EXISTS `countries`;

CREATE TABLE `countries` (
  `id` int(10) unsigned NOT NULL AUTO_INCREMENT,
  `created_at` timestamp NULL DEFAULT NULL,
  `updated_at` timestamp NULL DEFAULT NULL,
  `deleted_at` timestamp NULL DEFAULT NULL,
  PRIMARY KEY (`id`)
) ENGINE=InnoDB AUTO_INCREMENT=9 DEFAULT CHARSET=utf8mb4 COLLATE=utf8mb4_unicode_ci;

/*Data for the table `countries` */

insert  into `countries`(`id`,`created_at`,`updated_at`,`deleted_at`) values (1,'2018-07-17 05:11:18','2018-07-17 05:11:18',NULL),(2,'2018-07-17 05:11:18','2018-07-17 05:11:18',NULL),(3,'2018-07-17 05:11:18','2018-07-17 05:11:18',NULL),(4,'2018-07-17 05:11:18','2018-07-17 05:11:18',NULL),(6,'2018-07-17 05:11:18','2018-07-17 05:11:18',NULL),(7,'2018-07-17 05:11:18','2018-07-17 05:11:18',NULL),(8,'2018-08-09 09:46:05','2018-08-09 09:46:05',NULL);

/*Table structure for table `country_translations` */

DROP TABLE IF EXISTS `country_translations`;

CREATE TABLE `country_translations` (
  `id` int(10) unsigned NOT NULL AUTO_INCREMENT,
  `country_id` int(10) unsigned NOT NULL,
  `locale` varchar(5) COLLATE utf8mb4_unicode_ci NOT NULL,
  `name` varchar(255) COLLATE utf8mb4_unicode_ci NOT NULL,
  `created_at` timestamp NULL DEFAULT NULL,
  `updated_at` timestamp NULL DEFAULT NULL,
  `deleted_at` timestamp NULL DEFAULT NULL,
  PRIMARY KEY (`id`),
  KEY `country_translations_country_id_foreign` (`country_id`),
  CONSTRAINT `country_translations_country_id_foreign` FOREIGN KEY (`country_id`) REFERENCES `countries` (`id`) ON DELETE CASCADE ON UPDATE CASCADE
) ENGINE=InnoDB AUTO_INCREMENT=11 DEFAULT CHARSET=utf8mb4 COLLATE=utf8mb4_unicode_ci;

/*Data for the table `country_translations` */

insert  into `country_translations`(`id`,`country_id`,`locale`,`name`,`created_at`,`updated_at`,`deleted_at`) values (1,1,'en','UAE','2018-07-17 05:11:18','2018-07-17 05:11:18',NULL),(2,2,'en','Kuwait','2018-07-17 05:11:18','2018-07-17 05:11:18',NULL),(3,3,'en','Bahrain','2018-07-17 05:11:18','2018-07-17 05:11:18',NULL),(4,4,'en','Oman','2018-07-17 05:11:18','2018-07-17 05:11:18',NULL),(6,6,'en','Jordan','2018-07-17 05:11:18','2018-07-17 05:11:18',NULL),(7,7,'en','KSA','2018-07-17 05:11:18','2018-07-17 05:11:18',NULL),(8,1,'ar','  ','2018-07-17 11:52:47','2018-07-17 11:52:47',NULL),(9,8,'en','pakistan','2018-08-09 09:46:05','2018-08-09 09:46:05',NULL),(10,8,'ar','','2018-08-10 09:40:01','2018-08-10 09:42:40',NULL);

/*Table structure for table `driver_cars` */

DROP TABLE IF EXISTS `driver_cars`;

CREATE TABLE `driver_cars` (
  `id` int(10) unsigned NOT NULL AUTO_INCREMENT,
  `driver_id` int(10) unsigned NOT NULL,
  `model_id` int(10) unsigned NOT NULL,
  `year` varchar(191) COLLATE utf8mb4_unicode_ci DEFAULT NULL,
  `registration_no` varchar(191) COLLATE utf8mb4_unicode_ci NOT NULL,
  `created_at` timestamp NOT NULL DEFAULT CURRENT_TIMESTAMP,
  `updated_at` timestamp NOT NULL DEFAULT CURRENT_TIMESTAMP,
  `deleted_at` timestamp NULL DEFAULT NULL,
  PRIMARY KEY (`id`),
  KEY `driver_cars_driver_id_foreign` (`driver_id`),
  KEY `driver_cars_model_id_foreign` (`model_id`),
  CONSTRAINT `driver_cars_driver_id_foreign` FOREIGN KEY (`driver_id`) REFERENCES `users` (`id`) ON DELETE CASCADE ON UPDATE CASCADE,
  CONSTRAINT `driver_cars_model_id_foreign` FOREIGN KEY (`model_id`) REFERENCES `car_models` (`id`) ON DELETE CASCADE ON UPDATE CASCADE
) ENGINE=InnoDB AUTO_INCREMENT=19 DEFAULT CHARSET=utf8mb4 COLLATE=utf8mb4_unicode_ci;

/*Data for the table `driver_cars` */

insert  into `driver_cars`(`id`,`driver_id`,`model_id`,`year`,`registration_no`,`created_at`,`updated_at`,`deleted_at`) values (1,4,34,'2018','REWX123','2018-08-01 13:24:13','2018-08-01 13:24:13',NULL),(2,4,228,'2018','QAAZ123','2018-08-01 13:24:36','2018-09-12 12:27:34',NULL),(3,4,873,'2018','TRE122','2018-08-01 13:25:06','2018-08-01 13:29:36',NULL),(4,6,873,'2018','price123','2018-08-01 15:17:07','2018-08-01 15:18:31',NULL),(5,4,10,'2018','TED8547','2018-08-03 12:21:37','2018-08-03 12:22:55',NULL),(6,4,857,'2015','bahwjiqjjsuushhqooan','2018-08-08 11:21:46','2018-08-08 11:21:46',NULL),(7,4,20,'2016','TR123','2018-08-31 12:15:03','2018-08-31 12:15:03',NULL),(16,6,10,'2012','TR1234','2018-08-31 12:55:35','2018-08-31 12:55:35',NULL),(17,3,10,'2017','12313123','2018-09-06 09:10:58','2018-09-06 09:10:58',NULL),(18,4,10,'2017','string123','2018-09-08 06:57:31','2018-09-08 06:57:31',NULL);

/*Table structure for table `locales` */

DROP TABLE IF EXISTS `locales`;

CREATE TABLE `locales` (
  `id` int(10) unsigned NOT NULL AUTO_INCREMENT,
  `code` varchar(191) COLLATE utf8mb4_unicode_ci NOT NULL,
  `title` varchar(191) COLLATE utf8mb4_unicode_ci NOT NULL,
  `native_name` varchar(191) COLLATE utf8mb4_unicode_ci DEFAULT NULL,
  `direction` varchar(191) COLLATE utf8mb4_unicode_ci NOT NULL,
  `status` tinyint(4) NOT NULL DEFAULT '0' COMMENT '0,1',
  `created_at` timestamp NULL DEFAULT NULL,
  `updated_at` timestamp NULL DEFAULT NULL,
  `deleted_at` timestamp NULL DEFAULT NULL,
  PRIMARY KEY (`id`)
) ENGINE=InnoDB AUTO_INCREMENT=185 DEFAULT CHARSET=utf8mb4 COLLATE=utf8mb4_unicode_ci;

/*Data for the table `locales` */

insert  into `locales`(`id`,`code`,`title`,`native_name`,`direction`,`status`,`created_at`,`updated_at`,`deleted_at`) values (1,'en','English',NULL,'LTR',1,'2018-07-17 05:11:18','2018-07-17 05:11:18',NULL),(2,'ar','Arabic','ar','RTL',1,'2018-07-17 05:11:18','2018-08-10 09:39:01',NULL),(3,'ab','Abkhaz','Abkhaz','LTR',1,'2018-07-17 05:11:18','2018-08-08 11:03:04',NULL),(4,'aa','Afar',NULL,'LTR',0,'2018-07-17 05:11:18','2018-07-17 05:11:18',NULL),(5,'af','Afrikaans',NULL,'LTR',0,'2018-07-17 05:11:18','2018-07-17 05:11:18',NULL),(6,'ak','Akan',NULL,'LTR',0,'2018-07-17 05:11:18','2018-07-17 05:11:18',NULL),(7,'sq','Albanian',NULL,'LTR',0,'2018-07-17 05:11:18','2018-07-17 05:11:18',NULL),(8,'am','Amharic',NULL,'LTR',0,'2018-07-17 05:11:18','2018-07-17 05:11:18',NULL),(10,'an','Aragonese',NULL,'LTR',0,'2018-07-17 05:11:18','2018-07-17 05:11:18',NULL),(11,'hy','Armenian',NULL,'LTR',0,'2018-07-17 05:11:18','2018-07-17 05:11:18',NULL),(12,'as','Assamese',NULL,'LTR',0,'2018-07-17 05:11:18','2018-07-17 05:11:18',NULL),(13,'av','Avaric',NULL,'LTR',0,'2018-07-17 05:11:18','2018-07-17 05:11:18',NULL),(14,'ae','Avestan',NULL,'LTR',0,'2018-07-17 05:11:18','2018-07-17 05:11:18',NULL),(15,'ay','Aymara',NULL,'LTR',0,'2018-07-17 05:11:18','2018-07-17 05:11:18',NULL),(16,'az','Azerbaijani',NULL,'LTR',0,'2018-07-17 05:11:18','2018-07-17 05:11:18',NULL),(17,'bm','Bambara',NULL,'LTR',0,'2018-07-17 05:11:18','2018-07-17 05:11:18',NULL),(18,'ba','Bashkir',NULL,'LTR',0,'2018-07-17 05:11:18','2018-07-17 05:11:18',NULL),(19,'eu','Basque',NULL,'LTR',0,'2018-07-17 05:11:18','2018-07-17 05:11:18',NULL),(20,'be','Belarusian',NULL,'LTR',0,'2018-07-17 05:11:18','2018-07-17 05:11:18',NULL),(21,'bn','Bengali',NULL,'LTR',0,'2018-07-17 05:11:18','2018-07-17 05:11:18',NULL),(22,'bh','Bihari',NULL,'LTR',0,'2018-07-17 05:11:18','2018-07-17 05:11:18',NULL),(23,'bi','Bislama',NULL,'LTR',0,'2018-07-17 05:11:18','2018-07-17 05:11:18',NULL),(24,'bs','Bosnian',NULL,'LTR',0,'2018-07-17 05:11:18','2018-07-17 05:11:18',NULL),(25,'br','Breton',NULL,'LTR',0,'2018-07-17 05:11:18','2018-07-17 05:11:18',NULL),(26,'bg','Bulgarian',NULL,'LTR',0,'2018-07-17 05:11:18','2018-07-17 05:11:18',NULL),(27,'my','Burmese',NULL,'LTR',0,'2018-07-17 05:11:18','2018-07-17 05:11:18',NULL),(28,'ca','Catalan; Valencian',NULL,'LTR',0,'2018-07-17 05:11:18','2018-07-17 05:11:18',NULL),(29,'ch','Chamorro',NULL,'LTR',0,'2018-07-17 05:11:18','2018-07-17 05:11:18',NULL),(30,'ce','Chechen',NULL,'LTR',0,'2018-07-17 05:11:18','2018-07-17 05:11:18',NULL),(31,'ny','Chichewa; Chewa; Nyanja',NULL,'LTR',0,'2018-07-17 05:11:18','2018-07-17 05:11:18',NULL),(32,'zh','Chinese',NULL,'LTR',0,'2018-07-17 05:11:18','2018-07-17 05:11:18',NULL),(33,'cv','Chuvash',NULL,'LTR',0,'2018-07-17 05:11:18','2018-07-17 05:11:18',NULL),(34,'kw','Cornish',NULL,'LTR',0,'2018-07-17 05:11:18','2018-07-17 05:11:18',NULL),(35,'co','Corsican',NULL,'LTR',0,'2018-07-17 05:11:18','2018-07-17 05:11:18',NULL),(36,'cr','Cree',NULL,'LTR',0,'2018-07-17 05:11:18','2018-07-17 05:11:18',NULL),(37,'hr','Croatian',NULL,'LTR',0,'2018-07-17 05:11:18','2018-07-17 05:11:18',NULL),(38,'cs','Czech',NULL,'LTR',0,'2018-07-17 05:11:18','2018-07-17 05:11:18',NULL),(39,'da','Danish',NULL,'LTR',0,'2018-07-17 05:11:18','2018-07-17 05:11:18',NULL),(40,'dv','Divehi; Dhivehi; Maldivian;',NULL,'RTL',0,'2018-07-17 05:11:18','2018-07-17 05:11:18',NULL),(41,'nl','Dutch',NULL,'LTR',0,'2018-07-17 05:11:18','2018-07-17 05:11:18',NULL),(43,'eo','Esperanto',NULL,'LTR',0,'2018-07-17 05:11:18','2018-07-17 05:11:18',NULL),(44,'et','Estonian',NULL,'LTR',0,'2018-07-17 05:11:18','2018-07-17 05:11:18',NULL),(45,'ee','Ewe',NULL,'LTR',0,'2018-07-17 05:11:18','2018-07-17 05:11:18',NULL),(46,'fo','Faroese',NULL,'LTR',0,'2018-07-17 05:11:18','2018-07-17 05:11:18',NULL),(47,'fj','Fijian',NULL,'LTR',0,'2018-07-17 05:11:18','2018-07-17 05:11:18',NULL),(48,'fi','Finnish',NULL,'LTR',0,'2018-07-17 05:11:18','2018-07-17 05:11:18',NULL),(49,'fr','French',NULL,'LTR',0,'2018-07-17 05:11:18','2018-07-17 05:11:18',NULL),(50,'ff','Fula; Fulah; Pulaar; Pular',NULL,'LTR',0,'2018-07-17 05:11:18','2018-07-17 05:11:18',NULL),(51,'gl','Galician',NULL,'LTR',0,'2018-07-17 05:11:18','2018-07-17 05:11:18',NULL),(52,'ka','Georgian',NULL,'LTR',0,'2018-07-17 05:11:18','2018-07-17 05:11:18',NULL),(53,'de','German',NULL,'LTR',0,'2018-07-17 05:11:18','2018-07-17 05:11:18',NULL),(54,'el','Greek, Modern',NULL,'LTR',0,'2018-07-17 05:11:18','2018-07-17 05:11:18',NULL),(55,'gn','Guaran',NULL,'LTR',0,'2018-07-17 05:11:18','2018-07-17 05:11:18',NULL),(56,'gu','Gujarati',NULL,'LTR',0,'2018-07-17 05:11:18','2018-07-17 05:11:18',NULL),(57,'ht','Haitian; Haitian Creole',NULL,'LTR',0,'2018-07-17 05:11:18','2018-07-17 05:11:18',NULL),(58,'ha','Hausa',NULL,'LTR',0,'2018-07-17 05:11:18','2018-07-17 05:11:18',NULL),(59,'he','Hebrew (modern)',NULL,'RTL',0,'2018-07-17 05:11:18','2018-07-17 05:11:18',NULL),(60,'hz','Herero',NULL,'LTR',0,'2018-07-17 05:11:18','2018-07-17 05:11:18',NULL),(61,'hi','Hindi',NULL,'LTR',0,'2018-07-17 05:11:18','2018-07-17 05:11:18',NULL),(62,'ho','Hiri Motu',NULL,'LTR',0,'2018-07-17 05:11:18','2018-07-17 05:11:18',NULL),(63,'hu','Hungarian',NULL,'LTR',0,'2018-07-17 05:11:18','2018-07-17 05:11:18',NULL),(64,'ia','Interlingua',NULL,'LTR',0,'2018-07-17 05:11:18','2018-07-17 05:11:18',NULL),(65,'id','Indonesian',NULL,'LTR',0,'2018-07-17 05:11:18','2018-07-17 05:11:18',NULL),(66,'ie','Interlingue',NULL,'LTR',0,'2018-07-17 05:11:18','2018-07-17 05:11:18',NULL),(67,'ga','Irish',NULL,'LTR',0,'2018-07-17 05:11:18','2018-07-17 05:11:18',NULL),(68,'ig','Igbo',NULL,'LTR',0,'2018-07-17 05:11:18','2018-07-17 05:11:18',NULL),(69,'ik','Inupiaq',NULL,'LTR',0,'2018-07-17 05:11:18','2018-07-17 05:11:18',NULL),(70,'io','Ido',NULL,'LTR',0,'2018-07-17 05:11:18','2018-07-17 05:11:18',NULL),(71,'is','Icelandic',NULL,'LTR',0,'2018-07-17 05:11:18','2018-07-17 05:11:18',NULL),(72,'it','Italian',NULL,'LTR',0,'2018-07-17 05:11:18','2018-07-17 05:11:18',NULL),(73,'iu','Inuktitut',NULL,'LTR',0,'2018-07-17 05:11:18','2018-07-17 05:11:18',NULL),(74,'ja','Japanese',NULL,'LTR',0,'2018-07-17 05:11:18','2018-07-17 05:11:18',NULL),(75,'jv','Javanese',NULL,'LTR',0,'2018-07-17 05:11:18','2018-07-17 05:11:18',NULL),(76,'kl','Kalaallisut, Greenlandic',NULL,'LTR',0,'2018-07-17 05:11:18','2018-07-17 05:11:18',NULL),(77,'kn','Kannada',NULL,'LTR',0,'2018-07-17 05:11:18','2018-07-17 05:11:18',NULL),(78,'kr','Kanuri',NULL,'LTR',0,'2018-07-17 05:11:18','2018-07-17 05:11:18',NULL),(79,'ks','Kashmiri',NULL,'LTR',0,'2018-07-17 05:11:18','2018-07-17 05:11:18',NULL),(80,'kk','Kazakh',NULL,'LTR',0,'2018-07-17 05:11:18','2018-07-17 05:11:18',NULL),(81,'km','Khmer',NULL,'LTR',0,'2018-07-17 05:11:18','2018-07-17 05:11:18',NULL),(82,'ki','Kikuyu, Gikuyu',NULL,'LTR',0,'2018-07-17 05:11:18','2018-07-17 05:11:18',NULL),(83,'rw','Kinyarwanda',NULL,'LTR',0,'2018-07-17 05:11:18','2018-07-17 05:11:18',NULL),(84,'ky','Kirghiz, Kyrgyz',NULL,'LTR',0,'2018-07-17 05:11:18','2018-07-17 05:11:18',NULL),(85,'kv','Komi',NULL,'LTR',0,'2018-07-17 05:11:18','2018-07-17 05:11:18',NULL),(86,'kg','Kongo',NULL,'LTR',0,'2018-07-17 05:11:18','2018-07-17 05:11:18',NULL),(87,'ko','Korean',NULL,'LTR',0,'2018-07-17 05:11:18','2018-07-17 05:11:18',NULL),(88,'ku','Kurdish',NULL,'RTL',0,'2018-07-17 05:11:18','2018-07-17 05:11:18',NULL),(89,'kj','Kwanyama, Kuanyama',NULL,'LTR',0,'2018-07-17 05:11:18','2018-07-17 05:11:18',NULL),(90,'la','Latin',NULL,'LTR',0,'2018-07-17 05:11:18','2018-07-17 05:11:18',NULL),(91,'lb','Luxembourgish, Letzeburgesch',NULL,'LTR',0,'2018-07-17 05:11:18','2018-07-17 05:11:18',NULL),(92,'lg','Luganda',NULL,'LTR',0,'2018-07-17 05:11:18','2018-07-17 05:11:18',NULL),(93,'li','Limburgish, Limburgan, Limburger',NULL,'LTR',0,'2018-07-17 05:11:18','2018-07-17 05:11:18',NULL),(94,'ln','Lingala',NULL,'LTR',0,'2018-07-17 05:11:18','2018-07-17 05:11:18',NULL),(95,'lo','Lao',NULL,'LTR',0,'2018-07-17 05:11:18','2018-07-17 05:11:18',NULL),(96,'lt','Lithuanian',NULL,'LTR',0,'2018-07-17 05:11:18','2018-07-17 05:11:18',NULL),(97,'lu','Luba-Katanga',NULL,'LTR',0,'2018-07-17 05:11:18','2018-07-17 05:11:18',NULL),(98,'lv','Latvian',NULL,'LTR',0,'2018-07-17 05:11:18','2018-07-17 05:11:18',NULL),(99,'gv','Manx',NULL,'LTR',0,'2018-07-17 05:11:18','2018-07-17 05:11:18',NULL),(100,'mk','Macedonian',NULL,'LTR',0,'2018-07-17 05:11:18','2018-07-17 05:11:18',NULL),(101,'mg','Malagasy',NULL,'LTR',0,'2018-07-17 05:11:18','2018-07-17 05:11:18',NULL),(102,'ms','Malay',NULL,'LTR',0,'2018-07-17 05:11:18','2018-07-17 05:11:18',NULL),(103,'ml','Malayalam',NULL,'LTR',0,'2018-07-17 05:11:18','2018-07-17 05:11:18',NULL),(104,'mt','Maltese',NULL,'LTR',0,'2018-07-17 05:11:18','2018-07-17 05:11:18',NULL),(105,'mi','Mori',NULL,'LTR',0,'2018-07-17 05:11:18','2018-07-17 05:11:18',NULL),(106,'mr','Marathi (Marh)',NULL,'LTR',0,'2018-07-17 05:11:18','2018-07-17 05:11:18',NULL),(107,'mh','Marshallese',NULL,'LTR',0,'2018-07-17 05:11:18','2018-07-17 05:11:18',NULL),(108,'mn','Mongolian',NULL,'LTR',0,'2018-07-17 05:11:18','2018-07-17 05:11:18',NULL),(109,'na','Nauru',NULL,'LTR',0,'2018-07-17 05:11:18','2018-07-17 05:11:18',NULL),(110,'nv','Navajo, Navaho',NULL,'LTR',0,'2018-07-17 05:11:18','2018-07-17 05:11:18',NULL),(111,'nb','Norwegian Bokml',NULL,'LTR',0,'2018-07-17 05:11:18','2018-07-17 05:11:18',NULL),(112,'nd','North Ndebele',NULL,'LTR',0,'2018-07-17 05:11:18','2018-07-17 05:11:18',NULL),(113,'ne','Nepali',NULL,'LTR',0,'2018-07-17 05:11:18','2018-07-17 05:11:18',NULL),(114,'ng','Ndonga',NULL,'LTR',0,'2018-07-17 05:11:18','2018-07-17 05:11:18',NULL),(115,'nn','Norwegian Nynorsk',NULL,'LTR',0,'2018-07-17 05:11:18','2018-07-17 05:11:18',NULL),(116,'no','Norwegian',NULL,'LTR',0,'2018-07-17 05:11:18','2018-07-17 05:11:18',NULL),(117,'ii','Nuosu',NULL,'LTR',0,'2018-07-17 05:11:18','2018-07-17 05:11:18',NULL),(118,'nr','South Ndebele',NULL,'LTR',0,'2018-07-17 05:11:18','2018-07-17 05:11:18',NULL),(119,'oc','Occitan',NULL,'LTR',0,'2018-07-17 05:11:18','2018-07-17 05:11:18',NULL),(120,'oj','Ojibwe, Ojibwa',NULL,'LTR',0,'2018-07-17 05:11:18','2018-07-17 05:11:18',NULL),(121,'cu','Old Church Slavonic, Church Slavic, Church Slavonic, Old Bulgarian, Old Slavonic',NULL,'LTR',0,'2018-07-17 05:11:18','2018-07-17 05:11:18',NULL),(122,'om','Oromo',NULL,'LTR',0,'2018-07-17 05:11:18','2018-07-17 05:11:18',NULL),(123,'or','Oriya',NULL,'LTR',0,'2018-07-17 05:11:18','2018-07-17 05:11:18',NULL),(124,'os','Ossetian, Ossetic',NULL,'LTR',0,'2018-07-17 05:11:18','2018-07-17 05:11:18',NULL),(125,'pa','Panjabi, Punjabi',NULL,'LTR',0,'2018-07-17 05:11:18','2018-07-17 05:11:18',NULL),(126,'pi','Pli',NULL,'LTR',0,'2018-07-17 05:11:18','2018-07-17 05:11:18',NULL),(127,'fa','Persian',NULL,'RTL',0,'2018-07-17 05:11:18','2018-07-17 05:11:18',NULL),(128,'pl','Polish',NULL,'LTR',0,'2018-07-17 05:11:18','2018-07-17 05:11:18',NULL),(129,'ps','Pashto, Pushto',NULL,'LTR',0,'2018-07-17 05:11:18','2018-07-17 05:11:18',NULL),(130,'pt','Portuguese',NULL,'LTR',0,'2018-07-17 05:11:18','2018-07-17 05:11:18',NULL),(131,'qu','Quechua',NULL,'LTR',0,'2018-07-17 05:11:18','2018-07-17 05:11:18',NULL),(132,'rm','Romansh',NULL,'LTR',0,'2018-07-17 05:11:18','2018-07-17 05:11:18',NULL),(133,'rn','Kirundi',NULL,'LTR',0,'2018-07-17 05:11:18','2018-07-17 05:11:18',NULL),(134,'ro','Romanian, Moldavian, Moldovan',NULL,'LTR',0,'2018-07-17 05:11:18','2018-07-17 05:11:18',NULL),(135,'ru','Russian',NULL,'LTR',0,'2018-07-17 05:11:18','2018-07-17 05:11:18',NULL),(136,'sa','Sanskrit (Saskta)',NULL,'LTR',0,'2018-07-17 05:11:18','2018-07-17 05:11:18',NULL),(137,'sc','Sardinian',NULL,'LTR',0,'2018-07-17 05:11:18','2018-07-17 05:11:18',NULL),(138,'sd','Sindhi',NULL,'LTR',0,'2018-07-17 05:11:18','2018-07-17 05:11:18',NULL),(139,'se','Northern Sami',NULL,'LTR',0,'2018-07-17 05:11:18','2018-07-17 05:11:18',NULL),(140,'sm','Samoan',NULL,'LTR',0,'2018-07-17 05:11:18','2018-07-17 05:11:18',NULL),(141,'sg','Sango',NULL,'LTR',0,'2018-07-17 05:11:18','2018-07-17 05:11:18',NULL),(142,'sr','Serbian',NULL,'LTR',0,'2018-07-17 05:11:18','2018-07-17 05:11:18',NULL),(143,'gd','Scottish Gaelic; Gaelic',NULL,'LTR',0,'2018-07-17 05:11:18','2018-07-17 05:11:18',NULL),(144,'sn','Shona',NULL,'LTR',0,'2018-07-17 05:11:18','2018-07-17 05:11:18',NULL),(145,'si','Sinhala, Sinhalese',NULL,'LTR',0,'2018-07-17 05:11:18','2018-07-17 05:11:18',NULL),(146,'sk','Slovak',NULL,'LTR',0,'2018-07-17 05:11:18','2018-07-17 05:11:18',NULL),(147,'sl','Slovene',NULL,'LTR',0,'2018-07-17 05:11:18','2018-07-17 05:11:18',NULL),(148,'so','Somali',NULL,'LTR',0,'2018-07-17 05:11:18','2018-07-17 05:11:18',NULL),(149,'st','Southern Sotho',NULL,'LTR',0,'2018-07-17 05:11:18','2018-07-17 05:11:18',NULL),(150,'es','Spanish; Castilian',NULL,'LTR',0,'2018-07-17 05:11:18','2018-07-17 05:11:18',NULL),(151,'su','Sundanese',NULL,'LTR',0,'2018-07-17 05:11:18','2018-07-17 05:11:18',NULL),(152,'sw','Swahili',NULL,'LTR',0,'2018-07-17 05:11:18','2018-07-17 05:11:18',NULL),(153,'ss','Swati',NULL,'LTR',0,'2018-07-17 05:11:18','2018-07-17 05:11:18',NULL),(154,'sv','Swedish',NULL,'LTR',0,'2018-07-17 05:11:18','2018-07-17 05:11:18',NULL),(155,'ta','Tamil',NULL,'LTR',0,'2018-07-17 05:11:18','2018-07-17 05:11:18',NULL),(156,'te','Telugu',NULL,'LTR',0,'2018-07-17 05:11:18','2018-07-17 05:11:18',NULL),(157,'tg','Tajik',NULL,'LTR',0,'2018-07-17 05:11:18','2018-07-17 05:11:18',NULL),(158,'th','Thai',NULL,'LTR',0,'2018-07-17 05:11:18','2018-07-17 05:11:18',NULL),(159,'ti','Tigrinya',NULL,'LTR',0,'2018-07-17 05:11:18','2018-07-17 05:11:18',NULL),(160,'bo','Tibetan Standard, Tibetan, Central',NULL,'LTR',0,'2018-07-17 05:11:18','2018-07-17 05:11:18',NULL),(161,'tk','Turkmen',NULL,'LTR',0,'2018-07-17 05:11:18','2018-07-17 05:11:18',NULL),(162,'tl','Tagalog',NULL,'LTR',0,'2018-07-17 05:11:18','2018-07-17 05:11:18',NULL),(163,'tn','Tswana',NULL,'LTR',0,'2018-07-17 05:11:18','2018-07-17 05:11:18',NULL),(164,'to','Tonga (Tonga Islands)',NULL,'LTR',0,'2018-07-17 05:11:18','2018-07-17 05:11:18',NULL),(165,'tr','Turkish',NULL,'LTR',0,'2018-07-17 05:11:18','2018-07-17 05:11:18',NULL),(166,'ts','Tsonga',NULL,'LTR',0,'2018-07-17 05:11:18','2018-07-17 05:11:18',NULL),(167,'tt','Tatar',NULL,'LTR',0,'2018-07-17 05:11:18','2018-07-17 05:11:18',NULL),(168,'tw','Twi',NULL,'LTR',0,'2018-07-17 05:11:18','2018-07-17 05:11:18',NULL),(169,'ty','Tahitian',NULL,'LTR',0,'2018-07-17 05:11:18','2018-07-17 05:11:18',NULL),(170,'ug','Uighur, Uyghur',NULL,'LTR',0,'2018-07-17 05:11:18','2018-07-17 05:11:18',NULL),(171,'uk','Ukrainian',NULL,'LTR',0,'2018-07-17 05:11:18','2018-07-17 05:11:18',NULL),(172,'ur','Urdu',NULL,'RTL',0,'2018-07-17 05:11:18','2018-07-17 05:11:18',NULL),(173,'uz','Uzbek',NULL,'LTR',0,'2018-07-17 05:11:18','2018-07-17 05:11:18',NULL),(174,'ve','Venda',NULL,'LTR',0,'2018-07-17 05:11:18','2018-07-17 05:11:18',NULL),(175,'vi','Viettitlese',NULL,'LTR',0,'2018-07-17 05:11:18','2018-07-17 05:11:18',NULL),(176,'vo','Volapk',NULL,'LTR',0,'2018-07-17 05:11:18','2018-07-17 05:11:18',NULL),(177,'wa','Walloon',NULL,'LTR',0,'2018-07-17 05:11:18','2018-07-17 05:11:18',NULL),(178,'cy','Welsh',NULL,'LTR',0,'2018-07-17 05:11:18','2018-07-17 05:11:18',NULL),(179,'wo','Wolof',NULL,'LTR',0,'2018-07-17 05:11:18','2018-07-17 05:11:18',NULL),(180,'fy','Western Frisian',NULL,'LTR',0,'2018-07-17 05:11:18','2018-07-17 05:11:18',NULL),(181,'xh','Xhosa',NULL,'LTR',0,'2018-07-17 05:11:18','2018-07-17 05:11:18',NULL),(182,'yi','Yiddish',NULL,'LTR',0,'2018-07-17 05:11:18','2018-07-17 05:11:18',NULL),(183,'yo','Yoruba',NULL,'LTR',0,'2018-07-17 05:11:18','2018-07-17 05:11:18',NULL),(184,'za','Zhuang, Chuang',NULL,'LTR',0,'2018-07-17 05:11:18','2018-07-17 05:11:18',NULL);

/*Table structure for table `mechanic_company_details` */

DROP TABLE IF EXISTS `mechanic_company_details`;

CREATE TABLE `mechanic_company_details` (
  `id` int(10) unsigned NOT NULL AUTO_INCREMENT,
  `mechanic_id` int(10) unsigned NOT NULL,
  `name` varchar(191) COLLATE utf8mb4_unicode_ci NOT NULL,
  `phone` varchar(191) COLLATE utf8mb4_unicode_ci DEFAULT NULL,
  `address` varchar(191) COLLATE utf8mb4_unicode_ci DEFAULT NULL,
  `image` varchar(191) COLLATE utf8mb4_unicode_ci DEFAULT NULL,
  `avg_rating` float(11,2) DEFAULT '0.00',
  `created_at` timestamp NOT NULL DEFAULT CURRENT_TIMESTAMP ON UPDATE CURRENT_TIMESTAMP,
  `updated_at` timestamp NOT NULL DEFAULT '0000-00-00 00:00:00',
  `deleted_at` timestamp NULL DEFAULT NULL,
  PRIMARY KEY (`id`),
  KEY `mechanic_company_details_mechanic_id_foreign` (`mechanic_id`),
  CONSTRAINT `mechanic_company_details_mechanic_id_foreign` FOREIGN KEY (`mechanic_id`) REFERENCES `users` (`id`) ON DELETE CASCADE ON UPDATE CASCADE
) ENGINE=InnoDB AUTO_INCREMENT=11 DEFAULT CHARSET=utf8mb4 COLLATE=utf8mb4_unicode_ci;

/*Data for the table `mechanic_company_details` */

insert  into `mechanic_company_details`(`id`,`mechanic_id`,`name`,`phone`,`address`,`image`,`avg_rating`,`created_at`,`updated_at`,`deleted_at`) values (9,3,'Mechanic Company','213123123123','Newcastle-under-Lyme','company/Iy2A8JNKX5bKMDK2FnamnWRpfDHOlsfb9NqzgyBx.png',5.00,'2018-08-09 18:02:28','2018-08-09 13:02:28',NULL),(10,5,'mechanic 2 string','1233123123','Newcastle-under-Lyme Street 123',NULL,0.00,'2018-08-09 18:01:03','2018-08-01 15:13:01',NULL);

/*Table structure for table `mechanic_makers` */

DROP TABLE IF EXISTS `mechanic_makers`;

CREATE TABLE `mechanic_makers` (
  `id` int(10) unsigned NOT NULL AUTO_INCREMENT,
  `mechanic_id` int(10) unsigned NOT NULL,
  `maker_id` int(10) unsigned NOT NULL,
  `status` tinyint(4) NOT NULL DEFAULT '1' COMMENT '0,1',
  `created_at` timestamp NULL DEFAULT NULL,
  `updated_at` timestamp NULL DEFAULT NULL,
  `deleted_at` timestamp NULL DEFAULT NULL,
  PRIMARY KEY (`id`),
  KEY `mechanic_makers_mechanic_id_foreign` (`mechanic_id`),
  KEY `mechanic_makers_maker_id_foreign` (`maker_id`),
  CONSTRAINT `mechanic_makers_maker_id_foreign` FOREIGN KEY (`maker_id`) REFERENCES `car_makers` (`id`) ON DELETE CASCADE ON UPDATE CASCADE,
  CONSTRAINT `mechanic_makers_mechanic_id_foreign` FOREIGN KEY (`mechanic_id`) REFERENCES `users` (`id`) ON DELETE CASCADE ON UPDATE CASCADE
) ENGINE=InnoDB AUTO_INCREMENT=380 DEFAULT CHARSET=utf8mb4 COLLATE=utf8mb4_unicode_ci;

/*Data for the table `mechanic_makers` */

insert  into `mechanic_makers`(`id`,`mechanic_id`,`maker_id`,`status`,`created_at`,`updated_at`,`deleted_at`) values (6,5,42,1,NULL,NULL,NULL),(7,5,45,1,NULL,NULL,NULL),(8,5,47,1,NULL,NULL,NULL),(9,5,49,1,NULL,NULL,NULL),(12,5,4,1,NULL,NULL,NULL),(284,3,1,1,NULL,NULL,NULL),(285,3,4,1,NULL,NULL,NULL),(286,3,5,1,NULL,NULL,NULL),(287,3,8,1,NULL,NULL,NULL),(288,3,9,1,NULL,NULL,NULL),(289,3,10,1,NULL,NULL,NULL),(290,3,11,1,NULL,NULL,NULL),(292,3,2,1,NULL,NULL,NULL),(293,3,3,1,NULL,NULL,NULL),(294,3,6,1,NULL,NULL,NULL),(295,3,7,1,NULL,NULL,NULL),(296,3,12,1,NULL,NULL,NULL),(297,3,13,1,NULL,NULL,NULL),(298,3,14,1,NULL,NULL,NULL),(299,3,15,1,NULL,NULL,NULL),(300,3,16,1,NULL,NULL,NULL),(301,3,17,1,NULL,NULL,NULL),(302,3,18,1,NULL,NULL,NULL),(303,3,19,1,NULL,NULL,NULL),(304,3,20,1,NULL,NULL,NULL),(305,3,21,1,NULL,NULL,NULL),(306,3,22,1,NULL,NULL,NULL),(307,3,23,1,NULL,NULL,NULL),(308,3,24,1,NULL,NULL,NULL),(309,3,25,1,NULL,NULL,NULL),(310,3,26,1,NULL,NULL,NULL),(311,3,27,1,NULL,NULL,NULL),(312,3,28,1,NULL,NULL,NULL),(313,3,29,1,NULL,NULL,NULL),(314,3,30,1,NULL,NULL,NULL),(315,3,31,1,NULL,NULL,NULL),(316,3,32,1,NULL,NULL,NULL),(317,3,33,1,NULL,NULL,NULL),(318,3,34,1,NULL,NULL,NULL),(319,3,35,1,NULL,NULL,NULL),(320,3,36,1,NULL,NULL,NULL),(321,3,37,1,NULL,NULL,NULL),(322,3,38,1,NULL,NULL,NULL),(323,3,39,1,NULL,NULL,NULL),(324,3,40,1,NULL,NULL,NULL),(325,3,41,1,NULL,NULL,NULL),(326,3,42,1,NULL,NULL,NULL),(327,3,43,1,NULL,NULL,NULL),(328,3,44,1,NULL,NULL,NULL),(329,3,45,1,NULL,NULL,NULL),(330,3,46,1,NULL,NULL,NULL),(331,3,47,1,NULL,NULL,NULL),(332,3,48,1,NULL,NULL,NULL),(333,3,49,1,NULL,NULL,NULL),(334,3,50,1,NULL,NULL,NULL),(335,3,51,1,NULL,NULL,NULL),(336,3,52,1,NULL,NULL,NULL),(337,3,53,1,NULL,NULL,NULL),(338,3,54,1,NULL,NULL,NULL),(339,3,55,1,NULL,NULL,NULL),(340,3,56,1,NULL,NULL,NULL),(341,3,57,1,NULL,NULL,NULL),(342,3,58,1,NULL,NULL,NULL),(343,3,59,1,NULL,NULL,NULL),(344,3,60,1,NULL,NULL,NULL),(345,3,61,1,NULL,NULL,NULL),(346,3,62,1,NULL,NULL,NULL),(347,3,63,1,NULL,NULL,NULL),(348,3,64,1,NULL,NULL,NULL),(349,3,65,1,NULL,NULL,NULL),(350,3,66,1,NULL,NULL,NULL),(351,3,67,1,NULL,NULL,NULL),(352,3,68,1,NULL,NULL,NULL),(353,3,69,1,NULL,NULL,NULL),(354,3,70,1,NULL,NULL,NULL),(355,3,71,1,NULL,NULL,NULL),(356,3,72,1,NULL,NULL,NULL),(357,3,73,1,NULL,NULL,NULL),(358,3,74,1,NULL,NULL,NULL),(359,3,75,1,NULL,NULL,NULL),(360,3,76,1,NULL,NULL,NULL),(361,3,77,1,NULL,NULL,NULL),(362,3,78,1,NULL,NULL,NULL),(363,3,79,1,NULL,NULL,NULL),(364,3,80,1,NULL,NULL,NULL),(365,3,81,1,NULL,NULL,NULL),(366,3,82,1,NULL,NULL,NULL),(367,3,83,1,NULL,NULL,NULL),(368,3,84,1,NULL,NULL,NULL),(369,3,85,1,NULL,NULL,NULL),(370,3,86,1,NULL,NULL,NULL),(371,3,87,1,NULL,NULL,NULL),(372,3,88,1,NULL,NULL,NULL),(373,3,89,1,NULL,NULL,NULL),(374,3,90,1,NULL,NULL,NULL),(375,3,91,1,NULL,NULL,NULL),(376,3,92,1,NULL,NULL,NULL),(377,3,93,1,NULL,NULL,NULL),(378,3,94,1,NULL,NULL,NULL),(379,3,95,1,NULL,NULL,NULL);

/*Table structure for table `mechanic_services` */

DROP TABLE IF EXISTS `mechanic_services`;

CREATE TABLE `mechanic_services` (
  `id` int(10) unsigned NOT NULL AUTO_INCREMENT,
  `mechanic_id` int(10) unsigned NOT NULL,
  `service_id` int(10) unsigned NOT NULL,
  `status` tinyint(4) NOT NULL DEFAULT '1' COMMENT '0,1',
  `created_at` timestamp NULL DEFAULT NULL,
  `updated_at` timestamp NULL DEFAULT NULL,
  `deleted_at` timestamp NULL DEFAULT NULL,
  PRIMARY KEY (`id`),
  KEY `mechanic_services_mechanic_id_foreign` (`mechanic_id`),
  KEY `mechanic_services_service_id_foreign` (`service_id`),
  CONSTRAINT `mechanic_services_mechanic_id_foreign` FOREIGN KEY (`mechanic_id`) REFERENCES `users` (`id`) ON DELETE CASCADE ON UPDATE CASCADE,
  CONSTRAINT `mechanic_services_service_id_foreign` FOREIGN KEY (`service_id`) REFERENCES `services` (`id`) ON DELETE CASCADE ON UPDATE CASCADE
) ENGINE=InnoDB AUTO_INCREMENT=288 DEFAULT CHARSET=utf8mb4 COLLATE=utf8mb4_unicode_ci;

/*Data for the table `mechanic_services` */

insert  into `mechanic_services`(`id`,`mechanic_id`,`service_id`,`status`,`created_at`,`updated_at`,`deleted_at`) values (20,3,156,1,NULL,NULL,NULL),(21,3,157,1,NULL,NULL,NULL),(22,3,158,1,NULL,NULL,NULL),(23,3,160,1,NULL,NULL,NULL),(24,3,161,1,NULL,NULL,NULL),(25,3,162,1,NULL,NULL,NULL),(26,5,147,1,NULL,NULL,NULL),(28,5,122,1,NULL,NULL,NULL),(30,3,19,1,NULL,NULL,NULL),(31,3,20,1,NULL,NULL,NULL),(32,3,21,1,NULL,NULL,NULL),(33,3,22,1,NULL,NULL,NULL),(34,3,23,1,NULL,NULL,NULL),(35,3,24,1,NULL,NULL,NULL),(36,3,25,1,NULL,NULL,NULL),(37,3,26,1,NULL,NULL,NULL),(38,3,27,1,NULL,NULL,NULL),(39,3,28,1,NULL,NULL,NULL),(40,3,29,1,NULL,NULL,NULL),(41,5,115,1,NULL,NULL,NULL),(42,5,116,1,NULL,NULL,NULL),(43,5,117,1,NULL,NULL,NULL),(44,5,118,1,NULL,NULL,NULL),(45,5,119,1,NULL,NULL,NULL),(46,5,120,1,NULL,NULL,NULL),(47,5,121,1,NULL,NULL,NULL),(48,5,123,1,NULL,NULL,NULL),(49,5,124,1,NULL,NULL,NULL),(50,5,125,1,NULL,NULL,NULL),(51,5,126,1,NULL,NULL,NULL),(52,5,127,1,NULL,NULL,NULL),(53,5,128,1,NULL,NULL,NULL),(54,5,129,1,NULL,NULL,NULL),(55,5,130,1,NULL,NULL,NULL),(56,5,131,1,NULL,NULL,NULL),(57,5,132,1,NULL,NULL,NULL),(58,5,133,1,NULL,NULL,NULL),(59,5,134,1,NULL,NULL,NULL),(60,5,135,1,NULL,NULL,NULL),(61,5,136,1,NULL,NULL,NULL),(62,5,137,1,NULL,NULL,NULL),(63,5,138,1,NULL,NULL,NULL),(64,5,139,1,NULL,NULL,NULL),(65,5,140,1,NULL,NULL,NULL),(66,5,141,1,NULL,NULL,NULL),(67,5,142,1,NULL,NULL,NULL),(68,5,143,1,NULL,NULL,NULL),(69,5,144,1,NULL,NULL,NULL),(70,5,145,1,NULL,NULL,NULL),(71,5,146,1,NULL,NULL,NULL),(72,5,148,1,NULL,NULL,NULL),(73,5,149,1,NULL,NULL,NULL),(74,5,150,1,NULL,NULL,NULL),(75,5,151,1,NULL,NULL,NULL),(76,5,152,1,NULL,NULL,NULL),(77,5,153,1,NULL,NULL,NULL),(78,5,154,1,NULL,NULL,NULL),(79,5,155,1,NULL,NULL,NULL),(80,5,156,1,NULL,NULL,NULL),(81,5,157,1,NULL,NULL,NULL),(82,5,158,1,NULL,NULL,NULL),(111,5,19,1,NULL,NULL,NULL),(112,5,20,1,NULL,NULL,NULL),(113,5,21,1,NULL,NULL,NULL),(114,5,22,1,NULL,NULL,NULL),(115,5,23,1,NULL,NULL,NULL),(116,5,24,1,NULL,NULL,NULL),(117,5,25,1,NULL,NULL,NULL),(118,5,26,1,NULL,NULL,NULL),(119,5,27,1,NULL,NULL,NULL),(120,5,28,1,NULL,NULL,NULL),(121,5,29,1,NULL,NULL,NULL),(135,3,184,1,'2018-08-09 16:19:16','2018-08-09 16:19:16',NULL),(136,3,30,1,NULL,NULL,NULL),(137,3,31,1,NULL,NULL,NULL),(138,3,32,1,NULL,NULL,NULL),(139,3,33,1,NULL,NULL,NULL),(140,3,34,1,NULL,NULL,NULL),(141,3,35,1,NULL,NULL,NULL),(142,3,36,1,NULL,NULL,NULL),(143,3,37,1,NULL,NULL,NULL),(144,3,38,1,NULL,NULL,NULL),(145,3,39,1,NULL,NULL,NULL),(146,3,40,1,NULL,NULL,NULL),(147,3,41,1,NULL,NULL,NULL),(148,3,42,1,NULL,NULL,NULL),(149,3,43,1,NULL,NULL,NULL),(150,3,44,1,NULL,NULL,NULL),(151,3,45,1,NULL,NULL,NULL),(152,3,46,1,NULL,NULL,NULL),(153,3,47,1,NULL,NULL,NULL),(154,3,48,1,NULL,NULL,NULL),(155,3,49,1,NULL,NULL,NULL),(156,3,50,1,NULL,NULL,NULL),(157,3,51,1,NULL,NULL,NULL),(158,3,52,1,NULL,NULL,NULL),(159,3,53,1,NULL,NULL,NULL),(160,3,54,1,NULL,NULL,NULL),(161,3,55,1,NULL,NULL,NULL),(162,3,56,1,NULL,NULL,NULL),(163,3,57,1,NULL,NULL,NULL),(164,3,58,1,NULL,NULL,NULL),(165,3,59,1,NULL,NULL,NULL),(166,3,60,1,NULL,NULL,NULL),(167,3,61,1,NULL,NULL,NULL),(168,3,62,1,NULL,NULL,NULL),(169,3,63,1,NULL,NULL,NULL),(170,3,64,1,NULL,NULL,NULL),(171,3,65,1,NULL,NULL,NULL),(172,3,66,1,NULL,NULL,NULL),(173,3,67,1,NULL,NULL,NULL),(174,3,68,1,NULL,NULL,NULL),(175,3,69,1,NULL,NULL,NULL),(176,3,70,1,NULL,NULL,NULL),(177,3,71,1,NULL,NULL,NULL),(178,3,72,1,NULL,NULL,NULL),(179,3,73,1,NULL,NULL,NULL),(180,3,74,1,NULL,NULL,NULL),(181,3,75,1,NULL,NULL,NULL),(182,3,76,1,NULL,NULL,NULL),(183,3,77,1,NULL,NULL,NULL),(184,3,78,1,NULL,NULL,NULL),(185,3,79,1,NULL,NULL,NULL),(186,3,80,1,NULL,NULL,NULL),(187,3,81,1,NULL,NULL,NULL),(188,3,82,1,NULL,NULL,NULL),(189,3,83,1,NULL,NULL,NULL),(190,3,84,1,NULL,NULL,NULL),(191,3,85,1,NULL,NULL,NULL),(192,3,86,1,NULL,NULL,NULL),(193,3,87,1,NULL,NULL,NULL),(194,3,88,1,NULL,NULL,NULL),(195,3,89,1,NULL,NULL,NULL),(196,3,90,1,NULL,NULL,NULL),(197,3,91,1,NULL,NULL,NULL),(198,3,92,1,NULL,NULL,NULL),(199,3,93,1,NULL,NULL,NULL),(200,3,94,1,NULL,NULL,NULL),(201,3,95,1,NULL,NULL,NULL),(202,3,96,1,NULL,NULL,NULL),(203,3,97,1,NULL,NULL,NULL),(204,3,98,1,NULL,NULL,NULL),(205,3,99,1,NULL,NULL,NULL),(206,3,100,1,NULL,NULL,NULL),(207,3,101,1,NULL,NULL,NULL),(208,3,102,1,NULL,NULL,NULL),(209,3,103,1,NULL,NULL,NULL),(210,3,104,1,NULL,NULL,NULL),(211,3,105,1,NULL,NULL,NULL),(212,3,106,1,NULL,NULL,NULL),(213,3,107,1,NULL,NULL,NULL),(214,3,108,1,NULL,NULL,NULL),(215,3,109,1,NULL,NULL,NULL),(216,3,110,1,NULL,NULL,NULL),(217,3,111,1,NULL,NULL,NULL),(218,3,112,1,NULL,NULL,NULL),(219,3,113,1,NULL,NULL,NULL),(220,3,114,1,NULL,NULL,NULL),(221,3,115,1,NULL,NULL,NULL),(222,3,116,1,NULL,NULL,NULL),(223,3,117,1,NULL,NULL,NULL),(224,3,118,1,NULL,NULL,NULL),(225,3,119,1,NULL,NULL,NULL),(226,3,120,1,NULL,NULL,NULL),(227,3,121,1,NULL,NULL,NULL),(228,3,122,1,NULL,NULL,NULL),(229,3,123,1,NULL,NULL,NULL),(230,3,124,1,NULL,NULL,NULL),(231,3,125,1,NULL,NULL,NULL),(232,3,126,1,NULL,NULL,NULL),(233,3,127,1,NULL,NULL,NULL),(234,3,128,1,NULL,NULL,NULL),(235,3,129,1,NULL,NULL,NULL),(236,3,130,1,NULL,NULL,NULL),(237,3,131,1,NULL,NULL,NULL),(238,3,132,1,NULL,NULL,NULL),(239,3,133,1,NULL,NULL,NULL),(240,3,134,1,NULL,NULL,NULL),(241,3,135,1,NULL,NULL,NULL),(242,3,136,1,NULL,NULL,NULL),(243,3,137,1,NULL,NULL,NULL),(244,3,138,1,NULL,NULL,NULL),(245,3,139,1,NULL,NULL,NULL),(246,3,140,1,NULL,NULL,NULL),(247,3,141,1,NULL,NULL,NULL),(248,3,142,1,NULL,NULL,NULL),(249,3,143,1,NULL,NULL,NULL),(250,3,144,1,NULL,NULL,NULL),(251,3,145,1,NULL,NULL,NULL),(252,3,146,1,NULL,NULL,NULL),(253,3,147,1,NULL,NULL,NULL),(254,3,148,1,NULL,NULL,NULL),(255,3,149,1,NULL,NULL,NULL),(256,3,150,1,NULL,NULL,NULL),(257,3,151,1,NULL,NULL,NULL),(258,3,152,1,NULL,NULL,NULL),(259,3,153,1,NULL,NULL,NULL),(260,3,154,1,NULL,NULL,NULL),(261,3,155,1,NULL,NULL,NULL),(262,3,159,1,NULL,NULL,NULL),(263,3,163,1,NULL,NULL,NULL),(264,3,164,1,NULL,NULL,NULL),(265,3,165,1,NULL,NULL,NULL),(266,3,166,1,NULL,NULL,NULL),(267,3,167,1,NULL,NULL,NULL),(268,3,168,1,NULL,NULL,NULL),(269,3,169,1,NULL,NULL,NULL),(270,3,170,1,NULL,NULL,NULL),(271,3,171,1,NULL,NULL,NULL),(272,3,172,1,NULL,NULL,NULL),(273,3,173,1,NULL,NULL,NULL),(274,3,174,1,NULL,NULL,NULL),(275,3,175,1,NULL,NULL,NULL),(276,3,176,1,NULL,NULL,NULL),(277,3,177,1,NULL,NULL,NULL),(278,3,178,1,NULL,NULL,NULL),(279,3,179,1,NULL,NULL,NULL),(280,3,180,1,NULL,NULL,NULL),(281,3,181,1,NULL,NULL,NULL),(282,3,182,1,NULL,NULL,NULL),(283,3,183,1,NULL,NULL,NULL),(284,3,185,1,NULL,NULL,NULL),(285,3,186,1,NULL,NULL,NULL),(286,3,187,1,NULL,NULL,NULL),(287,3,188,1,NULL,NULL,NULL);

/*Table structure for table `menus` */

DROP TABLE IF EXISTS `menus`;

CREATE TABLE `menus` (
  `id` int(10) unsigned NOT NULL AUTO_INCREMENT,
  `name` varchar(191) COLLATE utf8mb4_unicode_ci NOT NULL,
  `icon` varchar(191) COLLATE utf8mb4_unicode_ci NOT NULL,
  `slug` varchar(191) COLLATE utf8mb4_unicode_ci NOT NULL,
  `position` tinyint(4) NOT NULL DEFAULT '0',
  `is_protected` tinyint(4) NOT NULL DEFAULT '0',
  `status` tinyint(4) NOT NULL DEFAULT '0',
  `static` tinyint(1) DEFAULT '0',
  `created_at` timestamp NULL DEFAULT NULL,
  `updated_at` timestamp NULL DEFAULT NULL,
  `deleted_at` timestamp NULL DEFAULT NULL,
  PRIMARY KEY (`id`)
) ENGINE=InnoDB AUTO_INCREMENT=29 DEFAULT CHARSET=utf8mb4 COLLATE=utf8mb4_unicode_ci;

/*Data for the table `menus` */

insert  into `menus`(`id`,`name`,`icon`,`slug`,`position`,`is_protected`,`status`,`static`,`created_at`,`updated_at`,`deleted_at`) values (1,'Dashboard','fa fa-dashboard','dashboard',1,0,1,0,'2018-07-14 04:26:57','2018-07-14 04:26:57',NULL),(2,'Users','fa fa-user','users',2,0,1,0,'2018-07-14 04:26:57','2018-07-14 04:26:57',NULL),(3,'Roles','fa fa-edit','roles',3,0,1,0,'2018-07-14 04:26:57','2018-07-14 04:26:57',NULL),(4,'Permissions','fa fa-check-square-o','permissions',4,0,1,0,'2018-07-14 04:26:57','2018-07-14 04:26:57',NULL),(5,'Modules','fa fa-database','modules',5,0,1,0,'2018-07-14 04:26:57','2018-07-14 04:26:57',NULL),(6,'Languages','fa fa-comments-o','languages',6,0,1,0,'2018-07-14 04:26:57','2018-07-14 04:26:57',NULL),(7,'Pages','fa fa-wpforms','pages',7,0,1,0,'2018-07-14 04:26:57','2018-07-14 04:26:57',NULL),(8,'Contact us','fa fa-mail-forward','contactus',8,0,1,0,'2018-07-14 06:35:28','2018-07-14 06:36:58',NULL),(9,'Notifications','fa fa-bell','notifications',9,0,1,0,'2018-07-14 06:51:03','2018-07-14 06:54:09',NULL),(10,'Car Makers','fa fa-car','carMakers',10,0,1,0,'2018-07-14 10:54:25','2018-07-14 10:56:45',NULL),(11,'Car Models','fa fa-car','carModels',11,0,1,0,'2018-07-14 10:59:58','2018-07-14 11:03:03',NULL),(12,'Services','fa fa-gears','services',12,0,1,0,'2018-07-14 11:24:30','2018-07-14 11:25:30',NULL),(13,'Countries','fa fa-flag','countries',13,0,1,0,'2018-07-14 11:26:16','2018-07-14 11:26:42',NULL),(14,'Cities','fa fa-home','cities',14,0,1,0,'2018-07-14 11:27:22','2018-07-14 11:28:11',NULL),(15,'Areas','fa fa-map-marker','areas',15,0,1,0,'2018-07-14 11:28:48','2018-07-14 11:29:21',NULL),(18,'Reviews','fa fa-comment','reviews',21,0,0,0,'2018-07-14 11:39:28','2018-07-14 11:40:24',NULL),(19,'Quotations','fa fa-quora','quotations',20,0,1,0,'2018-07-16 07:02:39','2018-07-16 07:03:24',NULL),(20,'Jobs','fa fa-th','requestForQuotations',19,0,1,0,'2018-07-16 07:07:51','2018-07-16 07:08:39',NULL),(21,'My Cars','fa fa-car','myCars',18,0,1,0,'2018-07-20 07:33:57','2018-07-20 07:34:36',NULL),(22,'Messages','fa fa-envelope-o','messages',22,0,1,0,'2018-07-30 06:15:48','2018-07-30 06:19:09',NULL),(24,'My Profile','fa fa-user','users.profile',24,0,1,1,'2018-08-01 21:59:49','2018-08-01 21:59:49',NULL),(27,'Job History','fa fa-thumbs-o-up','jobHistories',23,0,1,0,'2018-08-04 06:09:39','2018-08-04 06:10:08',NULL),(28,'Find Garages','fa fa-car','findGarages',25,0,1,0,'2018-08-09 09:43:51','2018-08-09 09:44:33',NULL);

/*Table structure for table `migrations` */

DROP TABLE IF EXISTS `migrations`;

CREATE TABLE `migrations` (
  `id` int(10) unsigned NOT NULL AUTO_INCREMENT,
  `migration` varchar(191) COLLATE utf8mb4_unicode_ci NOT NULL,
  `batch` int(11) NOT NULL,
  PRIMARY KEY (`id`)
) ENGINE=InnoDB AUTO_INCREMENT=20 DEFAULT CHARSET=utf8mb4 COLLATE=utf8mb4_unicode_ci;

/*Data for the table `migrations` */

insert  into `migrations`(`id`,`migration`,`batch`) values (1,'2014_10_12_000000_create_users_table',1),(2,'2014_10_12_100000_create_password_resets_table',1),(3,'2018_04_06_081644_entrust_setup_tables',1),(4,'2018_04_06_134936_create_modules_table',1),(5,'2018_04_09_111106_add_soft_delete_in_users_table',1),(6,'2018_04_09_152013_create_menus_table',1),(7,'2018_07_12_083021_create_locales_table',1),(8,'2018_07_12_084644_create_pages_table',1),(9,'2018_07_13_175725_create_car_maker_table',1),(10,'2018_07_13_175954_create_country_city_area_table',1),(11,'2018_07_13_180116_create_services_table',1),(12,'2018_07_13_180454_create_threads_table',1),(13,'2018_07_13_181040_create_notification_table',1),(14,'2018_07_13_183753_create_user_cars_table',1),(15,'2018_07_13_184845_create_request_table',1),(16,'2018_07_13_190502_create_mechanic_makes_table',1),(17,'2018_07_13_191027_create_admin_query_table',1),(18,'2018_07_13_191533_create_reviews_table',1),(19,'2018_07_14_035120_update_user_table',1);

/*Table structure for table `modules` */

DROP TABLE IF EXISTS `modules`;

CREATE TABLE `modules` (
  `id` int(10) unsigned NOT NULL AUTO_INCREMENT,
  `name` varchar(191) COLLATE utf8mb4_unicode_ci NOT NULL,
  `slug` varchar(191) COLLATE utf8mb4_unicode_ci NOT NULL,
  `table_name` varchar(191) COLLATE utf8mb4_unicode_ci NOT NULL,
  `icon` varchar(191) COLLATE utf8mb4_unicode_ci NOT NULL,
  `status` tinyint(4) NOT NULL DEFAULT '0',
  `is_module` tinyint(4) NOT NULL DEFAULT '0',
  `config` text COLLATE utf8mb4_unicode_ci,
  `is_protected` tinyint(4) NOT NULL DEFAULT '0',
  `created_at` timestamp NULL DEFAULT NULL,
  `updated_at` timestamp NULL DEFAULT NULL,
  `deleted_at` timestamp NULL DEFAULT NULL,
  PRIMARY KEY (`id`)
) ENGINE=InnoDB AUTO_INCREMENT=26 DEFAULT CHARSET=utf8mb4 COLLATE=utf8mb4_unicode_ci;

/*Data for the table `modules` */

insert  into `modules`(`id`,`name`,`slug`,`table_name`,`icon`,`status`,`is_module`,`config`,`is_protected`,`created_at`,`updated_at`,`deleted_at`) values (1,'Admin Panel','adminpanel','-','fa fa-dashboard',1,0,NULL,1,'2018-07-14 04:26:57','2018-07-14 04:26:57',NULL),(2,'Dashboard','dashboard','-','fa fa-dashboard',1,0,NULL,1,'2018-07-14 04:26:57','2018-07-14 04:26:57',NULL),(3,'Users','users','users','fa fa-user',1,1,NULL,1,'2018-07-14 04:26:57','2018-07-14 04:26:57',NULL),(4,'Roles','roles','roles','fa fa-edit',1,1,NULL,1,'2018-07-14 04:26:57','2018-07-14 04:26:57',NULL),(5,'Permissions','permissions','permissions','fa fa-check-square-o',1,1,NULL,1,'2018-07-14 04:26:57','2018-07-14 04:26:57',NULL),(6,'Modules','modules','modules','fa fa-database',1,1,NULL,1,'2018-07-14 04:26:57','2018-07-14 04:26:57',NULL),(7,'Languages','languages','locales','fa fa-comments-o',1,1,NULL,1,'2018-07-14 04:26:57','2018-07-14 04:26:57',NULL),(8,'Page','pages','pages','fa fa-wpforms',1,1,NULL,1,'2018-07-14 04:26:57','2018-07-14 04:26:57',NULL),(9,'ContactUs','contactus','admin_queries','fa fa-mail-forward',1,1,'[{\"name\":\"id\",\"primary\":true,\"dbType\":\"increments\",\"fillable\":false,\"inForm\":false,\"htmlType\":false,\"validations\":false,\"inIndex\":true,\"searchable\":true},{\"name\":\"name\",\"primary\":false,\"dbType\":\"string,191\",\"fillable\":true,\"inForm\":true,\"htmlType\":\"text\",\"validations\":\"required\",\"inIndex\":true,\"searchable\":true},{\"name\":\"email\",\"primary\":false,\"dbType\":\"string,191\",\"fillable\":true,\"inForm\":true,\"htmlType\":\"email\",\"validations\":\"required|email\",\"inIndex\":true,\"searchable\":true},{\"name\":\"subject\",\"primary\":false,\"dbType\":\"string,191\",\"fillable\":true,\"inForm\":true,\"htmlType\":\"text\",\"validations\":\"required\",\"inIndex\":true,\"searchable\":true},{\"name\":\"message\",\"primary\":false,\"dbType\":\"string,191\",\"fillable\":true,\"inForm\":true,\"htmlType\":\"textarea\",\"validations\":\"required\",\"inIndex\":false,\"searchable\":false},{\"name\":\"status\",\"primary\":false,\"dbType\":\"boolean\",\"fillable\":false,\"inForm\":false,\"htmlType\":false,\"validations\":false,\"inIndex\":true,\"searchable\":true},{\"name\":\"created_at\",\"primary\":false,\"dbType\":\"datetime\",\"fillable\":false,\"inForm\":false,\"htmlType\":false,\"validations\":false,\"inIndex\":true,\"searchable\":true},{\"name\":\"updated_at\",\"primary\":false,\"dbType\":\"datetime\",\"fillable\":false,\"inForm\":false,\"htmlType\":false,\"validations\":false,\"inIndex\":false,\"searchable\":false},{\"name\":\"deleted_at\",\"primary\":false,\"dbType\":\"datetime\",\"fillable\":false,\"inForm\":false,\"htmlType\":false,\"validations\":false,\"inIndex\":false,\"searchable\":false}]',1,'2018-07-14 06:35:28','2018-07-14 06:36:58',NULL),(10,'Notification','notifications','notifications','fa fa-bell',1,1,'[{\"name\":\"id\",\"primary\":true,\"dbType\":\"increments\",\"fillable\":false,\"inForm\":false,\"htmlType\":false,\"validations\":false,\"inIndex\":true,\"searchable\":true},{\"name\":\"sender_id\",\"primary\":false,\"dbType\":\"increments\",\"fillable\":true,\"inForm\":true,\"htmlType\":\"number\",\"validations\":\"required\",\"inIndex\":false,\"searchable\":false},{\"name\":\"url\",\"primary\":false,\"dbType\":\"string,191\",\"fillable\":true,\"inForm\":true,\"htmlType\":\"url\",\"validations\":\"required\",\"inIndex\":true,\"searchable\":true},{\"name\":\"action_type\",\"primary\":false,\"dbType\":\"string,191\",\"fillable\":true,\"inForm\":true,\"htmlType\":\"text\",\"validations\":\"required\",\"inIndex\":true,\"searchable\":true},{\"name\":\"ref_id\",\"primary\":false,\"dbType\":\"increments\",\"fillable\":true,\"inForm\":true,\"htmlType\":\"number\",\"validations\":\"required\",\"inIndex\":true,\"searchable\":true},{\"name\":\"message\",\"primary\":false,\"dbType\":\"string,191\",\"fillable\":true,\"inForm\":true,\"htmlType\":\"textarea\",\"validations\":\"required\",\"inIndex\":true,\"searchable\":true},{\"name\":\"status\",\"primary\":false,\"dbType\":\"boolean\",\"fillable\":true,\"inForm\":true,\"htmlType\":\"checkbox\",\"validations\":\"required\",\"inIndex\":false,\"searchable\":false},{\"name\":\"created_at\",\"primary\":false,\"dbType\":\"datetime\",\"fillable\":false,\"inForm\":false,\"htmlType\":false,\"validations\":false,\"inIndex\":true,\"searchable\":true},{\"name\":\"updated_at\",\"primary\":false,\"dbType\":\"datetime\",\"fillable\":false,\"inForm\":false,\"htmlType\":false,\"validations\":false,\"inIndex\":false,\"searchable\":false},{\"name\":\"deleted_at\",\"primary\":false,\"dbType\":\"datetime\",\"fillable\":false,\"inForm\":false,\"htmlType\":false,\"validations\":false,\"inIndex\":false,\"searchable\":false}]',1,'2018-07-14 06:51:02','2018-07-14 06:54:09',NULL),(11,'CarMaker','carmakers','car_makers','fa fa-car',1,1,'[{\"name\":\"id\",\"primary\":true,\"dbType\":\"increments\",\"fillable\":false,\"inForm\":false,\"htmlType\":false,\"validations\":false,\"inIndex\":true,\"searchable\":true},{\"name\":\"title\",\"primary\":false,\"dbType\":\"string,191\",\"fillable\":true,\"inForm\":true,\"htmlType\":\"text\",\"validations\":\"required\",\"inIndex\":true,\"searchable\":true},{\"name\":\"created_at\",\"primary\":false,\"dbType\":\"datetime\",\"fillable\":false,\"inForm\":false,\"htmlType\":false,\"validations\":false,\"inIndex\":false,\"searchable\":false},{\"name\":\"updated_at\",\"primary\":false,\"dbType\":\"datetime\",\"fillable\":false,\"inForm\":false,\"htmlType\":false,\"validations\":false,\"inIndex\":false,\"searchable\":false},{\"name\":\"deleted_at\",\"primary\":false,\"dbType\":\"datetime\",\"fillable\":false,\"inForm\":false,\"htmlType\":false,\"validations\":false,\"inIndex\":false,\"searchable\":false}]',0,'2018-07-14 10:54:24','2018-07-14 10:56:45',NULL),(12,'CarModel','carmodels','car_models','fa fa-car',1,1,'[{\"name\":\"id\",\"primary\":true,\"dbType\":\"increments\",\"fillable\":false,\"inForm\":false,\"htmlType\":false,\"validations\":false,\"inIndex\":true,\"searchable\":true},{\"name\":\"car_maker_id\",\"primary\":false,\"dbType\":\"increments\",\"fillable\":true,\"inForm\":true,\"htmlType\":\"number\",\"validations\":\"required\",\"inIndex\":true,\"searchable\":true},{\"name\":\"title\",\"primary\":false,\"dbType\":\"string,191\",\"fillable\":true,\"inForm\":true,\"htmlType\":\"text\",\"validations\":\"required\",\"inIndex\":true,\"searchable\":true},{\"name\":\"created_at\",\"primary\":false,\"dbType\":\"datetime\",\"fillable\":false,\"inForm\":false,\"htmlType\":false,\"validations\":false,\"inIndex\":false,\"searchable\":false},{\"name\":\"updated_at\",\"primary\":false,\"dbType\":\"datetime\",\"fillable\":false,\"inForm\":false,\"htmlType\":false,\"validations\":false,\"inIndex\":false,\"searchable\":false},{\"name\":\"deleted_at\",\"primary\":false,\"dbType\":\"datetime\",\"fillable\":false,\"inForm\":false,\"htmlType\":false,\"validations\":false,\"inIndex\":false,\"searchable\":false}]',0,'2018-07-14 10:59:58','2018-07-14 11:03:03',NULL),(13,'Service','services','services','fa fa-gears',1,1,'[{\"name\":\"id\",\"primary\":true,\"dbType\":\"increments\",\"fillable\":false,\"inForm\":false,\"htmlType\":false,\"validations\":false,\"inIndex\":true,\"searchable\":true},{\"name\":\"parent_id\",\"primary\":false,\"dbType\":\"increments\",\"fillable\":true,\"inForm\":true,\"htmlType\":\"text\",\"validations\":\"required\",\"inIndex\":true,\"searchable\":true},{\"name\":\"name\",\"primary\":false,\"dbType\":\"string,191\",\"fillable\":true,\"inForm\":true,\"htmlType\":\"text\",\"validations\":\"required\",\"inIndex\":true,\"searchable\":true},{\"name\":\"created_at\",\"primary\":false,\"dbType\":\"datetime\",\"fillable\":false,\"inForm\":false,\"htmlType\":false,\"validations\":false,\"inIndex\":false,\"searchable\":false},{\"name\":\"updated_at\",\"primary\":false,\"dbType\":\"datetime\",\"fillable\":false,\"inForm\":false,\"htmlType\":false,\"validations\":false,\"inIndex\":false,\"searchable\":false},{\"name\":\"deleted_at\",\"primary\":false,\"dbType\":\"datetime\",\"fillable\":false,\"inForm\":false,\"htmlType\":false,\"validations\":false,\"inIndex\":false,\"searchable\":false}]',0,'2018-07-14 11:24:29','2018-07-14 11:25:30',NULL),(14,'Country','countries','countries','fa fa-flag',1,1,'[{\"name\":\"id\",\"primary\":true,\"dbType\":\"increments\",\"fillable\":false,\"inForm\":false,\"htmlType\":false,\"validations\":false,\"inIndex\":true,\"searchable\":true},{\"name\":\"name\",\"primary\":false,\"dbType\":\"string,191\",\"fillable\":true,\"inForm\":true,\"htmlType\":\"text\",\"validations\":\"required\",\"inIndex\":true,\"searchable\":true},{\"name\":\"created_at\",\"primary\":false,\"dbType\":\"datetime\",\"fillable\":false,\"inForm\":false,\"htmlType\":false,\"validations\":false,\"inIndex\":false,\"searchable\":false},{\"name\":\"updated_at\",\"primary\":false,\"dbType\":\"datetime\",\"fillable\":false,\"inForm\":false,\"htmlType\":false,\"validations\":false,\"inIndex\":false,\"searchable\":false},{\"name\":\"deleted_at\",\"primary\":false,\"dbType\":\"datetime\",\"fillable\":false,\"inForm\":false,\"htmlType\":false,\"validations\":false,\"inIndex\":false,\"searchable\":false}]',0,'2018-07-14 11:26:15','2018-07-14 11:26:42',NULL),(15,'City','cities','cities','fa fa-home',1,1,'[{\"name\":\"id\",\"primary\":true,\"dbType\":\"increments\",\"fillable\":false,\"inForm\":false,\"htmlType\":false,\"validations\":false,\"inIndex\":true,\"searchable\":true},{\"name\":\"country_id\",\"primary\":false,\"dbType\":\"increments\",\"fillable\":true,\"inForm\":true,\"htmlType\":\"text\",\"validations\":\"required\",\"inIndex\":true,\"searchable\":true},{\"name\":\"name\",\"primary\":false,\"dbType\":\"string,191\",\"fillable\":true,\"inForm\":true,\"htmlType\":\"text\",\"validations\":\"required\",\"inIndex\":true,\"searchable\":true},{\"name\":\"created_at\",\"primary\":false,\"dbType\":\"datetime\",\"fillable\":false,\"inForm\":false,\"htmlType\":false,\"validations\":false,\"inIndex\":false,\"searchable\":false},{\"name\":\"updated_at\",\"primary\":false,\"dbType\":\"datetime\",\"fillable\":false,\"inForm\":false,\"htmlType\":false,\"validations\":false,\"inIndex\":false,\"searchable\":false},{\"name\":\"deleted_at\",\"primary\":false,\"dbType\":\"datetime\",\"fillable\":false,\"inForm\":false,\"htmlType\":false,\"validations\":false,\"inIndex\":false,\"searchable\":false}]',0,'2018-07-14 11:27:22','2018-07-14 11:28:11',NULL),(16,'Area','areas','areas','fa fa-map-marker',1,1,'[{\"name\":\"id\",\"primary\":true,\"dbType\":\"increments\",\"fillable\":false,\"inForm\":false,\"htmlType\":false,\"validations\":false,\"inIndex\":true,\"searchable\":true},{\"name\":\"city_id\",\"primary\":false,\"dbType\":\"increments\",\"fillable\":true,\"inForm\":true,\"htmlType\":\"text\",\"validations\":\"required\",\"inIndex\":true,\"searchable\":true},{\"name\":\"name\",\"primary\":false,\"dbType\":\"string,191\",\"fillable\":true,\"inForm\":true,\"htmlType\":\"text\",\"validations\":\"required\",\"inIndex\":true,\"searchable\":true},{\"name\":\"created_at\",\"primary\":false,\"dbType\":\"datetime\",\"fillable\":false,\"inForm\":false,\"htmlType\":false,\"validations\":false,\"inIndex\":false,\"searchable\":false},{\"name\":\"updated_at\",\"primary\":false,\"dbType\":\"datetime\",\"fillable\":false,\"inForm\":false,\"htmlType\":false,\"validations\":false,\"inIndex\":false,\"searchable\":false},{\"name\":\"deleted_at\",\"primary\":false,\"dbType\":\"datetime\",\"fillable\":false,\"inForm\":false,\"htmlType\":false,\"validations\":false,\"inIndex\":false,\"searchable\":false}]',0,'2018-07-14 11:28:48','2018-07-14 11:29:21',NULL),(19,'Review','reviews','reviews','fa fa-comment',1,1,'[{\"name\":\"id\",\"primary\":true,\"dbType\":\"increments\",\"fillable\":false,\"inForm\":false,\"htmlType\":false,\"validations\":false,\"inIndex\":false,\"searchable\":false},{\"name\":\"request_quotation_id\",\"primary\":false,\"dbType\":\"increments\",\"fillable\":true,\"inForm\":true,\"htmlType\":\"text\",\"validations\":\"required\",\"inIndex\":true,\"searchable\":true},{\"name\":\"user_id\",\"primary\":false,\"dbType\":\"increments\",\"fillable\":false,\"inForm\":false,\"htmlType\":false,\"validations\":false,\"inIndex\":true,\"searchable\":true},{\"name\":\"rating\",\"primary\":false,\"dbType\":\"increments\",\"fillable\":true,\"inForm\":true,\"htmlType\":\"text\",\"validations\":\"required\",\"inIndex\":true,\"searchable\":true},{\"name\":\"comment\",\"primary\":false,\"dbType\":\"string,191\",\"fillable\":true,\"inForm\":true,\"htmlType\":\"text\",\"validations\":\"required\",\"inIndex\":true,\"searchable\":true},{\"name\":\"status\",\"primary\":false,\"dbType\":\"boolean\",\"fillable\":false,\"inForm\":false,\"htmlType\":false,\"validations\":false,\"inIndex\":false,\"searchable\":false},{\"name\":\"created_at\",\"primary\":false,\"dbType\":\"datetime\",\"fillable\":false,\"inForm\":false,\"htmlType\":false,\"validations\":false,\"inIndex\":false,\"searchable\":false},{\"name\":\"updated_at\",\"primary\":false,\"dbType\":\"datetime\",\"fillable\":false,\"inForm\":false,\"htmlType\":false,\"validations\":false,\"inIndex\":false,\"searchable\":false},{\"name\":\"deleted_at\",\"primary\":false,\"dbType\":\"datetime\",\"fillable\":false,\"inForm\":false,\"htmlType\":false,\"validations\":false,\"inIndex\":false,\"searchable\":false}]',0,'2018-07-14 11:39:28','2018-07-14 11:40:24',NULL),(20,'Quotation','quotations','quotations','fa fa-wrench',1,1,'[{\"name\":\"id\",\"primary\":true,\"dbType\":\"increments\",\"fillable\":false,\"inForm\":false,\"htmlType\":false,\"validations\":false,\"inIndex\":true,\"searchable\":true},{\"name\":\"mechanic_id\",\"primary\":false,\"dbType\":\"increments\",\"fillable\":false,\"inForm\":false,\"htmlType\":false,\"validations\":false,\"inIndex\":true,\"searchable\":true},{\"name\":\"request_id\",\"primary\":false,\"dbType\":\"increments\",\"fillable\":true,\"inForm\":true,\"htmlType\":\"text\",\"validations\":\"required\",\"inIndex\":true,\"searchable\":true},{\"name\":\"amount\",\"primary\":false,\"dbType\":\"float\",\"fillable\":true,\"inForm\":true,\"htmlType\":\"text\",\"validations\":\"required\",\"inIndex\":true,\"searchable\":true},{\"name\":\"message\",\"primary\":false,\"dbType\":\"string,191\",\"fillable\":true,\"inForm\":true,\"htmlType\":\"text\",\"validations\":\"required\",\"inIndex\":true,\"searchable\":true},{\"name\":\"status\",\"primary\":false,\"dbType\":\"boolean\",\"fillable\":false,\"inForm\":false,\"htmlType\":false,\"validations\":false,\"inIndex\":true,\"searchable\":true},{\"name\":\"created_at\",\"primary\":false,\"dbType\":\"datetime\",\"fillable\":false,\"inForm\":false,\"htmlType\":false,\"validations\":false,\"inIndex\":false,\"searchable\":false},{\"name\":\"updated_at\",\"primary\":false,\"dbType\":\"datetime\",\"fillable\":false,\"inForm\":false,\"htmlType\":false,\"validations\":false,\"inIndex\":false,\"searchable\":false},{\"name\":\"deleted_at\",\"primary\":false,\"dbType\":\"datetime\",\"fillable\":false,\"inForm\":false,\"htmlType\":false,\"validations\":false,\"inIndex\":false,\"searchable\":false}]',0,'2018-07-16 07:02:39','2018-07-16 07:03:24',NULL),(21,'RequestForQuotation','requestforquotations','quotation_requests','fa fa-th',1,1,'[{\"name\":\"id\",\"primary\":true,\"dbType\":\"increments\",\"fillable\":false,\"inForm\":false,\"htmlType\":false,\"validations\":false,\"inIndex\":true,\"searchable\":true},{\"name\":\"car_id\",\"primary\":false,\"dbType\":\"increments\",\"fillable\":true,\"inForm\":true,\"htmlType\":\"text\",\"validations\":\"required\",\"inIndex\":true,\"searchable\":true},{\"name\":\"area_id\",\"primary\":false,\"dbType\":\"increments\",\"fillable\":true,\"inForm\":true,\"htmlType\":\"text\",\"validations\":\"required\",\"inIndex\":true,\"searchable\":true},{\"name\":\"service_id\",\"primary\":false,\"dbType\":\"increments\",\"fillable\":true,\"inForm\":true,\"htmlType\":\"text\",\"validations\":\"required\",\"inIndex\":true,\"searchable\":true},{\"name\":\"with_in_time\",\"primary\":false,\"dbType\":\"boolean\",\"fillable\":true,\"inForm\":true,\"htmlType\":\"text\",\"validations\":\"required\",\"inIndex\":true,\"searchable\":true},{\"name\":\"status\",\"primary\":false,\"dbType\":\"boolean\",\"fillable\":false,\"inForm\":false,\"htmlType\":false,\"validations\":false,\"inIndex\":false,\"searchable\":false},{\"name\":\"created_at\",\"primary\":false,\"dbType\":\"datetime\",\"fillable\":false,\"inForm\":false,\"htmlType\":false,\"validations\":false,\"inIndex\":false,\"searchable\":false},{\"name\":\"updated_at\",\"primary\":false,\"dbType\":\"datetime\",\"fillable\":false,\"inForm\":false,\"htmlType\":false,\"validations\":false,\"inIndex\":false,\"searchable\":false},{\"name\":\"deleted_at\",\"primary\":false,\"dbType\":\"datetime\",\"fillable\":false,\"inForm\":false,\"htmlType\":false,\"validations\":false,\"inIndex\":false,\"searchable\":false}]',0,'2018-07-16 07:07:51','2018-07-16 07:08:39',NULL),(22,'MyCar','mycars','driver_cars','fa fa-car',1,1,'[{\"name\":\"id\",\"primary\":true,\"dbType\":\"increments\",\"fillable\":false,\"inForm\":false,\"htmlType\":false,\"validations\":false,\"inIndex\":true,\"searchable\":true},{\"name\":\"driver_id\",\"primary\":false,\"dbType\":\"increments\",\"fillable\":false,\"inForm\":false,\"htmlType\":false,\"validations\":false,\"inIndex\":false,\"searchable\":false},{\"name\":\"model_id\",\"primary\":false,\"dbType\":\"increments\",\"fillable\":true,\"inForm\":true,\"htmlType\":\"text\",\"validations\":\"required\",\"inIndex\":true,\"searchable\":true},{\"name\":\"registration_no\",\"primary\":false,\"dbType\":\"string,191\",\"fillable\":true,\"inForm\":true,\"htmlType\":\"text\",\"validations\":\"required\",\"inIndex\":true,\"searchable\":true},{\"name\":\"year\",\"primary\":false,\"dbType\":\"string,191\",\"fillable\":true,\"inForm\":true,\"htmlType\":\"text\",\"validations\":\"required\",\"inIndex\":true,\"searchable\":true},{\"name\":\"created_at\",\"primary\":false,\"dbType\":\"datetime\",\"fillable\":false,\"inForm\":false,\"htmlType\":false,\"validations\":false,\"inIndex\":false,\"searchable\":false},{\"name\":\"updated_at\",\"primary\":false,\"dbType\":\"datetime\",\"fillable\":false,\"inForm\":false,\"htmlType\":false,\"validations\":false,\"inIndex\":false,\"searchable\":false},{\"name\":\"deleted_at\",\"primary\":false,\"dbType\":\"datetime\",\"fillable\":false,\"inForm\":false,\"htmlType\":false,\"validations\":false,\"inIndex\":false,\"searchable\":false}]',0,'2018-07-20 07:33:56','2018-07-20 07:34:36',NULL),(23,'Message','messages','threads','fa fa-envelope-o',1,1,'[{\"name\":\"id\",\"primary\":true,\"dbType\":\"increments\",\"fillable\":false,\"inForm\":false,\"htmlType\":false,\"validations\":false,\"inIndex\":true,\"searchable\":true},{\"name\":\"created_by\",\"primary\":false,\"dbType\":\"increments\",\"fillable\":true,\"inForm\":true,\"htmlType\":\"text\",\"validations\":\"required\",\"inIndex\":true,\"searchable\":true},{\"name\":\"last_message_id\",\"primary\":false,\"dbType\":\"increments\",\"fillable\":true,\"inForm\":true,\"htmlType\":\"text\",\"validations\":\"required\",\"inIndex\":true,\"searchable\":true},{\"name\":\"type\",\"primary\":false,\"dbType\":\"boolean\",\"fillable\":true,\"inForm\":true,\"htmlType\":\"text\",\"validations\":\"required\",\"inIndex\":false,\"searchable\":false},{\"name\":\"status\",\"primary\":false,\"dbType\":\"boolean\",\"fillable\":true,\"inForm\":true,\"htmlType\":\"text\",\"validations\":\"required\",\"inIndex\":true,\"searchable\":true},{\"name\":\"created_at\",\"primary\":false,\"dbType\":\"datetime\",\"fillable\":false,\"inForm\":false,\"htmlType\":false,\"validations\":false,\"inIndex\":false,\"searchable\":false},{\"name\":\"updated_at\",\"primary\":false,\"dbType\":\"datetime\",\"fillable\":false,\"inForm\":false,\"htmlType\":false,\"validations\":false,\"inIndex\":false,\"searchable\":false},{\"name\":\"deleted_at\",\"primary\":false,\"dbType\":\"datetime\",\"fillable\":false,\"inForm\":false,\"htmlType\":false,\"validations\":false,\"inIndex\":false,\"searchable\":false}]',0,'2018-07-30 06:15:48','2018-07-30 06:19:09',NULL),(24,'JobHistory','jobhistories','quotation_requests','fa fa-thumbs-o-up',1,1,'[{\"name\":\"id\",\"primary\":true,\"dbType\":\"increments\",\"fillable\":false,\"inForm\":false,\"htmlType\":false,\"validations\":false,\"inIndex\":false,\"searchable\":false},{\"name\":\"car_id\",\"primary\":false,\"dbType\":\"increments\",\"fillable\":true,\"inForm\":true,\"htmlType\":\"text\",\"validations\":\"required\",\"inIndex\":true,\"searchable\":true},{\"name\":\"area_id\",\"primary\":false,\"dbType\":\"increments\",\"fillable\":true,\"inForm\":true,\"htmlType\":\"text\",\"validations\":\"required\",\"inIndex\":true,\"searchable\":true},{\"name\":\"service_id\",\"primary\":false,\"dbType\":\"increments\",\"fillable\":true,\"inForm\":true,\"htmlType\":\"text\",\"validations\":\"required\",\"inIndex\":true,\"searchable\":true},{\"name\":\"with_in_time\",\"primary\":false,\"dbType\":\"boolean\",\"fillable\":true,\"inForm\":true,\"htmlType\":\"text\",\"validations\":\"required\",\"inIndex\":true,\"searchable\":true},{\"name\":\"notes\",\"primary\":false,\"dbType\":\"text,65535\",\"fillable\":true,\"inForm\":true,\"htmlType\":\"text\",\"validations\":\"required\",\"inIndex\":true,\"searchable\":true},{\"name\":\"status\",\"primary\":false,\"dbType\":\"boolean\",\"fillable\":false,\"inForm\":false,\"htmlType\":false,\"validations\":false,\"inIndex\":true,\"searchable\":true},{\"name\":\"created_at\",\"primary\":false,\"dbType\":\"datetime\",\"fillable\":false,\"inForm\":false,\"htmlType\":false,\"validations\":false,\"inIndex\":false,\"searchable\":false},{\"name\":\"updated_at\",\"primary\":false,\"dbType\":\"datetime\",\"fillable\":false,\"inForm\":false,\"htmlType\":false,\"validations\":false,\"inIndex\":false,\"searchable\":false},{\"name\":\"deleted_at\",\"primary\":false,\"dbType\":\"datetime\",\"fillable\":false,\"inForm\":false,\"htmlType\":false,\"validations\":false,\"inIndex\":false,\"searchable\":false}]',0,'2018-08-04 06:09:38','2018-08-04 06:10:08',NULL),(25,'FindGarage','findgarages','users','fa fa-car',1,1,'[{\"name\":\"id\",\"primary\":true,\"dbType\":\"increments\",\"fillable\":false,\"inForm\":false,\"htmlType\":false,\"validations\":false,\"inIndex\":false,\"searchable\":false},{\"name\":\"name\",\"primary\":false,\"dbType\":\"string,191\",\"fillable\":true,\"inForm\":true,\"htmlType\":\"text\",\"validations\":\"required\",\"inIndex\":true,\"searchable\":true},{\"name\":\"email\",\"primary\":false,\"dbType\":\"string,191\",\"fillable\":true,\"inForm\":true,\"htmlType\":\"text\",\"validations\":\"required\",\"inIndex\":true,\"searchable\":true},{\"name\":\"password\",\"primary\":false,\"dbType\":\"string,191\",\"fillable\":false,\"inForm\":false,\"htmlType\":false,\"validations\":false,\"inIndex\":false,\"searchable\":false},{\"name\":\"remember_token\",\"primary\":false,\"dbType\":\"string,100\",\"fillable\":false,\"inForm\":false,\"htmlType\":false,\"validations\":false,\"inIndex\":false,\"searchable\":false},{\"name\":\"created_at\",\"primary\":false,\"dbType\":\"datetime\",\"fillable\":false,\"inForm\":false,\"htmlType\":false,\"validations\":false,\"inIndex\":false,\"searchable\":false},{\"name\":\"updated_at\",\"primary\":false,\"dbType\":\"datetime\",\"fillable\":false,\"inForm\":false,\"htmlType\":false,\"validations\":false,\"inIndex\":false,\"searchable\":false},{\"name\":\"deleted_at\",\"primary\":false,\"dbType\":\"datetime\",\"fillable\":false,\"inForm\":false,\"htmlType\":false,\"validations\":false,\"inIndex\":false,\"searchable\":false}]',0,'2018-08-09 09:43:51','2018-08-09 09:44:33',NULL);

/*Table structure for table `notification_users` */

DROP TABLE IF EXISTS `notification_users`;

CREATE TABLE `notification_users` (
  `id` int(10) unsigned NOT NULL AUTO_INCREMENT,
  `notification_id` int(10) unsigned NOT NULL,
  `user_id` int(10) unsigned NOT NULL,
  `status` tinyint(4) NOT NULL DEFAULT '20' COMMENT '10=Sent, 20=Delivered, 30=Read',
  PRIMARY KEY (`id`),
  KEY `notification_users_user_id_foreign` (`user_id`),
  KEY `notification_users_notification_id_foreign` (`notification_id`),
  CONSTRAINT `notification_users_notification_id_foreign` FOREIGN KEY (`notification_id`) REFERENCES `notifications` (`id`) ON DELETE CASCADE ON UPDATE CASCADE,
  CONSTRAINT `notification_users_user_id_foreign` FOREIGN KEY (`user_id`) REFERENCES `users` (`id`) ON DELETE CASCADE ON UPDATE CASCADE
) ENGINE=InnoDB AUTO_INCREMENT=55 DEFAULT CHARSET=utf8mb4 COLLATE=utf8mb4_unicode_ci;

/*Data for the table `notification_users` */

insert  into `notification_users`(`id`,`notification_id`,`user_id`,`status`) values (1,1,3,30),(2,1,5,30),(3,2,4,30),(4,3,3,30),(5,4,3,30),(6,5,4,30),(7,6,3,30),(8,7,3,30),(9,8,3,30),(10,9,3,30),(11,10,3,30),(12,11,3,20),(13,12,3,20),(14,13,3,20),(15,14,3,20),(16,15,3,20),(17,16,3,20),(18,17,3,20),(19,18,3,20),(20,19,3,20),(21,20,3,20),(22,21,3,20),(23,22,3,20),(24,23,3,20),(25,24,3,20),(26,27,5,20),(27,29,5,20),(28,30,5,20),(29,33,5,20),(30,34,5,20),(31,35,5,20),(32,36,5,20),(33,37,5,20),(34,38,5,20),(35,39,5,20),(36,40,5,20),(37,41,5,20),(38,42,5,20),(39,43,5,20),(40,44,5,20),(41,45,5,20),(42,46,5,20),(43,47,5,20),(44,48,5,20),(45,49,5,30),(46,49,3,20),(47,50,5,20),(48,51,5,20),(49,52,5,20),(50,53,5,20),(51,54,5,20),(52,54,3,20),(53,55,5,20),(54,55,3,20);

/*Table structure for table `notifications` */

DROP TABLE IF EXISTS `notifications`;

CREATE TABLE `notifications` (
  `id` int(10) unsigned NOT NULL AUTO_INCREMENT,
  `sender_id` int(10) unsigned NOT NULL,
  `url` varchar(191) COLLATE utf8mb4_unicode_ci DEFAULT NULL,
  `action_type` tinyint(5) DEFAULT NULL COMMENT '10=NEW Job; 20=NEW QUOTE; 30=QUOTE Accepted;40=QUOTE rejected;50= Job complete; 60=NEW review; 70=NEW message',
  `ref_id` int(11) DEFAULT NULL,
  `message` varchar(191) COLLATE utf8mb4_unicode_ci DEFAULT NULL,
  `status` tinyint(4) NOT NULL DEFAULT '0' COMMENT '0,1',
  `created_at` timestamp NULL DEFAULT NULL,
  `updated_at` timestamp NULL DEFAULT NULL,
  `deleted_at` timestamp NULL DEFAULT NULL,
  PRIMARY KEY (`id`),
  KEY `notifications_sender_id_foreign` (`sender_id`),
  CONSTRAINT `notifications_sender_id_foreign` FOREIGN KEY (`sender_id`) REFERENCES `users` (`id`) ON DELETE CASCADE ON UPDATE CASCADE
) ENGINE=InnoDB AUTO_INCREMENT=56 DEFAULT CHARSET=utf8mb4 COLLATE=utf8mb4_unicode_ci;

/*Data for the table `notifications` */

insert  into `notifications`(`id`,`sender_id`,`url`,`action_type`,`ref_id`,`message`,`status`,`created_at`,`updated_at`,`deleted_at`) values (1,4,'http://localhost:8088/car_fix/admin/requestForQuotations/51',10,51,'You have a new job.',1,'2018-08-08 12:51:01','2018-08-08 12:51:01',NULL),(2,3,'http://localhost:8088/car_fix/admin/requestForQuotations/51',20,51,'You have a new quotation.',1,'2018-08-08 12:51:42','2018-08-08 12:51:42',NULL),(3,4,'http://localhost:8088/car_fix/admin/requestForQuotations/51',30,51,'Your quotation has been approved.',1,'2018-08-08 12:52:03','2018-08-08 12:52:03',NULL),(4,4,'http://localhost:8088/car_fix/admin/requestForQuotations/51',30,51,'Your quotation has been approved.',1,'2018-08-08 13:20:50','2018-08-08 13:20:50',NULL),(5,3,'http://localhost:8088/car_fix/admin/requestForQuotations/51',50,51,'Your job has been completed.',1,'2018-08-08 15:25:10','2018-08-08 15:25:10',NULL),(6,4,'http://localhost:8088/car_fix/admin/requestForQuotations/51',60,51,'You have received a new review.',1,'2018-08-08 15:25:37','2018-08-08 15:25:37',NULL),(7,4,'http://localhost:8088/car_fix/admin/requestForQuotations/51',60,51,'You have received a new review.',1,'2018-08-09 09:32:58','2018-08-09 09:32:58',NULL),(8,4,'http://localhost:8088/car_fix/admin/requestForQuotations/51',60,51,'You have received a new review.',1,'2018-08-09 09:33:37','2018-08-09 09:33:37',NULL),(9,4,'http://localhost:8088/car_fix/admin/requestForQuotations/52',30,52,'Your quotation has been approved.',1,'2018-08-10 14:50:40','2018-08-10 14:50:40',NULL),(10,4,'http://localhost:8088/car_fix/admin/requestForQuotations/52',30,52,'Your quotation has been approved.',1,'2018-08-27 08:06:23','2018-08-27 08:06:23',NULL),(11,4,'http://localhost:8088/car_fix/admin/requestForQuotations/51',30,51,'Your quotation has been approved.',1,'2018-09-08 07:42:49','2018-09-08 07:42:49',NULL),(12,4,'http://localhost:8088/car_fix/admin/requestForQuotations/51',30,51,'Your quotation has been approved.',1,'2018-09-08 07:59:09','2018-09-08 07:59:09',NULL),(13,4,'http://localhost:8088/car_fix/admin/requestForQuotations/51',30,51,'Your quotation has been approved.',1,'2018-09-08 07:59:25','2018-09-08 07:59:25',NULL),(14,4,'http://localhost:8088/car_fix/admin/requestForQuotations/51',30,51,'Your quotation has been approved.',1,'2018-09-08 07:59:28','2018-09-08 07:59:28',NULL),(15,4,'http://localhost:8088/car_fix/admin/requestForQuotations/51',30,51,'Your quotation has been approved.',1,'2018-09-08 07:59:28','2018-09-08 07:59:28',NULL),(16,4,'http://localhost:8088/car_fix/admin/requestForQuotations/51',30,51,'Your quotation has been approved.',1,'2018-09-08 07:59:30','2018-09-08 07:59:30',NULL),(17,4,'http://localhost:8088/car_fix/admin/requestForQuotations/51',30,51,'Your quotation has been approved.',1,'2018-09-08 07:59:37','2018-09-08 07:59:37',NULL),(18,4,'http://localhost:8088/car_fix/admin/requestForQuotations/51',30,51,'Your quotation has been approved.',1,'2018-09-08 07:59:39','2018-09-08 07:59:39',NULL),(19,4,'http://localhost:8088/car_fix/admin/requestForQuotations/51',30,51,'Your quotation has been approved.',1,'2018-09-08 07:59:51','2018-09-08 07:59:51',NULL),(20,4,'http://localhost:8088/car_fix/admin/requestForQuotations/51',30,51,'Your quotation has been approved.',1,'2018-09-08 07:59:53','2018-09-08 07:59:53',NULL),(21,4,'http://localhost:8088/car_fix/admin/requestForQuotations/51',30,51,'Your quotation has been approved.',1,'2018-09-08 07:59:55','2018-09-08 07:59:55',NULL),(22,4,'http://localhost:8088/car_fix/admin/requestForQuotations/51',30,51,'Your quotation has been approved.',1,'2018-09-08 08:00:31','2018-09-08 08:00:31',NULL),(23,4,'http://localhost:8088/car_fix/admin/requestForQuotations/51',30,51,'Your quotation has been approved.',1,'2018-09-08 08:00:37','2018-09-08 08:00:37',NULL),(24,4,'http://localhost:8088/car_fix/admin/requestForQuotations/51',30,51,'Your quotation has been approved.',1,'2018-09-08 08:00:42','2018-09-08 08:00:42',NULL),(25,4,'http://localhost:8088/car_fix/admin/requestForQuotations/64',10,64,'You have a new job.',1,'2018-09-12 13:28:28','2018-09-12 13:28:28',NULL),(26,6,'http://localhost:8088/car_fix/admin/requestForQuotations/65',10,65,'You have a new job.',1,'2018-09-17 09:28:14','2018-09-17 09:28:14',NULL),(27,4,'http://localhost:8088/car_fix/admin/requestForQuotations/66',10,66,'You have a new job.',1,'2018-09-27 10:11:58','2018-09-27 10:11:58',NULL),(28,4,'http://localhost:8088/car_fix/admin/requestForQuotations/68',10,68,'You have a new job.',1,'2018-09-27 10:20:22','2018-09-27 10:20:22',NULL),(29,4,'http://localhost:8088/car_fix/admin/requestForQuotations/69',10,69,'You have a new job.',1,'2018-09-27 10:21:34','2018-09-27 10:21:34',NULL),(30,4,'http://localhost:8088/car_fix/admin/requestForQuotations/70',10,70,'You have a new job.',1,'2018-09-27 10:27:40','2018-09-27 10:27:40',NULL),(31,4,'http://localhost:8088/car_fix/admin/requestForQuotations/71',10,71,'You have a new job.',1,'2018-09-27 10:33:09','2018-09-27 10:33:09',NULL),(32,4,'http://localhost:8088/car_fix/admin/requestForQuotations/72',10,72,'You have a new job.',1,'2018-09-27 10:33:38','2018-09-27 10:33:38',NULL),(33,4,'http://localhost:8088/car_fix/admin/requestForQuotations/73',10,73,'You have a new job.',1,'2018-09-27 10:37:31','2018-09-27 10:37:31',NULL),(34,4,'http://localhost:8088/car_fix/admin/requestForQuotations/74',10,74,'You have a new job.',1,'2018-09-27 10:37:53','2018-09-27 10:37:53',NULL),(35,4,'http://localhost:8088/car_fix/admin/requestForQuotations/75',10,75,'You have a new job.',1,'2018-09-27 10:38:01','2018-09-27 10:38:01',NULL),(36,4,'http://localhost:8088/car_fix/admin/requestForQuotations/76',10,76,'You have a new job.',1,'2018-09-27 10:38:23','2018-09-27 10:38:23',NULL),(37,4,'http://localhost:8088/car_fix/admin/requestForQuotations/77',10,77,'You have a new job.',1,'2018-09-27 10:38:39','2018-09-27 10:38:39',NULL),(38,4,'http://localhost:8088/car_fix/admin/requestForQuotations/78',10,78,'You have a new job.',1,'2018-09-27 10:38:53','2018-09-27 10:38:53',NULL),(39,4,'http://localhost:8088/car_fix/admin/requestForQuotations/79',10,79,'You have a new job.',1,'2018-09-27 10:39:08','2018-09-27 10:39:08',NULL),(40,4,'http://localhost:8088/car_fix/admin/requestForQuotations/80',10,80,'You have a new job.',1,'2018-09-27 10:39:23','2018-09-27 10:39:23',NULL),(41,4,'http://localhost:8088/car_fix/admin/requestForQuotations/81',10,81,'You have a new job.',1,'2018-09-27 10:39:47','2018-09-27 10:39:47',NULL),(42,4,'http://localhost:8088/car_fix/admin/requestForQuotations/82',10,82,'You have a new job.',1,'2018-09-27 10:43:42','2018-09-27 10:43:42',NULL),(43,4,'http://localhost:8088/car_fix/admin/requestForQuotations/83',10,83,'You have a new job.',1,'2018-09-27 10:44:52','2018-09-27 10:44:52',NULL),(44,4,'http://localhost:8088/car_fix/admin/requestForQuotations/84',10,84,'You have a new job.',1,'2018-09-27 10:45:26','2018-09-27 10:45:26',NULL),(45,4,'http://localhost:8088/car_fix/admin/requestForQuotations/85',10,85,'You have a new job.',1,'2018-09-27 10:45:53','2018-09-27 10:45:53',NULL),(46,4,'http://localhost:8088/car_fix/admin/requestForQuotations/86',10,86,'You have a new job.',1,'2018-09-27 10:46:06','2018-09-27 10:46:06',NULL),(47,4,'http://localhost:8088/car_fix/admin/requestForQuotations/87',10,87,'You have a new job.',1,'2018-09-27 10:46:14','2018-09-27 10:46:14',NULL),(48,4,'http://localhost:8088/car_fix/admin/requestForQuotations/88',10,88,'You have a new job.',1,'2018-09-27 10:46:38','2018-09-27 10:46:38',NULL),(49,4,'http://localhost:8088/car_fix/admin/requestForQuotations/89',10,89,'You have a new job.',1,'2018-09-27 10:46:50','2018-09-27 10:46:50',NULL),(50,4,'http://localhost:8088/car_fix/admin/requestForQuotations/90',10,90,'You have a new job.',1,'2018-09-27 10:56:58','2018-09-27 10:56:58',NULL),(51,4,'http://localhost:8088/car_fix/admin/requestForQuotations/91',10,91,'You have a new job.',1,'2018-09-27 10:57:21','2018-09-27 10:57:21',NULL),(52,4,'http://localhost:8088/car_fix/admin/requestForQuotations/92',10,92,'You have a new job.',1,'2018-09-27 10:57:33','2018-09-27 10:57:33',NULL),(53,4,'http://localhost:8088/car_fix/admin/requestForQuotations/93',10,93,'You have a new job.',1,'2018-09-27 10:57:52','2018-09-27 10:57:52',NULL),(54,4,'http://localhost:8088/car_fix/admin/requestForQuotations/94',10,94,'You have a new job.',1,'2018-09-27 11:08:18','2018-09-27 11:08:18',NULL),(55,4,'http://localhost:8088/car_fix/admin/requestForQuotations/95',10,95,'You have a new job.',1,'2018-09-28 10:59:35','2018-09-28 10:59:35',NULL);

/*Table structure for table `page_translations` */

DROP TABLE IF EXISTS `page_translations`;

CREATE TABLE `page_translations` (
  `id` int(10) unsigned NOT NULL AUTO_INCREMENT,
  `page_id` int(10) unsigned NOT NULL,
  `locale` varchar(191) COLLATE utf8mb4_unicode_ci NOT NULL,
  `title` varchar(191) COLLATE utf8mb4_unicode_ci NOT NULL,
  `content` text COLLATE utf8mb4_unicode_ci,
  `status` tinyint(4) NOT NULL DEFAULT '1' COMMENT '0,1',
  `created_at` timestamp NULL DEFAULT NULL,
  `updated_at` timestamp NULL DEFAULT NULL,
  `deleted_at` timestamp NULL DEFAULT NULL,
  PRIMARY KEY (`id`),
  KEY `page_translations_page_id_foreign` (`page_id`),
  CONSTRAINT `page_translations_page_id_foreign` FOREIGN KEY (`page_id`) REFERENCES `pages` (`id`) ON DELETE CASCADE ON UPDATE CASCADE
) ENGINE=InnoDB DEFAULT CHARSET=utf8mb4 COLLATE=utf8mb4_unicode_ci;

/*Data for the table `page_translations` */

/*Table structure for table `pages` */

DROP TABLE IF EXISTS `pages`;

CREATE TABLE `pages` (
  `id` int(10) unsigned NOT NULL AUTO_INCREMENT,
  `slug` varchar(191) COLLATE utf8mb4_unicode_ci NOT NULL,
  `status` tinyint(4) NOT NULL DEFAULT '1' COMMENT '0,1',
  `created_at` timestamp NULL DEFAULT NULL,
  `updated_at` timestamp NULL DEFAULT NULL,
  `deleted_at` timestamp NULL DEFAULT NULL,
  PRIMARY KEY (`id`)
) ENGINE=InnoDB DEFAULT CHARSET=utf8mb4 COLLATE=utf8mb4_unicode_ci;

/*Data for the table `pages` */

/*Table structure for table `password_resets` */

DROP TABLE IF EXISTS `password_resets`;

CREATE TABLE `password_resets` (
  `email` varchar(191) COLLATE utf8mb4_unicode_ci NOT NULL,
  `code` varchar(191) COLLATE utf8mb4_unicode_ci NOT NULL,
  `created_at` timestamp NULL DEFAULT NULL,
  KEY `password_resets_email_index` (`email`)
) ENGINE=InnoDB DEFAULT CHARSET=utf8mb4 COLLATE=utf8mb4_unicode_ci;

/*Data for the table `password_resets` */

insert  into `password_resets`(`email`,`code`,`created_at`) values ('superadmin@ingic.com','1568','2018-07-18 09:56:43'),('string@str.vom','4235','2018-07-28 06:15:54'),('test@yopmail.com','3138','2018-09-28 07:32:53');

/*Table structure for table `permission_role` */

DROP TABLE IF EXISTS `permission_role`;

CREATE TABLE `permission_role` (
  `permission_id` int(10) unsigned NOT NULL,
  `role_id` int(10) unsigned NOT NULL,
  PRIMARY KEY (`permission_id`,`role_id`),
  KEY `permission_role_role_id_foreign` (`role_id`),
  CONSTRAINT `permission_role_permission_id_foreign` FOREIGN KEY (`permission_id`) REFERENCES `permissions` (`id`) ON DELETE CASCADE ON UPDATE CASCADE,
  CONSTRAINT `permission_role_role_id_foreign` FOREIGN KEY (`role_id`) REFERENCES `roles` (`id`) ON DELETE CASCADE ON UPDATE CASCADE
) ENGINE=InnoDB DEFAULT CHARSET=utf8mb4 COLLATE=utf8mb4_unicode_ci;

/*Data for the table `permission_role` */

insert  into `permission_role`(`permission_id`,`role_id`) values (1,1),(1,2),(1,4),(1,5),(2,1),(2,2),(2,4),(2,5),(3,1),(4,1),(5,1),(6,1),(7,1),(8,1),(8,2),(9,1),(9,2),(10,1),(10,2),(11,1),(11,2),(12,1),(12,2),(13,1),(13,2),(13,5),(14,1),(14,2),(15,1),(15,2),(16,1),(16,2),(16,3),(16,4),(16,5),(17,1),(17,2),(18,1),(19,1),(20,1),(21,1),(22,1),(23,1),(23,2),(24,1),(24,2),(25,1),(25,2),(26,1),(26,2),(27,1),(27,2),(28,1),(28,2),(29,1),(29,2),(30,1),(30,2),(31,1),(31,2),(32,1),(32,2),(33,1),(34,1),(35,1),(36,1),(37,1),(38,1),(39,1),(40,1),(41,1),(42,1),(43,1),(44,1),(45,1),(46,1),(47,1),(48,1),(49,1),(50,1),(51,1),(52,1),(53,1),(54,1),(55,1),(56,1),(57,1),(58,1),(59,1),(60,1),(61,1),(62,1),(63,1),(64,1),(65,1),(66,1),(67,1),(68,1),(69,1),(70,1),(71,1),(72,1),(83,1),(83,4),(84,1),(84,5),(85,1),(85,4),(86,1),(87,1),(88,1),(89,1),(89,4),(90,1),(91,1),(92,1),(93,1),(93,4),(93,5),(94,1),(94,5),(95,1),(95,4),(95,5),(96,1),(96,5),(97,1),(97,5),(98,1),(98,2),(98,5),(99,1),(99,5),(100,1),(101,1),(101,5),(102,1),(102,5),(103,1),(104,1),(104,4),(104,5),(105,1),(106,1),(107,1),(108,5),(109,1),(109,4),(109,5),(110,1),(111,1),(111,5),(112,1),(113,1),(114,1),(115,1),(116,1),(117,1),(118,1);

/*Table structure for table `permissions` */

DROP TABLE IF EXISTS `permissions`;

CREATE TABLE `permissions` (
  `id` int(10) unsigned NOT NULL AUTO_INCREMENT,
  `name` varchar(191) COLLATE utf8mb4_unicode_ci NOT NULL,
  `display_name` varchar(191) COLLATE utf8mb4_unicode_ci DEFAULT NULL,
  `is_protected` tinyint(1) NOT NULL DEFAULT '0',
  `description` varchar(191) COLLATE utf8mb4_unicode_ci DEFAULT NULL,
  `created_at` timestamp NOT NULL DEFAULT CURRENT_TIMESTAMP,
  `updated_at` timestamp NOT NULL DEFAULT CURRENT_TIMESTAMP,
  `deleted_at` timestamp NULL DEFAULT NULL,
  PRIMARY KEY (`id`),
  UNIQUE KEY `permissions_name_unique` (`name`)
) ENGINE=InnoDB AUTO_INCREMENT=119 DEFAULT CHARSET=utf8mb4 COLLATE=utf8mb4_unicode_ci;

/*Data for the table `permissions` */

insert  into `permissions`(`id`,`name`,`display_name`,`is_protected`,`description`,`created_at`,`updated_at`,`deleted_at`) values (1,'adminpanel','Admin Panel',1,'Admin Panel','2018-07-14 04:26:57','2018-07-14 04:26:57',NULL),(2,'dashboard','Dashboard',1,'Dashboard','2018-07-14 04:26:57','2018-07-14 04:26:57',NULL),(3,'permissions.index','List Permissions',1,'List Permissions','2018-07-14 04:26:57','2018-07-14 04:26:57',NULL),(4,'permissions.create','Create Permission',1,'Create Permission','2018-07-14 04:26:57','2018-07-14 04:26:57',NULL),(5,'permissions.show','View Permission',1,'View Permission','2018-07-14 04:26:57','2018-07-14 04:26:57',NULL),(6,'permissions.edit','Edit Permission',1,'Edit Permission','2018-07-14 04:26:57','2018-07-14 04:26:57',NULL),(7,'permissions.destroy','Delete Permission',1,'Delete Permission','2018-07-14 04:26:57','2018-07-14 04:26:57',NULL),(8,'roles.index','List Roles',1,'List Roles','2018-07-14 04:26:57','2018-07-14 04:26:57',NULL),(9,'roles.create','Create Role',1,'Create Role','2018-07-14 04:26:57','2018-07-14 04:26:57',NULL),(10,'roles.show','View Role',1,'View Role','2018-07-14 04:26:57','2018-07-14 04:26:57',NULL),(11,'roles.edit','Edit Role',1,'Edit Role','2018-07-14 04:26:57','2018-07-14 04:26:57',NULL),(12,'roles.destroy','Delete Role',1,'Delete Role','2018-07-14 04:26:57','2018-07-14 04:26:57',NULL),(13,'users.index','List Roles',1,'List Roles','2018-07-14 04:26:57','2018-07-14 04:26:57',NULL),(14,'users.create','Create Users',1,'Create Users','2018-07-14 04:26:57','2018-07-14 04:26:57',NULL),(15,'users.show','View User',1,'View User','2018-07-14 04:26:57','2018-07-14 04:26:57',NULL),(16,'users.edit','Edit User',1,'Edit User','2018-07-14 04:26:57','2018-07-14 04:26:57',NULL),(17,'users.destroy','Delete User',1,'Delete User','2018-07-14 04:26:57','2018-07-14 04:26:57',NULL),(18,'modules.index','List Modules',1,'List Modules','2018-07-14 04:26:57','2018-07-14 04:26:57',NULL),(19,'modules.create','Create Module',1,'Create Module','2018-07-14 04:26:57','2018-07-14 04:26:57',NULL),(20,'modules.show','View Module',1,'View Module','2018-07-14 04:26:57','2018-07-14 04:26:57',NULL),(21,'modules.edit','Edit Module',1,'Edit Module','2018-07-14 04:26:57','2018-07-14 04:26:57',NULL),(22,'modules.destroy','Delete Module',1,'Delete Module','2018-07-14 04:26:57','2018-07-14 04:26:57',NULL),(23,'languages.index','List Languages',1,'List Languages','2018-07-14 04:26:57','2018-07-14 04:26:57',NULL),(24,'languages.create','Create Languages',1,'Create Languages','2018-07-14 04:26:57','2018-07-14 04:26:57',NULL),(25,'languages.show','View Languages',1,'View Languages','2018-07-14 04:26:57','2018-07-14 04:26:57',NULL),(26,'languages.edit','Edit Languages',1,'Edit Languages','2018-07-14 04:26:57','2018-07-14 04:26:57',NULL),(27,'languages.destroy','Delete Languages',1,'Delete Languages','2018-07-14 04:26:57','2018-07-14 04:26:57',NULL),(28,'pages.index','List Pages',1,'List Pages','2018-07-14 04:26:57','2018-07-14 04:26:57',NULL),(29,'pages.create','Create Pages',1,'Create Pages','2018-07-14 04:26:57','2018-07-14 04:26:57',NULL),(30,'pages.show','View Pages',1,'View Pages','2018-07-14 04:26:57','2018-07-14 04:26:57',NULL),(31,'pages.edit','Edit Pages',1,'Edit Pages','2018-07-14 04:26:57','2018-07-14 04:26:57',NULL),(32,'pages.destroy','Delete Pages',1,'Delete Pages','2018-07-14 04:26:57','2018-07-14 04:26:57',NULL),(33,'contactus.index','Contact Us',0,'List Contact Us','2018-07-14 11:41:13','2018-07-14 11:41:18',NULL),(34,'contactus.create','Contact Us',0,'Create Contact Us','2018-07-14 11:41:15','2018-07-14 11:41:18',NULL),(35,'contactus.show','Contact Us',0,'Show Contact Us','2018-07-14 11:41:15','2018-07-14 11:41:17',NULL),(36,'contactus.edit','Contact Us',0,'Edit Contact Us','2018-07-14 11:41:16','2018-07-14 11:41:17',NULL),(37,'contactus.destroy','Contact Us',0,'Delete Contact Us','2018-07-14 11:41:17','2018-07-14 11:41:17',NULL),(38,'notifications.index','Notification',0,'notifications','2018-07-14 11:51:02','2018-07-14 11:51:02',NULL),(39,'notifications.create','Notification',0,'notifications','2018-07-14 11:51:02','2018-07-14 11:51:02',NULL),(40,'notifications.show','Notification',0,'notifications','2018-07-14 11:51:02','2018-07-14 11:51:02',NULL),(41,'notifications.edit','Notification',0,'notifications','2018-07-14 11:51:02','2018-07-14 11:51:02',NULL),(42,'notifications.destroy','Notification',0,'notifications','2018-07-14 11:51:02','2018-07-14 11:51:02',NULL),(43,'carMakers.index','Car Maker',0,'Index carmakers','2018-07-14 15:54:24','2018-07-14 15:54:24',NULL),(44,'carMakers.create','Car Maker',0,'Create carmakers','2018-07-14 15:54:24','2018-07-14 15:54:24',NULL),(45,'carMakers.show','Car Maker',0,'Show carmakers','2018-07-14 15:54:24','2018-07-14 15:54:24',NULL),(46,'carMakers.edit','Car Maker',0,'Edit carmakers','2018-07-14 15:54:24','2018-07-14 15:54:24',NULL),(47,'carMakers.destroy','Car Maker',0,'Destroy carmakers','2018-07-14 15:54:24','2018-07-14 15:54:24',NULL),(48,'carModels.index','Car Model',0,'Index carmodels','2018-07-14 15:59:58','2018-07-14 15:59:58',NULL),(49,'carModels.create','Car Model',0,'Create carmodels','2018-07-14 15:59:58','2018-07-14 15:59:58',NULL),(50,'carModels.show','Car Model',0,'Show carmodels','2018-07-14 15:59:58','2018-07-14 15:59:58',NULL),(51,'carModels.edit','Car Model',0,'Edit carmodels','2018-07-14 15:59:58','2018-07-14 15:59:58',NULL),(52,'carModels.destroy','Car Model',0,'Destroy carmodels','2018-07-14 15:59:58','2018-07-14 15:59:58',NULL),(53,'services.index','Service',0,'Index services','2018-07-14 16:24:29','2018-07-14 16:24:29',NULL),(54,'services.create','Service',0,'Create services','2018-07-14 16:24:29','2018-07-14 16:24:29',NULL),(55,'services.show','Service',0,'Show services','2018-07-14 16:24:29','2018-07-14 16:24:29',NULL),(56,'services.edit','Service',0,'Edit services','2018-07-14 16:24:29','2018-07-14 16:24:29',NULL),(57,'services.destroy','Service',0,'Destroy services','2018-07-14 16:24:29','2018-07-14 16:24:29',NULL),(58,'countries.index','Country',0,'Index countries','2018-07-14 16:26:15','2018-07-14 16:26:15',NULL),(59,'countries.create','Country',0,'Create countries','2018-07-14 16:26:15','2018-07-14 16:26:15',NULL),(60,'countries.show','Country',0,'Show countries','2018-07-14 16:26:15','2018-07-14 16:26:15',NULL),(61,'countries.edit','Country',0,'Edit countries','2018-07-14 16:26:15','2018-07-14 16:26:15',NULL),(62,'countries.destroy','Country',0,'Destroy countries','2018-07-14 16:26:15','2018-07-14 16:26:15',NULL),(63,'cities.index','City',0,'Index cities','2018-07-14 16:27:22','2018-07-14 16:27:22',NULL),(64,'cities.create','City',0,'Create cities','2018-07-14 16:27:22','2018-07-14 16:27:22',NULL),(65,'cities.show','City',0,'Show cities','2018-07-14 16:27:22','2018-07-14 16:27:22',NULL),(66,'cities.edit','City',0,'Edit cities','2018-07-14 16:27:22','2018-07-14 16:27:22',NULL),(67,'cities.destroy','City',0,'Destroy cities','2018-07-14 16:27:22','2018-07-14 16:27:22',NULL),(68,'areas.index','Area',0,'Index areas','2018-07-14 16:28:48','2018-07-14 16:28:48',NULL),(69,'areas.create','Area',0,'Create areas','2018-07-14 16:28:48','2018-07-14 16:28:48',NULL),(70,'areas.show','Area',0,'Show areas','2018-07-14 16:28:48','2018-07-14 16:28:48',NULL),(71,'areas.edit','Area',0,'Edit areas','2018-07-14 16:28:48','2018-07-14 16:28:48',NULL),(72,'areas.destroy','Area',0,'Destroy areas','2018-07-14 16:28:48','2018-07-14 16:28:48',NULL),(83,'reviews.index','Review',0,'Index reviews','2018-07-14 16:39:28','2018-07-14 16:39:28',NULL),(84,'reviews.create','Review',0,'Create reviews','2018-07-14 16:39:28','2018-07-14 16:39:28',NULL),(85,'reviews.show','Review',0,'Show reviews','2018-07-14 16:39:28','2018-07-14 16:39:28',NULL),(86,'reviews.edit','Review',0,'Edit reviews','2018-07-14 16:39:28','2018-07-14 16:39:28',NULL),(87,'reviews.destroy','Review',0,'Destroy reviews','2018-07-14 16:39:28','2018-07-14 16:39:28',NULL),(88,'quotations.index','Quotation',0,'Index quotations','2018-07-16 12:02:39','2018-07-16 12:02:39',NULL),(89,'quotations.create','Quotation',0,'Create quotations','2018-07-16 12:02:39','2018-07-16 12:02:39',NULL),(90,'quotations.show','Quotation',0,'Show quotations','2018-07-16 12:02:39','2018-07-16 12:02:39',NULL),(91,'quotations.edit','Quotation',0,'Edit quotations','2018-07-16 12:02:39','2018-07-16 12:02:39',NULL),(92,'quotations.destroy','Quotation',0,'Destroy quotations','2018-07-16 12:02:39','2018-07-16 12:02:39',NULL),(93,'requestForQuotations.index','Request For Quotation',0,'Index requestforquotations','2018-07-16 12:07:51','2018-07-16 12:07:51',NULL),(94,'requestForQuotations.create','Request For Quotation',0,'Create requestforquotations','2018-07-16 12:07:51','2018-07-16 12:07:51',NULL),(95,'requestForQuotations.show','Request For Quotation',0,'Show requestforquotations','2018-07-16 12:07:51','2018-07-16 12:07:51',NULL),(96,'requestForQuotations.edit','Request For Quotation',0,'Edit requestforquotations','2018-07-16 12:07:51','2018-07-16 12:07:51',NULL),(97,'requestForQuotations.destroy','Request For Quotation',0,'Destroy requestforquotations','2018-07-16 12:07:51','2018-07-16 12:07:51',NULL),(98,'myCars.index','My Car',0,'Index mycars','2018-07-20 12:33:56','2018-07-20 12:33:56',NULL),(99,'myCars.create','My Car',0,'Create mycars','2018-07-20 12:33:56','2018-07-20 12:33:56',NULL),(100,'myCars.show','My Car',0,'Show mycars','2018-07-20 12:33:56','2018-07-20 12:33:56',NULL),(101,'myCars.edit','My Car',0,'Edit mycars','2018-07-20 12:33:56','2018-07-20 12:33:56',NULL),(102,'myCars.destroy','My Car',0,'Destroy mycars','2018-07-20 12:33:56','2018-07-20 12:33:56',NULL),(103,'messages.index','Message',0,'Index messages','2018-07-30 11:15:48','2018-07-30 11:15:48',NULL),(104,'messages.create','Message',0,'Create messages','2018-07-30 11:15:48','2018-07-30 11:15:48',NULL),(105,'messages.show','Message',0,'Show messages','2018-07-30 11:15:48','2018-07-30 11:15:48',NULL),(106,'messages.edit','Message',0,'Edit messages','2018-07-30 11:15:48','2018-07-30 11:15:48',NULL),(107,'messages.destroy','Message',0,'Destroy messages','2018-07-30 11:15:48','2018-07-30 11:15:48',NULL),(108,'requestForQuotations.get_mechanic','Request FOR Quotation',0,'Display ALL mechanics BY RFQ Id','2018-08-03 17:35:18','2018-08-03 17:35:18',NULL),(109,'jobHistories.index','Job History',0,'Index jobhistories','2018-08-04 11:09:38','2018-08-04 11:09:38',NULL),(110,'jobHistories.create','Job History',0,'Create jobhistories','2018-08-04 11:09:38','2018-08-04 11:09:38',NULL),(111,'jobHistories.show','Job History',0,'Show jobhistories','2018-08-04 11:09:38','2018-08-04 11:09:38',NULL),(112,'jobHistories.edit','Job History',0,'Edit jobhistories','2018-08-04 11:09:39','2018-08-04 11:09:39',NULL),(113,'jobHistories.destroy','Job History',0,'Destroy jobhistories','2018-08-04 11:09:39','2018-08-04 11:09:39',NULL),(114,'findGarages.index','Find Garage',0,'Index findgarages','2018-08-09 14:43:51','2018-08-09 14:43:51',NULL),(115,'findGarages.create','Find Garage',0,'Create findgarages','2018-08-09 14:43:51','2018-08-09 14:43:51',NULL),(116,'findGarages.show','Find Garage',0,'Show findgarages','2018-08-09 14:43:51','2018-08-09 14:43:51',NULL),(117,'findGarages.edit','Find Garage',0,'Edit findgarages','2018-08-09 14:43:51','2018-08-09 14:43:51',NULL),(118,'findGarages.destroy','Find Garage',0,'Destroy findgarages','2018-08-09 14:43:51','2018-08-09 14:43:51',NULL);

/*Table structure for table `quotation_request_media` */

DROP TABLE IF EXISTS `quotation_request_media`;

CREATE TABLE `quotation_request_media` (
  `id` int(10) unsigned NOT NULL AUTO_INCREMENT,
  `quotation_request_id` int(10) unsigned NOT NULL,
  `name` varchar(191) COLLATE utf8mb4_unicode_ci NOT NULL,
  `type` tinyint(4) NOT NULL,
  `path` varchar(191) COLLATE utf8mb4_unicode_ci NOT NULL,
  `created_at` timestamp NOT NULL DEFAULT CURRENT_TIMESTAMP,
  `updated_at` timestamp NOT NULL DEFAULT CURRENT_TIMESTAMP,
  `deleted_at` timestamp NULL DEFAULT NULL,
  PRIMARY KEY (`id`),
  KEY `quotation_request_media_quotation_request_id_foreign` (`quotation_request_id`),
  CONSTRAINT `quotation_request_media_quotation_request_id_foreign` FOREIGN KEY (`quotation_request_id`) REFERENCES `quotation_requests` (`id`) ON DELETE CASCADE ON UPDATE CASCADE
) ENGINE=InnoDB AUTO_INCREMENT=4 DEFAULT CHARSET=utf8mb4 COLLATE=utf8mb4_unicode_ci;

/*Data for the table `quotation_request_media` */

insert  into `quotation_request_media`(`id`,`quotation_request_id`,`name`,`type`,`path`,`created_at`,`updated_at`,`deleted_at`) values (1,51,'about-banner.jpg',0,'rfqImages/rzasnJ6XEi96BVg0ZPrOEQx5vYrLH2FYYHM2BWHO.jpeg','2018-08-08 12:51:02','2018-08-08 12:51:02',NULL),(2,51,'about-banner2.jpg',0,'rfqImages/3XAHU8NxXEvV2EvgRhi5rj1byNJQPV9WILTg4RqP.jpeg','2018-08-08 12:51:02','2018-08-08 12:51:02',NULL),(3,89,'keyboard.png',0,'rfqImages/1538045212.jpg','2018-09-27 10:46:52','2018-09-27 10:46:52',NULL);

/*Table structure for table `quotation_request_pending` */

DROP TABLE IF EXISTS `quotation_request_pending`;

CREATE TABLE `quotation_request_pending` (
  `id` int(10) unsigned NOT NULL AUTO_INCREMENT,
  `quotation_request_id` int(10) unsigned NOT NULL,
  `mechanic_id` int(10) unsigned NOT NULL,
  `status` tinyint(4) NOT NULL DEFAULT '0' COMMENT '0,1',
  `created_at` timestamp NOT NULL DEFAULT CURRENT_TIMESTAMP,
  `updated_at` timestamp NOT NULL DEFAULT CURRENT_TIMESTAMP,
  `deleted_at` timestamp NULL DEFAULT NULL,
  PRIMARY KEY (`id`),
  KEY `quotation_request_pending_mechanic_id_foreign` (`mechanic_id`),
  KEY `quotation_request_pending_quotation_request_id_foreign` (`quotation_request_id`),
  CONSTRAINT `quotation_request_pending_mechanic_id_foreign` FOREIGN KEY (`mechanic_id`) REFERENCES `users` (`id`) ON DELETE CASCADE ON UPDATE CASCADE,
  CONSTRAINT `quotation_request_pending_quotation_request_id_foreign` FOREIGN KEY (`quotation_request_id`) REFERENCES `quotation_requests` (`id`) ON DELETE CASCADE ON UPDATE CASCADE
) ENGINE=InnoDB AUTO_INCREMENT=34 DEFAULT CHARSET=utf8mb4 COLLATE=utf8mb4_unicode_ci;

/*Data for the table `quotation_request_pending` */

insert  into `quotation_request_pending`(`id`,`quotation_request_id`,`mechanic_id`,`status`,`created_at`,`updated_at`,`deleted_at`) values (1,51,3,1,'2018-08-08 12:51:01','2018-08-08 12:51:42',NULL),(2,51,5,0,'2018-08-08 12:51:02','2018-08-08 12:51:02',NULL),(3,66,5,0,'2018-09-27 10:11:58','2018-09-27 10:11:58',NULL),(4,69,5,0,'2018-09-27 10:21:34','2018-09-27 10:21:34',NULL),(5,70,5,0,'2018-09-27 10:27:40','2018-09-27 10:27:40',NULL),(6,71,5,0,'2018-09-27 10:33:09','2018-09-27 10:33:09',NULL),(7,72,5,0,'2018-09-27 10:33:38','2018-09-27 10:33:38',NULL),(8,73,5,0,'2018-09-27 10:37:31','2018-09-27 10:37:31',NULL),(9,74,5,0,'2018-09-27 10:37:53','2018-09-27 10:37:53',NULL),(10,75,5,0,'2018-09-27 10:38:01','2018-09-27 10:38:01',NULL),(11,76,5,0,'2018-09-27 10:38:23','2018-09-27 10:38:23',NULL),(12,77,5,0,'2018-09-27 10:38:39','2018-09-27 10:38:39',NULL),(13,78,5,0,'2018-09-27 10:38:53','2018-09-27 10:38:53',NULL),(14,79,5,0,'2018-09-27 10:39:08','2018-09-27 10:39:08',NULL),(15,80,5,0,'2018-09-27 10:39:23','2018-09-27 10:39:23',NULL),(16,81,5,0,'2018-09-27 10:39:47','2018-09-27 10:39:47',NULL),(17,82,5,0,'2018-09-27 10:43:42','2018-09-27 10:43:42',NULL),(18,83,5,0,'2018-09-27 10:44:53','2018-09-27 10:44:53',NULL),(19,84,5,0,'2018-09-27 10:45:26','2018-09-27 10:45:26',NULL),(20,85,5,0,'2018-09-27 10:45:53','2018-09-27 10:45:53',NULL),(21,86,5,0,'2018-09-27 10:46:06','2018-09-27 10:46:06',NULL),(22,87,5,0,'2018-09-27 10:46:14','2018-09-27 10:46:14',NULL),(23,88,5,0,'2018-09-27 10:46:38','2018-09-27 10:46:38',NULL),(24,89,5,0,'2018-09-27 10:46:50','2018-09-27 10:46:50',NULL),(25,89,3,0,'2018-09-27 10:46:51','2018-09-27 10:46:51',NULL),(26,90,5,0,'2018-09-27 10:56:58','2018-09-27 10:56:58',NULL),(27,91,5,0,'2018-09-27 10:57:21','2018-09-27 10:57:21',NULL),(28,92,5,0,'2018-09-27 10:57:33','2018-09-27 10:57:33',NULL),(29,93,5,0,'2018-09-27 10:57:52','2018-09-27 10:57:52',NULL),(30,94,5,0,'2018-09-27 11:08:19','2018-09-27 11:08:19',NULL),(31,94,3,0,'2018-09-27 11:08:20','2018-09-27 11:08:20',NULL),(32,95,5,0,'2018-09-28 10:59:36','2018-09-28 10:59:36',NULL),(33,95,3,0,'2018-09-28 10:59:36','2018-09-28 10:59:36',NULL);

/*Table structure for table `quotation_requests` */

DROP TABLE IF EXISTS `quotation_requests`;

CREATE TABLE `quotation_requests` (
  `id` int(10) unsigned NOT NULL AUTO_INCREMENT,
  `car_id` int(10) unsigned NOT NULL,
  `area_id` int(10) unsigned NOT NULL,
  `service_id` int(10) unsigned NOT NULL,
  `with_in_time` tinyint(4) NOT NULL DEFAULT '10' COMMENT '10=Urgent, 20=This Week, 30=Two Week',
  `notes` text COLLATE utf8mb4_unicode_ci,
  `status` tinyint(4) NOT NULL DEFAULT '10' COMMENT '10=Pending, 20=In Progress, 30=Complete',
  `created_at` timestamp NULL DEFAULT NULL,
  `updated_at` timestamp NULL DEFAULT NULL,
  `deleted_at` timestamp NULL DEFAULT NULL,
  PRIMARY KEY (`id`),
  KEY `quotation_requests_car_id_foreign` (`car_id`),
  KEY `quotation_requests_area_id_foreign` (`area_id`),
  KEY `quotation_requests_service_id_foreign` (`service_id`),
  CONSTRAINT `quotation_requests_area_id_foreign` FOREIGN KEY (`area_id`) REFERENCES `areas` (`id`) ON DELETE CASCADE ON UPDATE CASCADE,
  CONSTRAINT `quotation_requests_car_id_foreign` FOREIGN KEY (`car_id`) REFERENCES `driver_cars` (`id`) ON DELETE CASCADE ON UPDATE CASCADE,
  CONSTRAINT `quotation_requests_service_id_foreign` FOREIGN KEY (`service_id`) REFERENCES `services` (`id`) ON DELETE CASCADE ON UPDATE CASCADE
) ENGINE=InnoDB AUTO_INCREMENT=96 DEFAULT CHARSET=utf8mb4 COLLATE=utf8mb4_unicode_ci;

/*Data for the table `quotation_requests` */

insert  into `quotation_requests`(`id`,`car_id`,`area_id`,`service_id`,`with_in_time`,`notes`,`status`,`created_at`,`updated_at`,`deleted_at`) values (51,1,783,21,10,'Hello world',20,'2018-08-08 12:51:01','2018-09-08 07:42:49',NULL),(52,1,783,21,10,'I need it urgent',20,'2018-08-10 18:15:58','2018-08-27 08:06:23',NULL),(53,1,541,27,20,'dsdfsdfsdfsdf',30,'2018-08-31 10:08:03','2018-08-31 10:08:03',NULL),(57,1,516,14,20,'hello world bla bla',30,'2018-08-31 10:44:48','2018-08-31 10:44:48',NULL),(58,1,516,14,20,'hello world bla bla',30,'2018-08-31 10:46:35','2018-08-31 10:46:35',NULL),(59,1,516,14,20,'hello world bla bla',30,'2018-08-31 10:46:45','2018-08-31 10:46:45',NULL),(60,1,516,14,20,'hello world bla bla',30,'2018-08-31 10:48:21','2018-08-31 10:48:21',NULL),(61,1,1034,14,20,'gfgdfgdfgdfgdfg',30,'2018-08-31 10:49:32','2018-08-31 10:49:32',NULL),(62,1,557,38,20,'asdasdasdasd',30,'2018-08-31 10:50:43','2018-08-31 10:50:43',NULL),(63,1,1031,17,20,'dasdsdsadas',10,'2018-08-31 11:28:09','2018-08-31 11:28:09',NULL),(64,1,10,10,20,'This is a testing request',10,'2018-09-12 13:28:27','2018-09-12 13:28:27',NULL),(65,4,783,20,10,'hello world hello world hello world hello world hello world hello world',10,'2018-09-17 09:28:13','2018-09-17 09:28:13',NULL),(66,1,1,19,10,'I need this urgent',10,'2018-09-27 10:11:58','2018-09-27 10:11:58',NULL),(67,1,1,19,10,'I need this urgent',10,'2018-09-27 10:19:39','2018-09-27 10:19:39',NULL),(68,1,1,19,10,'I need this urgent',10,'2018-09-27 10:20:22','2018-09-27 10:20:22',NULL),(69,1,1,19,10,'I need this urgent',10,'2018-09-27 10:21:34','2018-09-27 10:21:34',NULL),(70,1,1,19,10,'I need this urgent',10,'2018-09-27 10:27:40','2018-09-27 10:27:40',NULL),(71,1,1,19,10,'I need this urgent',10,'2018-09-27 10:33:08','2018-09-27 10:33:08',NULL),(72,1,1,19,10,'I need this urgent',10,'2018-09-27 10:33:38','2018-09-27 10:33:38',NULL),(73,1,1,19,10,'I need this urgent',10,'2018-09-27 10:37:31','2018-09-27 10:37:31',NULL),(74,1,1,19,10,'I need this urgent',10,'2018-09-27 10:37:53','2018-09-27 10:37:53',NULL),(75,1,1,19,10,'I need this urgent',10,'2018-09-27 10:38:01','2018-09-27 10:38:01',NULL),(76,1,1,19,10,'I need this urgent',10,'2018-09-27 10:38:23','2018-09-27 10:38:23',NULL),(77,1,1,19,10,'I need this urgent',10,'2018-09-27 10:38:39','2018-09-27 10:38:39',NULL),(78,1,1,19,10,'I need this urgent',10,'2018-09-27 10:38:53','2018-09-27 10:38:53',NULL),(79,1,1,19,10,'I need this urgent',10,'2018-09-27 10:39:08','2018-09-27 10:39:08',NULL),(80,1,1,19,10,'I need this urgent',10,'2018-09-27 10:39:23','2018-09-27 10:39:23',NULL),(81,1,1,19,10,'I need this urgent',10,'2018-09-27 10:39:47','2018-09-27 10:39:47',NULL),(82,1,1,19,10,'I need this urgent',10,'2018-09-27 10:43:42','2018-09-27 10:43:42',NULL),(83,1,1,19,10,'I need this urgent',10,'2018-09-27 10:44:52','2018-09-27 10:44:52',NULL),(84,1,1,19,10,'I need this urgent',10,'2018-09-27 10:45:26','2018-09-27 10:45:26',NULL),(85,1,1,19,10,'I need this urgent',10,'2018-09-27 10:45:53','2018-09-27 10:45:53',NULL),(86,1,1,19,10,'I need this urgent',10,'2018-09-27 10:46:06','2018-09-27 10:46:06',NULL),(87,1,1,19,10,'I need this urgent',10,'2018-09-27 10:46:14','2018-09-27 10:46:14',NULL),(88,1,1,19,10,'I need this urgent',10,'2018-09-27 10:46:38','2018-09-27 10:46:38',NULL),(89,1,1,19,10,'I need this urgent',10,'2018-09-27 10:46:50','2018-09-27 10:46:50',NULL),(90,1,1,19,10,'sDSADASDASD',10,'2018-09-27 10:56:58','2018-09-27 10:56:58',NULL),(91,1,1,19,10,'sDSADASDASD',10,'2018-09-27 10:57:21','2018-09-27 10:57:21',NULL),(92,1,1,19,10,'sDSADASDASD',10,'2018-09-27 10:57:33','2018-09-27 10:57:33',NULL),(93,1,1,19,10,'sDSADASDASD',10,'2018-09-27 10:57:52','2018-09-27 10:57:52',NULL),(94,1,1,19,10,'sDSADASDASD',10,'2018-09-27 11:08:18','2018-09-27 11:08:18',NULL),(95,1,1,20,10,'helllo woeld',10,'2018-09-28 10:59:35','2018-09-28 10:59:35',NULL);

/*Table structure for table `quotations` */

DROP TABLE IF EXISTS `quotations`;

CREATE TABLE `quotations` (
  `id` int(10) unsigned NOT NULL AUTO_INCREMENT,
  `mechanic_id` int(10) unsigned NOT NULL,
  `quotation_request_id` int(10) unsigned NOT NULL,
  `amount` double(8,2) NOT NULL,
  `message` text COLLATE utf8mb4_unicode_ci,
  `status` tinyint(4) NOT NULL DEFAULT '10' COMMENT '10=pending, 20=Accepted, 30=Rejected',
  `created_at` timestamp NULL DEFAULT NULL,
  `updated_at` timestamp NULL DEFAULT NULL,
  `deleted_at` timestamp NULL DEFAULT NULL,
  PRIMARY KEY (`id`),
  KEY `quotations_mechanic_id_foreign` (`mechanic_id`),
  KEY `quotations_quotation_request_id_foreign` (`quotation_request_id`),
  CONSTRAINT `quotations_mechanic_id_foreign` FOREIGN KEY (`mechanic_id`) REFERENCES `users` (`id`) ON DELETE CASCADE ON UPDATE CASCADE,
  CONSTRAINT `quotations_quotation_request_id_foreign` FOREIGN KEY (`quotation_request_id`) REFERENCES `quotation_requests` (`id`) ON DELETE CASCADE ON UPDATE CASCADE
) ENGINE=InnoDB AUTO_INCREMENT=3 DEFAULT CHARSET=utf8mb4 COLLATE=utf8mb4_unicode_ci;

/*Data for the table `quotations` */

insert  into `quotations`(`id`,`mechanic_id`,`quotation_request_id`,`amount`,`message`,`status`,`created_at`,`updated_at`,`deleted_at`) values (1,3,51,100.00,'I want this job.',20,'2018-08-08 12:51:42','2018-09-08 08:00:42',NULL),(2,3,52,100.00,'I can do this for you.',20,'2018-08-10 18:16:26','2018-08-27 08:06:23',NULL);

/*Table structure for table `reviews` */

DROP TABLE IF EXISTS `reviews`;

CREATE TABLE `reviews` (
  `id` int(10) unsigned NOT NULL AUTO_INCREMENT,
  `quotation_id` int(10) unsigned NOT NULL,
  `user_id` int(10) unsigned NOT NULL,
  `rating` int(10) unsigned NOT NULL,
  `comment` text COLLATE utf8mb4_unicode_ci NOT NULL,
  `status` tinyint(4) NOT NULL DEFAULT '1' COMMENT '0,1',
  `created_at` timestamp NULL DEFAULT NULL,
  `updated_at` timestamp NULL DEFAULT NULL,
  `deleted_at` timestamp NULL DEFAULT NULL,
  PRIMARY KEY (`id`),
  KEY `reviews_user_id_foreign` (`user_id`),
  KEY `reviews_quotation_id_foreign` (`quotation_id`),
  CONSTRAINT `reviews_quotation_id_foreign` FOREIGN KEY (`quotation_id`) REFERENCES `quotations` (`id`) ON DELETE CASCADE ON UPDATE CASCADE,
  CONSTRAINT `reviews_user_id_foreign` FOREIGN KEY (`user_id`) REFERENCES `users` (`id`) ON DELETE CASCADE ON UPDATE CASCADE
) ENGINE=InnoDB AUTO_INCREMENT=13 DEFAULT CHARSET=utf8mb4 COLLATE=utf8mb4_unicode_ci;

/*Data for the table `reviews` */

insert  into `reviews`(`id`,`quotation_id`,`user_id`,`rating`,`comment`,`status`,`created_at`,`updated_at`,`deleted_at`) values (9,1,4,5,'Good Job bro',1,'2018-08-09 09:33:37','2018-08-09 09:33:37',NULL),(11,1,4,3,'Good Job bro. I really appreciate your work.',1,'2018-08-10 17:27:33','2018-08-10 17:27:33',NULL),(12,2,2,1,'Good Job bro , i will hire you again.',1,'2018-08-10 17:27:33','2018-08-10 17:27:33',NULL);

/*Table structure for table `role_user` */

DROP TABLE IF EXISTS `role_user`;

CREATE TABLE `role_user` (
  `user_id` int(10) unsigned NOT NULL,
  `role_id` int(10) unsigned NOT NULL,
  PRIMARY KEY (`user_id`,`role_id`),
  KEY `role_user_role_id_foreign` (`role_id`),
  CONSTRAINT `role_user_role_id_foreign` FOREIGN KEY (`role_id`) REFERENCES `roles` (`id`) ON DELETE CASCADE ON UPDATE CASCADE,
  CONSTRAINT `role_user_user_id_foreign` FOREIGN KEY (`user_id`) REFERENCES `users` (`id`) ON DELETE CASCADE ON UPDATE CASCADE
) ENGINE=InnoDB DEFAULT CHARSET=utf8mb4 COLLATE=utf8mb4_unicode_ci;

/*Data for the table `role_user` */

insert  into `role_user`(`user_id`,`role_id`) values (1,1),(2,2),(3,3),(3,4),(4,3),(4,5),(5,3),(5,4),(6,3),(6,5),(7,3),(7,5),(8,3),(8,5);

/*Table structure for table `roles` */

DROP TABLE IF EXISTS `roles`;

CREATE TABLE `roles` (
  `id` int(10) unsigned NOT NULL AUTO_INCREMENT,
  `name` varchar(191) COLLATE utf8mb4_unicode_ci NOT NULL,
  `display_name` varchar(191) COLLATE utf8mb4_unicode_ci DEFAULT NULL,
  `is_protected` tinyint(1) NOT NULL DEFAULT '0',
  `description` varchar(191) COLLATE utf8mb4_unicode_ci DEFAULT NULL,
  `created_at` timestamp NULL DEFAULT NULL,
  `updated_at` timestamp NULL DEFAULT NULL,
  `deleted_at` timestamp NULL DEFAULT NULL,
  PRIMARY KEY (`id`),
  UNIQUE KEY `roles_name_unique` (`name`)
) ENGINE=InnoDB AUTO_INCREMENT=6 DEFAULT CHARSET=utf8mb4 COLLATE=utf8mb4_unicode_ci;

/*Data for the table `roles` */

insert  into `roles`(`id`,`name`,`display_name`,`is_protected`,`description`,`created_at`,`updated_at`,`deleted_at`) values (1,'super-admin','Super Admin',1,'Super Admin has all permissions','2018-07-14 04:26:57','2018-07-14 04:26:57',NULL),(2,'admin','Administrators',1,'Assign this role to all the users who are administrators.','2018-07-14 04:26:57','2018-07-14 04:26:57',NULL),(3,'authenticated','Authenticated',1,'Authenticated users will be able to access front-end functionality','2018-07-14 04:26:57','2018-07-14 04:26:57',NULL),(4,'mechanic','Car Mechanic',1,'Assign this role to car mechanic.','2018-07-16 11:10:02','2018-07-16 11:10:02',NULL),(5,'driver','Car Driver',1,'Assign this role to car drivers.','2018-07-16 11:10:35','2018-08-01 07:45:30',NULL);

/*Table structure for table `service_translations` */

DROP TABLE IF EXISTS `service_translations`;

CREATE TABLE `service_translations` (
  `id` int(10) unsigned NOT NULL AUTO_INCREMENT,
  `service_id` int(10) unsigned NOT NULL,
  `locale` varchar(191) COLLATE utf8mb4_unicode_ci NOT NULL,
  `name` varchar(191) COLLATE utf8mb4_unicode_ci NOT NULL,
  `created_at` timestamp NOT NULL DEFAULT CURRENT_TIMESTAMP,
  `updated_at` timestamp NOT NULL DEFAULT CURRENT_TIMESTAMP,
  `deleted_at` timestamp NULL DEFAULT NULL,
  PRIMARY KEY (`id`)
) ENGINE=InnoDB AUTO_INCREMENT=190 DEFAULT CHARSET=utf8mb4 COLLATE=utf8mb4_unicode_ci;

/*Data for the table `service_translations` */

insert  into `service_translations`(`id`,`service_id`,`locale`,`name`,`created_at`,`updated_at`,`deleted_at`) values (1,1,'en','Body and cosmetic','2018-07-17 05:11:21','2018-07-17 05:11:21',NULL),(2,2,'en','Breakdown and Recovery','2018-07-17 05:11:21','2018-07-17 05:11:21',NULL),(3,3,'en','Brakes','2018-07-17 05:11:21','2018-07-17 05:11:21',NULL),(4,4,'en','Car Cleaning','2018-07-17 05:11:21','2018-07-17 05:11:21',NULL),(5,5,'en','Cooling System','2018-07-17 05:11:21','2018-07-17 05:11:21',NULL),(6,6,'en','Electrical and Battery','2018-07-17 05:11:21','2018-07-17 05:11:21',NULL),(7,7,'en','Engine','2018-07-17 05:11:21','2018-07-17 05:11:21',NULL),(8,8,'en','Exhaust and omissions','2018-07-17 05:11:21','2018-07-17 05:11:21',NULL),(9,9,'en','Interior, Audio and Navigation','2018-07-17 05:11:21','2018-07-17 05:11:21',NULL),(10,10,'en','Mobile Mechanics and Services','2018-07-17 05:11:21','2018-07-17 05:11:21',NULL),(11,11,'en','Not Sure What\'s Wrong I Need Help!','2018-07-17 05:11:21','2018-07-17 05:11:21',NULL),(12,12,'en','Safety Components','2018-07-17 05:11:21','2018-07-17 05:11:21',NULL),(13,13,'en','Security, Locks and Keys','2018-07-17 05:11:21','2018-07-17 05:11:21',NULL),(14,14,'en','Servicing and Testing','2018-07-17 05:11:21','2018-07-17 05:11:21',NULL),(15,15,'en','Suspension and Steering','2018-07-17 05:11:21','2018-07-17 05:11:21',NULL),(16,16,'en','Transmission','2018-07-17 05:11:21','2018-07-17 05:11:21',NULL),(17,17,'en','Tyres, Wheels and Tracking','2018-07-17 05:11:21','2018-07-17 05:11:21',NULL),(18,18,'en','Windows, Windscreen and Mirrors','2018-07-17 05:11:21','2018-07-17 05:11:21',NULL),(19,19,'en','Bodyshop','2018-07-17 05:11:21','2018-07-17 05:11:21',NULL),(20,20,'en','Crash / Accident Repairs','2018-07-17 05:11:21','2018-07-17 05:11:21',NULL),(21,21,'en','Dent Removal - Major','2018-07-17 05:11:21','2018-07-17 05:11:21',NULL),(22,22,'en','Dent Removal - Minor','2018-07-17 05:11:21','2018-07-17 05:11:21',NULL),(23,23,'en','Paintwork Repair','2018-07-17 05:11:21','2018-07-17 05:11:21',NULL),(24,24,'en','Panel Beating','2018-07-17 05:11:21','2018-07-17 05:11:21',NULL),(25,25,'en','Respraying','2018-07-17 05:11:21','2018-07-17 05:11:21',NULL),(26,26,'en','Scratch and scuff repair','2018-07-17 05:11:21','2018-07-17 05:11:21',NULL),(27,27,'en','Welding','2018-07-17 05:11:21','2018-07-17 05:11:21',NULL),(28,28,'en','Wrapping and Vinyl Wrap','2018-07-17 05:11:21','2018-07-17 05:11:21',NULL),(29,29,'en','Body and Cosmetic - Other','2018-07-17 05:11:21','2018-07-17 05:11:21',NULL),(30,30,'en','Recovery','2018-07-17 05:11:21','2018-07-17 05:11:21',NULL),(31,31,'en','Breakdown and Recovery - Other','2018-07-17 05:11:21','2018-07-17 05:11:21',NULL),(32,32,'en','I\'m not sure what\'s wrong -Diagnostics','2018-07-17 05:11:21','2018-07-17 05:11:21',NULL),(33,33,'en','ABS System','2018-07-17 05:11:21','2018-07-17 05:11:21',NULL),(34,34,'en','Brake Fluid Flush','2018-07-17 05:11:21','2018-07-17 05:11:21',NULL),(35,35,'en','Brake Repairs','2018-07-17 05:11:21','2018-07-17 05:11:21',NULL),(36,36,'en','Hand Brake','2018-07-17 05:11:21','2018-07-17 05:11:21',NULL),(37,37,'en','Replace Front Brake Discs and Pads','2018-07-17 05:11:21','2018-07-17 05:11:21',NULL),(38,38,'en','Replace Front Brake Pads','2018-07-17 05:11:21','2018-07-17 05:11:21',NULL),(39,39,'en','Replace Rear -Brake Discs and Pads','2018-07-17 05:11:21','2018-07-17 05:11:21',NULL),(40,40,'en','Replace Rear - Brake Pads','2018-07-17 05:11:21','2018-07-17 05:11:21',NULL),(41,41,'en','Brakes - Other','2018-07-17 05:11:21','2018-07-17 05:11:21',NULL),(42,42,'en','I\'m not sure what\'s wrong -Diagnostics','2018-07-17 05:11:21','2018-07-17 05:11:21',NULL),(43,43,'en','Full Valeting','2018-07-17 05:11:21','2018-07-17 05:11:21',NULL),(44,44,'en','Exterior clean','2018-07-17 05:11:21','2018-07-17 05:11:21',NULL),(45,45,'en','Interior clean','2018-07-17 05:11:21','2018-07-17 05:11:21',NULL),(46,46,'en','Air Conditioning Service','2018-07-17 05:11:21','2018-07-17 05:11:21',NULL),(47,47,'en','Aircon regas','2018-07-17 05:11:21','2018-07-17 05:11:21',NULL),(48,48,'en','Car Heater','2018-07-17 05:11:21','2018-07-17 05:11:21',NULL),(49,49,'en','Car Radiator Repair','2018-07-17 05:11:21','2018-07-17 05:11:21',NULL),(50,50,'en','Heater Matrix','2018-07-17 05:11:21','2018-07-17 05:11:21',NULL),(51,51,'en','Overheating','2018-07-17 05:11:21','2018-07-17 05:11:21',NULL),(52,52,'en','Cooling System - Other','2018-07-17 05:11:21','2018-07-17 05:11:21',NULL),(53,53,'en','I\'m not sure what\'s wrong -Diagnostics','2018-07-17 05:11:21','2018-07-17 05:11:21',NULL),(54,54,'en','In Car Entertainment','2018-07-17 05:11:21','2018-07-17 05:11:21',NULL),(55,55,'en','Lights and Bulbs','2018-07-17 05:11:21','2018-07-17 05:11:21',NULL),(56,56,'en','Parking Sensors','2018-07-17 05:11:21','2018-07-17 05:11:21',NULL),(57,57,'en','Replace Starter Motor','2018-07-17 05:11:21','2018-07-17 05:11:21',NULL),(58,58,'en','Replace Air Flow Meter','2018-07-17 05:11:21','2018-07-17 05:11:21',NULL),(59,59,'en','Repair / Replace Alternator','2018-07-17 05:11:21','2018-07-17 05:11:21',NULL),(60,60,'en','Replace Battery','2018-07-17 05:11:21','2018-07-17 05:11:21',NULL),(61,61,'en','Electrical - Other','2018-07-17 05:11:21','2018-07-17 05:11:21',NULL),(62,62,'en','I\'m not sure what\'s wrong -Diagnostics','2018-07-17 05:11:21','2018-07-17 05:11:21',NULL),(63,63,'en','Cambelt Change','2018-07-17 05:11:21','2018-07-17 05:11:21',NULL),(64,64,'en','Engine Management Light','2018-07-17 05:11:21','2018-07-17 05:11:21',NULL),(65,65,'en','Fan Belt','2018-07-17 05:11:21','2018-07-17 05:11:21',NULL),(66,66,'en','Fuel Injection System','2018-07-17 05:11:21','2018-07-17 05:11:21',NULL),(67,67,'en','Fuel Pump','2018-07-17 05:11:21','2018-07-17 05:11:21',NULL),(68,68,'en','Head Gasket','2018-07-17 05:11:21','2018-07-17 05:11:21',NULL),(69,69,'en','Oil leak','2018-07-17 05:11:21','2018-07-17 05:11:21',NULL),(70,70,'en','Replace spark plugs','2018-07-17 05:11:21','2018-07-17 05:11:21',NULL),(71,71,'en','Timing Belt and Water Pump','2018-07-17 05:11:21','2018-07-17 05:11:21',NULL),(72,72,'en','Timing chain','2018-07-17 05:11:21','2018-07-17 05:11:21',NULL),(73,73,'en','Turbo Faults and Replacement','2018-07-17 05:11:21','2018-07-17 05:11:21',NULL),(74,74,'en','Water Pump','2018-07-17 05:11:21','2018-07-17 05:11:21',NULL),(75,75,'en','Engine - Other','2018-07-17 05:11:21','2018-07-17 05:11:21',NULL),(76,76,'en','I\'m not sure what\'s wrong -Diagnostics','2018-07-17 05:11:21','2018-07-17 05:11:21',NULL),(77,77,'en','Blue Smoke from Exhaust','2018-07-17 05:11:21','2018-07-17 05:11:21',NULL),(78,78,'en','EGR Valve','2018-07-17 05:11:21','2018-07-17 05:11:21',NULL),(79,79,'en','Exhaust Fitting','2018-07-17 05:11:21','2018-07-17 05:11:21',NULL),(80,80,'en','Exhaust Repair','2018-07-17 05:11:21','2018-07-17 05:11:21',NULL),(81,81,'en','White Smoke from Exhaust','2018-07-17 05:11:21','2018-07-17 05:11:21',NULL),(82,82,'en','Replace Catalytic Converter','2018-07-17 05:11:21','2018-07-17 05:11:21',NULL),(83,83,'en','Exhaust and omissions - Other','2018-07-17 05:11:21','2018-07-17 05:11:21',NULL),(84,84,'en','I\'m not sure what\'s wrong -Diagnostics','2018-07-17 05:11:21','2018-07-17 05:11:21',NULL),(85,85,'en','Car Audio','2018-07-17 05:11:21','2018-07-17 05:11:21',NULL),(86,86,'en','Convertible Roof Repair','2018-07-17 05:11:21','2018-07-17 05:11:21',NULL),(87,87,'en','Interior Trim','2018-07-17 05:11:21','2018-07-17 05:11:21',NULL),(88,88,'en','Upholstery Repair ','2018-07-17 05:11:21','2018-07-17 05:11:21',NULL),(89,89,'en','Interior Audio and Navigation - Other','2018-07-17 05:11:21','2018-07-17 05:11:21',NULL),(90,90,'en','I\'m not sure what\'s wrong -Diagnostics','2018-07-17 05:11:21','2018-07-17 05:11:21',NULL),(91,91,'en','Mobile Alloy Wheel Repair','2018-07-17 05:11:21','2018-07-17 05:11:21',NULL),(92,92,'en','Mobile Dent Repair','2018-07-17 05:11:21','2018-07-17 05:11:21',NULL),(93,93,'en','Mobile Mechanic','2018-07-17 05:11:21','2018-07-17 05:11:21',NULL),(94,94,'en','Mobile Servicing','2018-07-17 05:11:21','2018-07-17 05:11:21',NULL),(95,95,'en','Mobile Tyre Fitting','2018-07-17 05:11:21','2018-07-17 05:11:21',NULL),(96,96,'en','Pre-Purchase Car Inspection','2018-07-17 05:11:21','2018-07-17 05:11:21',NULL),(97,97,'en','Mobile Mechanics and Services - Other','2018-07-17 05:11:21','2018-07-17 05:11:21',NULL),(98,98,'en','Banging or Knocking Noise','2018-07-17 05:11:21','2018-07-17 05:11:21',NULL),(99,99,'en','Diagnostic Test','2018-07-17 05:11:21','2018-07-17 05:11:21',NULL),(100,100,'en','Electrical Fault Diagnosis','2018-07-17 05:11:21','2018-07-17 05:11:21',NULL),(101,101,'en','Engine Balancing and Remapping','2018-07-17 05:11:21','2018-07-17 05:11:21',NULL),(102,102,'en','Engine Tuning','2018-07-17 05:11:21','2018-07-17 05:11:21',NULL),(103,103,'en','General Repairs','2018-07-17 05:11:21','2018-07-17 05:11:21',NULL),(104,104,'en','Leak','2018-07-17 05:11:21','2018-07-17 05:11:21',NULL),(105,105,'en','Loss of Power','2018-07-17 05:11:21','2018-07-17 05:11:21',NULL),(106,106,'en','Minor Repairs','2018-07-17 05:11:21','2018-07-17 05:11:21',NULL),(107,107,'en','My Car Won\'t Start','2018-07-17 05:11:21','2018-07-17 05:11:21',NULL),(108,108,'en','Squeaking or Squealing Noise','2018-07-17 05:11:21','2018-07-17 05:11:21',NULL),(109,109,'en','Ticking or Rattling Noise','2018-07-17 05:11:21','2018-07-17 05:11:21',NULL),(110,110,'en','Diagnostics - Other','2018-07-17 05:11:21','2018-07-17 05:11:21',NULL),(111,111,'en','Airbag Repair / Replacement','2018-07-17 05:11:21','2018-07-17 05:11:21',NULL),(112,112,'en','Seatbelt Repair','2018-07-17 05:11:21','2018-07-17 05:11:21',NULL),(113,113,'en','Safety Components -Other','2018-07-17 05:11:21','2018-07-17 05:11:21',NULL),(114,114,'en','I\'m not sure what\'s wrong -Diagnostics','2018-07-17 05:11:21','2018-07-17 05:11:21',NULL),(115,115,'en','Auto Locksmith','2018-07-17 05:11:21','2018-07-17 05:11:21',NULL),(116,116,'en','Car Alarm keeps going off','2018-07-17 05:11:21','2018-07-17 05:11:21',NULL),(117,117,'en','Central Locking Systems','2018-07-17 05:11:21','2018-07-17 05:11:21',NULL),(118,118,'en','Immobiliser Faults','2018-07-17 05:11:21','2018-07-17 05:11:21',NULL),(119,119,'en','Key Programming and Codes','2018-07-17 05:11:21','2018-07-17 05:11:21',NULL),(120,120,'en','Key Replacement','2018-07-17 05:11:21','2018-07-17 05:11:21',NULL),(121,121,'en','Security Locks and Keys -Other','2018-07-17 05:11:21','2018-07-17 05:11:21',NULL),(122,122,'en','I\'m not sure what\'s wrong -Diagnostics','2018-07-17 05:11:21','2018-07-17 05:11:21',NULL),(123,123,'en','Air Conditioning Check & Refresh','2018-07-17 05:11:21','2018-07-17 05:11:21',NULL),(124,124,'en','Fuel / Emissions Service','2018-07-17 05:11:21','2018-07-17 05:11:21',NULL),(125,125,'en','Full Service','2018-07-17 05:11:21','2018-07-17 05:11:21',NULL),(126,126,'en','Full Service and Vehicle Testing','2018-07-17 05:11:21','2018-07-17 05:11:21',NULL),(127,127,'en','Minor / Interim Service','2018-07-17 05:11:21','2018-07-17 05:11:21',NULL),(128,128,'en','Major / Interim Service and Testing','2018-07-17 05:11:21','2018-07-17 05:11:21',NULL),(129,129,'en','Oil Change','2018-07-17 05:11:21','2018-07-17 05:11:21',NULL),(130,130,'en','Summer Check','2018-07-17 05:11:21','2018-07-17 05:11:21',NULL),(131,131,'en','Vehicle Health Check','2018-07-17 05:11:21','2018-07-17 05:11:21',NULL),(132,132,'en','Vehicle Testing','2018-07-17 05:11:21','2018-07-17 05:11:21',NULL),(133,133,'en','Winter Check','2018-07-17 05:11:21','2018-07-17 05:11:21',NULL),(134,134,'en','Servicing and Testing - Other','2018-07-17 05:11:21','2018-07-17 05:11:21',NULL),(135,135,'en','I\'m not sure what\'s wrong -Diagnostics','2018-07-17 05:11:21','2018-07-17 05:11:21',NULL),(136,136,'en','Axle Repairs','2018-07-17 05:11:21','2018-07-17 05:11:21',NULL),(137,137,'en','Car Pulling Left or Right','2018-07-17 05:11:21','2018-07-17 05:11:21',NULL),(138,138,'en','Coil Springs','2018-07-17 05:11:21','2018-07-17 05:11:21',NULL),(139,139,'en','CV Joint','2018-07-17 05:11:21','2018-07-17 05:11:21',NULL),(140,140,'en','Power Steering','2018-07-17 05:11:21','2018-07-17 05:11:21',NULL),(141,141,'en','Replace Front Anti Roll Bar Link (one)','2018-07-17 05:11:21','2018-07-17 05:11:21',NULL),(142,142,'en','Replace Front Coil Springs (Pair)','2018-07-17 05:11:21','2018-07-17 05:11:21',NULL),(143,143,'en','Replace Front Shock Absorbers (Pair)','2018-07-17 05:11:21','2018-07-17 05:11:21',NULL),(144,144,'en','Replace Inner CV Gaiter (One)','2018-07-17 05:11:21','2018-07-17 05:11:21',NULL),(145,145,'en','Replace Left Front Wheel Bearing','2018-07-17 05:11:21','2018-07-17 05:11:21',NULL),(146,146,'en','Replace Left Rear Wheel Bearing','2018-07-17 05:11:21','2018-07-17 05:11:21',NULL),(147,147,'en','Replace Left Track Rod End','2018-07-17 05:11:21','2018-07-17 05:11:21',NULL),(148,148,'en','Replace Outer CV Gaiter (One)','2018-07-17 05:11:21','2018-07-17 05:11:21',NULL),(149,149,'en','Replace Rear Coil Springs (Pair)','2018-07-17 05:11:21','2018-07-17 05:11:21',NULL),(150,150,'en','Replace Rear Shock Absorbers (Pair)','2018-07-17 05:11:21','2018-07-17 05:11:21',NULL),(151,151,'en','Replace Right Front Wheel Bearing','2018-07-17 05:11:21','2018-07-17 05:11:21',NULL),(152,152,'en','Replace Right Rear Wheel Bearing','2018-07-17 05:11:21','2018-07-17 05:11:21',NULL),(153,153,'en','Replace Right Track Road End','2018-07-17 05:11:21','2018-07-17 05:11:21',NULL),(154,154,'en','Steering Rack','2018-07-17 05:11:21','2018-07-17 05:11:21',NULL),(155,155,'en','Steering Wheel Shaking','2018-07-17 05:11:21','2018-07-17 05:11:21',NULL),(156,156,'en','Suspension Repairs','2018-07-17 05:11:21','2018-07-17 05:11:21',NULL),(157,157,'en','Suspension and Steering - Other','2018-07-17 05:11:21','2018-07-17 05:11:21',NULL),(158,158,'en','I\'m not sure what\'s wrong -Diagnostics','2018-07-17 05:11:21','2018-07-17 05:11:21',NULL),(159,159,'en','Auto Gearbox Repairs','2018-07-17 05:11:21','2018-07-17 05:11:21',NULL),(160,160,'en','Auto Gearbox Specialist','2018-07-17 05:11:21','2018-07-17 05:11:21',NULL),(161,161,'en','Clutch Cable','2018-07-17 05:11:21','2018-07-17 05:11:21',NULL),(162,162,'en','Clutch Repairs','2018-07-17 05:11:21','2018-07-17 05:11:21',NULL),(163,163,'en','Clutch Replacement','2018-07-17 05:11:21','2018-07-17 05:11:21',NULL),(164,164,'en','Gearbox Repairs','2018-07-17 05:11:21','2018-07-17 05:11:21',NULL),(165,165,'en','Reconditioned Gearbox','2018-07-17 05:11:21','2018-07-17 05:11:21',NULL),(166,166,'en','Replace Turbo Charger','2018-07-17 05:11:21','2018-07-17 05:11:21',NULL),(167,167,'en','Transmission - Other','2018-07-17 05:11:21','2018-07-17 05:11:21',NULL),(168,168,'en','I\'m not sure what\'s wrong -Diagnostics','2018-07-17 05:11:21','2018-07-17 05:11:21',NULL),(169,169,'en','Alloy Wheel Refurbishment','2018-07-17 05:11:21','2018-07-17 05:11:21',NULL),(170,170,'en','Front and Rear Wheel Alignment','2018-07-17 05:11:21','2018-07-17 05:11:21',NULL),(171,171,'en','Front Wheel Alignment','2018-07-17 05:11:21','2018-07-17 05:11:21',NULL),(172,172,'en','Puncture Repair','2018-07-17 05:11:21','2018-07-17 05:11:21',NULL),(173,173,'en','Rear Wheel Alignment','2018-07-17 05:11:21','2018-07-17 05:11:21',NULL),(174,174,'en','Specialist Tyres','2018-07-17 05:11:21','2018-07-17 05:11:21',NULL),(175,175,'en','Tyre Fitting','2018-07-17 05:11:21','2018-07-17 05:11:21',NULL),(176,176,'en','Wheel Bearing','2018-07-17 05:11:21','2018-07-17 05:11:21',NULL),(177,177,'en','Wheel Tracking','2018-07-17 05:11:21','2018-07-17 05:11:21',NULL),(178,178,'en','Winter Tyres','2018-07-17 05:11:21','2018-07-17 05:11:21',NULL),(179,179,'en','Tyres Wheels and Tracking - Other','2018-07-17 05:11:21','2018-07-17 05:11:21',NULL),(180,180,'en','I\'m not sure what\'s wrong -Diagnostics','2018-07-17 05:11:21','2018-07-17 05:11:21',NULL),(181,181,'en','Electric Window Faults','2018-07-17 05:11:21','2018-07-17 05:11:21',NULL),(182,182,'en','Window Replacement','2018-07-17 05:11:21','2018-07-17 05:11:21',NULL),(183,183,'en','Window Tinting','2018-07-17 05:11:21','2018-07-17 05:11:21',NULL),(184,184,'en','Windscreen Replacement','2018-07-17 05:11:21','2018-07-17 05:11:21',NULL),(185,185,'en','Windscreen Wipers','2018-07-17 05:11:21','2018-07-17 05:11:21',NULL),(186,186,'en','Wing Mirror','2018-07-17 05:11:21','2018-07-17 05:11:21',NULL),(187,187,'en','Windows Windscreen and Mirrors -Other','2018-07-17 05:11:21','2018-07-17 05:11:21',NULL),(188,188,'en','I\'m not sure what\'s wrong -Diagnostics','2018-07-17 05:11:21','2018-07-17 05:11:21',NULL),(189,1,'ar','  ','2018-07-17 12:13:48','2018-07-17 12:13:48',NULL);

/*Table structure for table `services` */

DROP TABLE IF EXISTS `services`;

CREATE TABLE `services` (
  `id` int(10) unsigned NOT NULL AUTO_INCREMENT,
  `parent_id` int(11) NOT NULL,
  `created_at` timestamp NULL DEFAULT NULL,
  `updated_at` timestamp NULL DEFAULT NULL,
  `deleted_at` timestamp NULL DEFAULT NULL,
  PRIMARY KEY (`id`)
) ENGINE=InnoDB AUTO_INCREMENT=189 DEFAULT CHARSET=utf8mb4 COLLATE=utf8mb4_unicode_ci;

/*Data for the table `services` */

insert  into `services`(`id`,`parent_id`,`created_at`,`updated_at`,`deleted_at`) values (1,0,'2018-07-17 05:11:21','2018-07-17 05:11:21',NULL),(2,0,'2018-07-17 05:11:21','2018-07-17 05:11:21',NULL),(3,0,'2018-07-17 05:11:21','2018-07-17 05:11:21',NULL),(4,0,'2018-07-17 05:11:21','2018-07-17 05:11:21',NULL),(5,0,'2018-07-17 05:11:21','2018-07-17 05:11:21',NULL),(6,0,'2018-07-17 05:11:21','2018-07-17 05:11:21',NULL),(7,0,'2018-07-17 05:11:21','2018-07-17 05:11:21',NULL),(8,0,'2018-07-17 05:11:21','2018-07-17 05:11:21',NULL),(9,0,'2018-07-17 05:11:21','2018-07-17 05:11:21',NULL),(10,0,'2018-07-17 05:11:21','2018-07-17 05:11:21',NULL),(11,0,'2018-07-17 05:11:21','2018-07-17 05:11:21',NULL),(12,0,'2018-07-17 05:11:21','2018-07-17 05:11:21',NULL),(13,0,'2018-07-17 05:11:21','2018-07-17 05:11:21',NULL),(14,0,'2018-07-17 05:11:21','2018-07-17 05:11:21',NULL),(15,0,'2018-07-17 05:11:21','2018-07-17 05:11:21',NULL),(16,0,'2018-07-17 05:11:21','2018-07-17 05:11:21',NULL),(17,0,'2018-07-17 05:11:21','2018-07-17 05:11:21',NULL),(18,0,'2018-07-17 05:11:21','2018-07-17 05:11:21',NULL),(19,1,'2018-07-17 05:11:21','2018-07-17 05:11:21',NULL),(20,1,'2018-07-17 05:11:21','2018-07-17 05:11:21',NULL),(21,1,'2018-07-17 05:11:21','2018-07-17 05:11:21',NULL),(22,1,'2018-07-17 05:11:21','2018-07-17 05:11:21',NULL),(23,1,'2018-07-17 05:11:21','2018-07-17 05:11:21',NULL),(24,1,'2018-07-17 05:11:21','2018-07-17 05:11:21',NULL),(25,1,'2018-07-17 05:11:21','2018-07-17 05:11:21',NULL),(26,1,'2018-07-17 05:11:21','2018-07-17 05:11:21',NULL),(27,1,'2018-07-17 05:11:21','2018-07-17 05:11:21',NULL),(28,1,'2018-07-17 05:11:21','2018-07-17 05:11:21',NULL),(29,1,'2018-07-17 05:11:21','2018-07-17 05:11:21',NULL),(30,2,'2018-07-17 05:11:21','2018-07-17 05:11:21',NULL),(31,2,'2018-07-17 05:11:21','2018-07-17 05:11:21',NULL),(32,2,'2018-07-17 05:11:21','2018-07-17 05:11:21',NULL),(33,3,'2018-07-17 05:11:21','2018-07-17 05:11:21',NULL),(34,3,'2018-07-17 05:11:21','2018-07-17 05:11:21',NULL),(35,3,'2018-07-17 05:11:21','2018-07-17 05:11:21',NULL),(36,3,'2018-07-17 05:11:21','2018-07-17 05:11:21',NULL),(37,3,'2018-07-17 05:11:21','2018-07-17 05:11:21',NULL),(38,3,'2018-07-17 05:11:21','2018-07-17 05:11:21',NULL),(39,3,'2018-07-17 05:11:21','2018-07-17 05:11:21',NULL),(40,3,'2018-07-17 05:11:21','2018-07-17 05:11:21',NULL),(41,3,'2018-07-17 05:11:21','2018-07-17 05:11:21',NULL),(42,3,'2018-07-17 05:11:21','2018-07-17 05:11:21',NULL),(43,4,'2018-07-17 05:11:21','2018-07-17 05:11:21',NULL),(44,4,'2018-07-17 05:11:21','2018-07-17 05:11:21',NULL),(45,4,'2018-07-17 05:11:21','2018-07-17 05:11:21',NULL),(46,5,'2018-07-17 05:11:21','2018-07-17 05:11:21',NULL),(47,5,'2018-07-17 05:11:21','2018-07-17 05:11:21',NULL),(48,5,'2018-07-17 05:11:21','2018-07-17 05:11:21',NULL),(49,5,'2018-07-17 05:11:21','2018-07-17 05:11:21',NULL),(50,5,'2018-07-17 05:11:21','2018-07-17 05:11:21',NULL),(51,5,'2018-07-17 05:11:21','2018-07-17 05:11:21',NULL),(52,5,'2018-07-17 05:11:21','2018-07-17 05:11:21',NULL),(53,5,'2018-07-17 05:11:21','2018-07-17 05:11:21',NULL),(54,6,'2018-07-17 05:11:21','2018-07-17 05:11:21',NULL),(55,6,'2018-07-17 05:11:21','2018-07-17 05:11:21',NULL),(56,6,'2018-07-17 05:11:21','2018-07-17 05:11:21',NULL),(57,6,'2018-07-17 05:11:21','2018-07-17 05:11:21',NULL),(58,6,'2018-07-17 05:11:21','2018-07-17 05:11:21',NULL),(59,6,'2018-07-17 05:11:21','2018-07-17 05:11:21',NULL),(60,6,'2018-07-17 05:11:21','2018-07-17 05:11:21',NULL),(61,6,'2018-07-17 05:11:21','2018-07-17 05:11:21',NULL),(62,6,'2018-07-17 05:11:21','2018-07-17 05:11:21',NULL),(63,7,'2018-07-17 05:11:21','2018-07-17 05:11:21',NULL),(64,7,'2018-07-17 05:11:21','2018-07-17 05:11:21',NULL),(65,7,'2018-07-17 05:11:21','2018-07-17 05:11:21',NULL),(66,7,'2018-07-17 05:11:21','2018-07-17 05:11:21',NULL),(67,7,'2018-07-17 05:11:21','2018-07-17 05:11:21',NULL),(68,7,'2018-07-17 05:11:21','2018-07-17 05:11:21',NULL),(69,7,'2018-07-17 05:11:21','2018-07-17 05:11:21',NULL),(70,7,'2018-07-17 05:11:21','2018-07-17 05:11:21',NULL),(71,7,'2018-07-17 05:11:21','2018-07-17 05:11:21',NULL),(72,7,'2018-07-17 05:11:21','2018-07-17 05:11:21',NULL),(73,7,'2018-07-17 05:11:21','2018-07-17 05:11:21',NULL),(74,7,'2018-07-17 05:11:21','2018-07-17 05:11:21',NULL),(75,7,'2018-07-17 05:11:21','2018-07-17 05:11:21',NULL),(76,7,'2018-07-17 05:11:21','2018-07-17 05:11:21',NULL),(77,8,'2018-07-17 05:11:21','2018-07-17 05:11:21',NULL),(78,8,'2018-07-17 05:11:21','2018-07-17 05:11:21',NULL),(79,8,'2018-07-17 05:11:21','2018-07-17 05:11:21',NULL),(80,8,'2018-07-17 05:11:21','2018-07-17 05:11:21',NULL),(81,8,'2018-07-17 05:11:21','2018-07-17 05:11:21',NULL),(82,8,'2018-07-17 05:11:21','2018-07-17 05:11:21',NULL),(83,8,'2018-07-17 05:11:21','2018-07-17 05:11:21',NULL),(84,8,'2018-07-17 05:11:21','2018-07-17 05:11:21',NULL),(85,9,'2018-07-17 05:11:21','2018-07-17 05:11:21',NULL),(86,9,'2018-07-17 05:11:21','2018-07-17 05:11:21',NULL),(87,9,'2018-07-17 05:11:21','2018-07-17 05:11:21',NULL),(88,9,'2018-07-17 05:11:21','2018-07-17 05:11:21',NULL),(89,9,'2018-07-17 05:11:21','2018-07-17 05:11:21',NULL),(90,9,'2018-07-17 05:11:21','2018-07-17 05:11:21',NULL),(91,10,'2018-07-17 05:11:21','2018-07-17 05:11:21',NULL),(92,10,'2018-07-17 05:11:21','2018-07-17 05:11:21',NULL),(93,10,'2018-07-17 05:11:21','2018-07-17 05:11:21',NULL),(94,10,'2018-07-17 05:11:21','2018-07-17 05:11:21',NULL),(95,10,'2018-07-17 05:11:21','2018-07-17 05:11:21',NULL),(96,10,'2018-07-17 05:11:21','2018-07-17 05:11:21',NULL),(97,10,'2018-07-17 05:11:21','2018-07-17 05:11:21',NULL),(98,11,'2018-07-17 05:11:21','2018-07-17 05:11:21',NULL),(99,11,'2018-07-17 05:11:21','2018-07-17 05:11:21',NULL),(100,11,'2018-07-17 05:11:21','2018-07-17 05:11:21',NULL),(101,11,'2018-07-17 05:11:21','2018-07-17 05:11:21',NULL),(102,11,'2018-07-17 05:11:21','2018-07-17 05:11:21',NULL),(103,11,'2018-07-17 05:11:21','2018-07-17 05:11:21',NULL),(104,11,'2018-07-17 05:11:21','2018-07-17 05:11:21',NULL),(105,11,'2018-07-17 05:11:21','2018-07-17 05:11:21',NULL),(106,11,'2018-07-17 05:11:21','2018-07-17 05:11:21',NULL),(107,11,'2018-07-17 05:11:21','2018-07-17 05:11:21',NULL),(108,11,'2018-07-17 05:11:21','2018-07-17 05:11:21',NULL),(109,11,'2018-07-17 05:11:21','2018-07-17 05:11:21',NULL),(110,11,'2018-07-17 05:11:21','2018-07-17 05:11:21',NULL),(111,12,'2018-07-17 05:11:21','2018-07-17 05:11:21',NULL),(112,12,'2018-07-17 05:11:21','2018-07-17 05:11:21',NULL),(113,12,'2018-07-17 05:11:21','2018-07-17 05:11:21',NULL),(114,12,'2018-07-17 05:11:21','2018-07-17 05:11:21',NULL),(115,13,'2018-07-17 05:11:21','2018-07-17 05:11:21',NULL),(116,13,'2018-07-17 05:11:21','2018-07-17 05:11:21',NULL),(117,13,'2018-07-17 05:11:21','2018-07-17 05:11:21',NULL),(118,13,'2018-07-17 05:11:21','2018-07-17 05:11:21',NULL),(119,13,'2018-07-17 05:11:21','2018-07-17 05:11:21',NULL),(120,13,'2018-07-17 05:11:21','2018-07-17 05:11:21',NULL),(121,13,'2018-07-17 05:11:21','2018-07-17 05:11:21',NULL),(122,13,'2018-07-17 05:11:21','2018-07-17 05:11:21',NULL),(123,14,'2018-07-17 05:11:21','2018-07-17 05:11:21',NULL),(124,14,'2018-07-17 05:11:21','2018-07-17 05:11:21',NULL),(125,14,'2018-07-17 05:11:21','2018-07-17 05:11:21',NULL),(126,14,'2018-07-17 05:11:21','2018-07-17 05:11:21',NULL),(127,14,'2018-07-17 05:11:21','2018-07-17 05:11:21',NULL),(128,14,'2018-07-17 05:11:21','2018-07-17 05:11:21',NULL),(129,14,'2018-07-17 05:11:21','2018-07-17 05:11:21',NULL),(130,14,'2018-07-17 05:11:21','2018-07-17 05:11:21',NULL),(131,14,'2018-07-17 05:11:21','2018-07-17 05:11:21',NULL),(132,14,'2018-07-17 05:11:21','2018-07-17 05:11:21',NULL),(133,14,'2018-07-17 05:11:21','2018-07-17 05:11:21',NULL),(134,14,'2018-07-17 05:11:21','2018-07-17 05:11:21',NULL),(135,14,'2018-07-17 05:11:21','2018-07-17 05:11:21',NULL),(136,15,'2018-07-17 05:11:21','2018-07-17 05:11:21',NULL),(137,15,'2018-07-17 05:11:21','2018-07-17 05:11:21',NULL),(138,15,'2018-07-17 05:11:21','2018-07-17 05:11:21',NULL),(139,15,'2018-07-17 05:11:21','2018-07-17 05:11:21',NULL),(140,15,'2018-07-17 05:11:21','2018-07-17 05:11:21',NULL),(141,15,'2018-07-17 05:11:21','2018-07-17 05:11:21',NULL),(142,15,'2018-07-17 05:11:21','2018-07-17 05:11:21',NULL),(143,15,'2018-07-17 05:11:21','2018-07-17 05:11:21',NULL),(144,15,'2018-07-17 05:11:21','2018-07-17 05:11:21',NULL),(145,15,'2018-07-17 05:11:21','2018-07-17 05:11:21',NULL),(146,15,'2018-07-17 05:11:21','2018-07-17 05:11:21',NULL),(147,15,'2018-07-17 05:11:21','2018-07-17 05:11:21',NULL),(148,15,'2018-07-17 05:11:21','2018-07-17 05:11:21',NULL),(149,15,'2018-07-17 05:11:21','2018-07-17 05:11:21',NULL),(150,15,'2018-07-17 05:11:21','2018-07-17 05:11:21',NULL),(151,15,'2018-07-17 05:11:21','2018-07-17 05:11:21',NULL),(152,15,'2018-07-17 05:11:21','2018-07-17 05:11:21',NULL),(153,15,'2018-07-17 05:11:21','2018-07-17 05:11:21',NULL),(154,15,'2018-07-17 05:11:21','2018-07-17 05:11:21',NULL),(155,15,'2018-07-17 05:11:21','2018-07-17 05:11:21',NULL),(156,15,'2018-07-17 05:11:21','2018-07-17 05:11:21',NULL),(157,15,'2018-07-17 05:11:21','2018-07-17 05:11:21',NULL),(158,15,'2018-07-17 05:11:21','2018-07-17 05:11:21',NULL),(159,16,'2018-07-17 05:11:21','2018-07-17 05:11:21',NULL),(160,16,'2018-07-17 05:11:21','2018-07-17 05:11:21',NULL),(161,16,'2018-07-17 05:11:21','2018-07-17 05:11:21',NULL),(162,16,'2018-07-17 05:11:21','2018-07-17 05:11:21',NULL),(163,16,'2018-07-17 05:11:21','2018-07-17 05:11:21',NULL),(164,16,'2018-07-17 05:11:21','2018-07-17 05:11:21',NULL),(165,16,'2018-07-17 05:11:21','2018-07-17 05:11:21',NULL),(166,16,'2018-07-17 05:11:21','2018-07-17 05:11:21',NULL),(167,16,'2018-07-17 05:11:21','2018-07-17 05:11:21',NULL),(168,16,'2018-07-17 05:11:21','2018-07-17 05:11:21',NULL),(169,17,'2018-07-17 05:11:21','2018-07-17 05:11:21',NULL),(170,17,'2018-07-17 05:11:21','2018-07-17 05:11:21',NULL),(171,17,'2018-07-17 05:11:21','2018-07-17 05:11:21',NULL),(172,17,'2018-07-17 05:11:21','2018-07-17 05:11:21',NULL),(173,17,'2018-07-17 05:11:21','2018-07-17 05:11:21',NULL),(174,17,'2018-07-17 05:11:21','2018-07-17 05:11:21',NULL),(175,17,'2018-07-17 05:11:21','2018-07-17 05:11:21',NULL),(176,17,'2018-07-17 05:11:21','2018-07-17 05:11:21',NULL),(177,17,'2018-07-17 05:11:21','2018-07-17 05:11:21',NULL),(178,17,'2018-07-17 05:11:21','2018-07-17 05:11:21',NULL),(179,17,'2018-07-17 05:11:21','2018-07-17 05:11:21',NULL),(180,17,'2018-07-17 05:11:21','2018-07-17 05:11:21',NULL),(181,18,'2018-07-17 05:11:21','2018-07-17 05:11:21',NULL),(182,18,'2018-07-17 05:11:21','2018-07-17 05:11:21',NULL),(183,18,'2018-07-17 05:11:21','2018-07-17 05:11:21',NULL),(184,18,'2018-07-17 05:11:21','2018-07-17 05:11:21',NULL),(185,18,'2018-07-17 05:11:21','2018-07-17 05:11:21',NULL),(186,18,'2018-07-17 05:11:21','2018-07-17 05:11:21',NULL),(187,18,'2018-07-17 05:11:21','2018-07-17 05:11:21',NULL),(188,18,'2018-07-17 05:11:21','2018-07-17 05:11:21',NULL);

/*Table structure for table `thread_message_status` */

DROP TABLE IF EXISTS `thread_message_status`;

CREATE TABLE `thread_message_status` (
  `id` int(10) unsigned NOT NULL AUTO_INCREMENT,
  `message_id` int(10) unsigned NOT NULL,
  `user_id` int(10) unsigned NOT NULL,
  `message_status` tinyint(4) NOT NULL DEFAULT '10' COMMENT '10=Pending, 20=Delivered, 30=Read',
  `status` tinyint(4) NOT NULL DEFAULT '0' COMMENT '0,1',
  `created_at` timestamp NULL DEFAULT NULL,
  `updated_at` timestamp NULL DEFAULT NULL,
  `deleted_at` timestamp NULL DEFAULT NULL,
  PRIMARY KEY (`id`),
  KEY `thread_message_status_message_id_foreign` (`message_id`),
  KEY `thread_message_status_user_id_foreign` (`user_id`),
  CONSTRAINT `thread_message_status_message_id_foreign` FOREIGN KEY (`message_id`) REFERENCES `thread_messages` (`id`) ON DELETE CASCADE ON UPDATE CASCADE,
  CONSTRAINT `thread_message_status_user_id_foreign` FOREIGN KEY (`user_id`) REFERENCES `users` (`id`) ON UPDATE CASCADE
) ENGINE=InnoDB AUTO_INCREMENT=12 DEFAULT CHARSET=utf8mb4 COLLATE=utf8mb4_unicode_ci;

/*Data for the table `thread_message_status` */

insert  into `thread_message_status`(`id`,`message_id`,`user_id`,`message_status`,`status`,`created_at`,`updated_at`,`deleted_at`) values (1,1,4,20,1,'2018-08-08 13:29:19','2018-08-08 13:29:19',NULL),(2,2,4,20,1,'2018-08-08 13:32:52','2018-08-08 13:32:52',NULL),(3,3,4,20,1,'2018-08-08 13:33:29','2018-08-08 13:33:29',NULL),(4,4,3,20,1,'2018-08-08 13:35:12','2018-08-08 13:35:12',NULL),(5,5,4,20,1,'2018-08-08 13:35:44','2018-08-08 13:35:44',NULL),(6,6,4,20,1,'2018-08-08 13:36:24','2018-08-08 13:36:24',NULL),(7,7,3,20,1,'2018-08-08 13:51:26','2018-08-08 13:51:26',NULL),(8,8,4,20,1,'2018-08-08 13:51:38','2018-08-08 13:51:38',NULL),(9,9,4,20,1,'2018-08-08 13:52:58','2018-08-08 13:52:58',NULL),(10,10,4,20,1,'2018-08-27 08:06:45','2018-08-27 08:06:45',NULL),(11,11,4,20,1,'2018-08-27 08:06:57','2018-08-27 08:06:57',NULL);

/*Table structure for table `thread_messages` */

DROP TABLE IF EXISTS `thread_messages`;

CREATE TABLE `thread_messages` (
  `id` int(10) unsigned NOT NULL AUTO_INCREMENT,
  `thread_id` int(10) unsigned NOT NULL,
  `sender_id` int(10) unsigned NOT NULL,
  `message` text COLLATE utf8mb4_unicode_ci NOT NULL,
  `type` tinyint(4) NOT NULL DEFAULT '1' COMMENT '0,1',
  `status` tinyint(4) NOT NULL DEFAULT '0' COMMENT '0,1',
  `created_at` timestamp NOT NULL DEFAULT CURRENT_TIMESTAMP,
  `updated_at` timestamp NOT NULL DEFAULT CURRENT_TIMESTAMP,
  `deleted_at` timestamp NULL DEFAULT NULL,
  PRIMARY KEY (`id`),
  KEY `thread_messages_thread_id_foreign` (`thread_id`),
  KEY `thread_messages_sender_id_foreign` (`sender_id`),
  CONSTRAINT `thread_messages_sender_id_foreign` FOREIGN KEY (`sender_id`) REFERENCES `users` (`id`) ON UPDATE CASCADE,
  CONSTRAINT `thread_messages_thread_id_foreign` FOREIGN KEY (`thread_id`) REFERENCES `threads` (`id`) ON DELETE CASCADE ON UPDATE CASCADE
) ENGINE=InnoDB AUTO_INCREMENT=12 DEFAULT CHARSET=utf8mb4 COLLATE=utf8mb4_unicode_ci;

/*Data for the table `thread_messages` */

insert  into `thread_messages`(`id`,`thread_id`,`sender_id`,`message`,`type`,`status`,`created_at`,`updated_at`,`deleted_at`) values (1,1,4,'Hello Mechanic!',1,0,'2018-08-08 13:29:19','2018-08-08 13:29:19',NULL),(2,2,4,'Hi Driver whats up?',1,0,'2018-08-08 13:32:52','2018-08-08 13:32:52',NULL),(3,3,4,'hi',1,0,'2018-08-08 13:33:29','2018-08-08 13:33:29',NULL),(4,1,3,'hello',1,0,'2018-08-08 13:35:12','2018-08-08 13:35:12',NULL),(5,4,4,'m good',1,0,'2018-08-08 13:35:44','2018-08-08 13:35:44',NULL),(6,5,4,'ddadasd',1,0,'2018-08-08 13:36:23','2018-08-08 13:36:23',NULL),(7,1,3,'han bhai',1,0,'2018-08-08 13:51:26','2018-08-08 13:51:26',NULL),(8,6,4,'mai thek',1,0,'2018-08-08 13:51:38','2018-08-08 13:51:38',NULL),(9,1,4,'asdasdasd',1,0,'2018-08-08 13:52:58','2018-08-08 13:52:58',NULL),(10,1,4,'bhjghj',1,0,'2018-08-27 08:06:45','2018-08-27 08:06:45',NULL),(11,1,4,'123145',1,0,'2018-08-27 08:06:57','2018-08-27 08:06:57',NULL);

/*Table structure for table `thread_users` */

DROP TABLE IF EXISTS `thread_users`;

CREATE TABLE `thread_users` (
  `id` int(10) unsigned NOT NULL AUTO_INCREMENT,
  `thread_id` int(10) unsigned NOT NULL,
  `user_id` int(10) unsigned NOT NULL,
  `created_at` timestamp NULL DEFAULT NULL,
  `updated_at` timestamp NULL DEFAULT NULL,
  `deleted_at` timestamp NULL DEFAULT NULL,
  PRIMARY KEY (`id`),
  KEY `thread_users_thread_id_foreign` (`thread_id`),
  KEY `thread_users_user_id_foreign` (`user_id`),
  CONSTRAINT `thread_users_thread_id_foreign` FOREIGN KEY (`thread_id`) REFERENCES `threads` (`id`) ON DELETE CASCADE ON UPDATE CASCADE,
  CONSTRAINT `thread_users_user_id_foreign` FOREIGN KEY (`user_id`) REFERENCES `users` (`id`) ON UPDATE CASCADE
) ENGINE=InnoDB AUTO_INCREMENT=13 DEFAULT CHARSET=utf8mb4 COLLATE=utf8mb4_unicode_ci;

/*Data for the table `thread_users` */

insert  into `thread_users`(`id`,`thread_id`,`user_id`,`created_at`,`updated_at`,`deleted_at`) values (1,1,4,'2018-08-08 13:29:19','2018-08-08 13:29:19',NULL),(2,1,3,'2018-08-08 13:29:19','2018-08-08 13:29:19',NULL),(3,2,4,'2018-08-08 13:32:52','2018-08-08 13:32:52',NULL),(4,2,3,'2018-08-08 13:32:52','2018-08-08 13:32:52',NULL),(5,3,4,'2018-08-08 13:33:29','2018-08-08 13:33:29',NULL),(6,3,3,'2018-08-08 13:33:29','2018-08-08 13:33:29',NULL),(7,4,4,'2018-08-08 13:35:44','2018-08-08 13:35:44',NULL),(8,4,3,'2018-08-08 13:35:44','2018-08-08 13:35:44',NULL),(9,5,4,'2018-08-08 13:36:23','2018-08-08 13:36:23',NULL),(10,5,3,'2018-08-08 13:36:23','2018-08-08 13:36:23',NULL),(11,6,4,'2018-08-08 13:51:38','2018-08-08 13:51:38',NULL),(12,6,3,'2018-08-08 13:51:38','2018-08-08 13:51:38',NULL);

/*Table structure for table `threads` */

DROP TABLE IF EXISTS `threads`;

CREATE TABLE `threads` (
  `id` int(10) unsigned NOT NULL AUTO_INCREMENT,
  `last_message_id` int(10) unsigned DEFAULT NULL,
  `created_by` int(10) unsigned NOT NULL,
  `type` tinyint(4) NOT NULL DEFAULT '10' COMMENT '10=Single, 20=Group',
  `status` tinyint(4) NOT NULL DEFAULT '0' COMMENT '0,1',
  `created_at` timestamp NULL DEFAULT NULL,
  `updated_at` timestamp NULL DEFAULT NULL,
  `deleted_at` timestamp NULL DEFAULT NULL,
  PRIMARY KEY (`id`),
  KEY `threads_created_by_foreign` (`created_by`),
  CONSTRAINT `threads_created_by_foreign` FOREIGN KEY (`created_by`) REFERENCES `users` (`id`) ON UPDATE CASCADE
) ENGINE=InnoDB AUTO_INCREMENT=7 DEFAULT CHARSET=utf8mb4 COLLATE=utf8mb4_unicode_ci;

/*Data for the table `threads` */

insert  into `threads`(`id`,`last_message_id`,`created_by`,`type`,`status`,`created_at`,`updated_at`,`deleted_at`) values (1,11,4,10,0,'2018-08-08 13:29:19','2018-08-27 08:06:57',NULL),(2,2,4,10,0,'2018-08-08 13:32:51','2018-08-08 13:32:52',NULL),(3,3,4,10,0,'2018-08-08 13:33:29','2018-08-08 13:33:29',NULL),(4,5,4,10,0,'2018-08-08 13:35:44','2018-08-08 13:35:44',NULL),(5,6,4,10,0,'2018-08-08 13:36:23','2018-08-08 13:36:23',NULL),(6,8,4,10,0,'2018-08-08 13:51:38','2018-08-08 13:51:38',NULL);

/*Table structure for table `user_details` */

DROP TABLE IF EXISTS `user_details`;

CREATE TABLE `user_details` (
  `id` int(10) unsigned NOT NULL AUTO_INCREMENT,
  `user_id` int(10) unsigned NOT NULL,
  `country_code` varchar(10) COLLATE utf8mb4_unicode_ci DEFAULT NULL,
  `phone` varchar(191) COLLATE utf8mb4_unicode_ci DEFAULT NULL,
  `address` varchar(191) COLLATE utf8mb4_unicode_ci DEFAULT NULL,
  `image` varchar(191) COLLATE utf8mb4_unicode_ci DEFAULT NULL,
  `area_id` int(10) unsigned NOT NULL,
  `email_updates` tinyint(4) NOT NULL DEFAULT '0' COMMENT '0,1',
  `created_at` timestamp NOT NULL DEFAULT CURRENT_TIMESTAMP,
  `updated_at` timestamp NOT NULL DEFAULT CURRENT_TIMESTAMP,
  `deleted_at` timestamp NULL DEFAULT NULL,
  PRIMARY KEY (`id`),
  KEY `user_details_user_id_foreign` (`user_id`),
  KEY `user_details_area_id_foreign` (`area_id`),
  CONSTRAINT `user_details_area_id_foreign` FOREIGN KEY (`area_id`) REFERENCES `areas` (`id`) ON DELETE CASCADE ON UPDATE CASCADE,
  CONSTRAINT `user_details_user_id_foreign` FOREIGN KEY (`user_id`) REFERENCES `users` (`id`) ON DELETE CASCADE ON UPDATE CASCADE
) ENGINE=InnoDB AUTO_INCREMENT=17 DEFAULT CHARSET=utf8mb4 COLLATE=utf8mb4_unicode_ci;

/*Data for the table `user_details` */

insert  into `user_details`(`id`,`user_id`,`country_code`,`phone`,`address`,`image`,`area_id`,`email_updates`,`created_at`,`updated_at`,`deleted_at`) values (11,3,NULL,'+971 2544 784','Mechanic Address','users/ZzSL7HO7yZEjzqOgWbbh167REj6avKzPPCFFfAFR.jpeg',1,1,'2018-08-01 13:22:09','2018-09-27 10:10:34',NULL),(12,4,NULL,'12312313','string address','users/WpSnFQDDYDs3wkmpNDpepUNxWEapyMzgLGii9fBG.png',1,1,'2018-08-01 13:23:19','2018-09-27 10:06:03',NULL),(13,5,NULL,'123123','string',NULL,1,1,'2018-08-01 15:13:01','2018-09-11 12:44:15',NULL),(14,6,NULL,'321654987','driver 2 string',NULL,783,1,'2018-08-01 15:16:31','2018-08-01 15:16:31',NULL),(15,7,NULL,'12312',NULL,NULL,1,1,'2018-08-31 12:56:59','2018-08-31 12:56:59',NULL),(16,8,'+91','123123213','string address',NULL,10,1,'2018-09-10 11:54:00','2018-09-10 11:54:00',NULL);

/*Table structure for table `user_devices` */

DROP TABLE IF EXISTS `user_devices`;

CREATE TABLE `user_devices` (
  `id` int(10) unsigned NOT NULL AUTO_INCREMENT,
  `user_id` int(10) unsigned NOT NULL,
  `device_type` varchar(191) COLLATE utf8mb4_unicode_ci NOT NULL,
  `device_token` varchar(191) COLLATE utf8mb4_unicode_ci NOT NULL,
  `push_notification` tinyint(4) NOT NULL DEFAULT '1' COMMENT '0,1',
  `created_at` timestamp NULL DEFAULT NULL,
  `updated_at` timestamp NULL DEFAULT NULL,
  `deleted_at` timestamp NULL DEFAULT NULL,
  PRIMARY KEY (`id`),
  KEY `user_devices_user_id_foreign` (`user_id`),
  CONSTRAINT `user_devices_user_id_foreign` FOREIGN KEY (`user_id`) REFERENCES `users` (`id`) ON DELETE CASCADE ON UPDATE CASCADE
) ENGINE=InnoDB AUTO_INCREMENT=17 DEFAULT CHARSET=utf8mb4 COLLATE=utf8mb4_unicode_ci;

/*Data for the table `user_devices` */

insert  into `user_devices`(`id`,`user_id`,`device_type`,`device_token`,`push_notification`,`created_at`,`updated_at`,`deleted_at`) values (11,3,'android','token',1,'2018-08-01 13:22:10','2018-09-27 09:04:00',NULL),(12,4,'android','token',1,'2018-08-01 13:23:19','2018-09-11 12:58:47',NULL),(13,5,'android','string',1,'2018-08-01 15:13:01','2018-09-10 11:54:00',NULL),(14,6,'android','string',1,'2018-08-01 15:16:31','2018-09-10 11:54:00',NULL),(15,7,'android','string',1,'2018-08-31 12:56:59','2018-09-10 11:54:00',NULL),(16,8,'android','string',1,'2018-09-10 11:54:00','2018-09-10 11:54:00',NULL);

/*Table structure for table `user_social_accounts` */

DROP TABLE IF EXISTS `user_social_accounts`;

CREATE TABLE `user_social_accounts` (
  `id` int(10) unsigned NOT NULL AUTO_INCREMENT,
  `user_id` int(10) unsigned NOT NULL,
  `client_id` int(10) unsigned NOT NULL,
  `platform` varchar(191) COLLATE utf8mb4_unicode_ci NOT NULL,
  `token` varchar(191) COLLATE utf8mb4_unicode_ci NOT NULL,
  `email` varchar(191) COLLATE utf8mb4_unicode_ci DEFAULT NULL,
  `username` varchar(191) COLLATE utf8mb4_unicode_ci DEFAULT NULL,
  `expires_at` datetime DEFAULT NULL,
  `created_at` timestamp NULL DEFAULT NULL,
  `updated_at` timestamp NULL DEFAULT NULL,
  `deleted_at` timestamp NULL DEFAULT NULL,
  PRIMARY KEY (`id`),
  KEY `user_social_accounts_user_id_foreign` (`user_id`),
  CONSTRAINT `user_social_accounts_user_id_foreign` FOREIGN KEY (`user_id`) REFERENCES `users` (`id`) ON DELETE CASCADE ON UPDATE CASCADE
) ENGINE=InnoDB DEFAULT CHARSET=utf8mb4 COLLATE=utf8mb4_unicode_ci;

/*Data for the table `user_social_accounts` */

/*Table structure for table `users` */

DROP TABLE IF EXISTS `users`;

CREATE TABLE `users` (
  `id` int(10) unsigned NOT NULL AUTO_INCREMENT,
  `name` varchar(191) COLLATE utf8mb4_unicode_ci NOT NULL,
  `email` varchar(191) COLLATE utf8mb4_unicode_ci NOT NULL,
  `password` varchar(191) COLLATE utf8mb4_unicode_ci NOT NULL,
  `remember_token` varchar(100) COLLATE utf8mb4_unicode_ci DEFAULT NULL,
  `created_at` timestamp NULL DEFAULT NULL,
  `updated_at` timestamp NULL DEFAULT NULL,
  `deleted_at` timestamp NULL DEFAULT NULL,
  PRIMARY KEY (`id`),
  UNIQUE KEY `users_email_unique` (`email`)
) ENGINE=InnoDB AUTO_INCREMENT=9 DEFAULT CHARSET=utf8mb4 COLLATE=utf8mb4_unicode_ci;

/*Data for the table `users` */

insert  into `users`(`id`,`name`,`email`,`password`,`remember_token`,`created_at`,`updated_at`,`deleted_at`) values (1,'Super Admin','superadmin@ingic.com','$2y$10$WMLT1r73bzboYPJKFyDWU.MOjmDqy6SK8lAl/Qr/TsoyGQcPNeidC','o1x3RnVZaIucVszs2wcEhtNvRUt57FOL0WNk0rcOTusErSQYtSpSgEDsUztT','2018-07-17 05:11:18','2018-07-31 05:12:55',NULL),(2,'Admin','admin@ingic.com','$2y$10$pcqj9qTL7mdus7mMla./i.TeZYJxLmKuMi9nth38vPqupnnu0AQB2','FLUXNa78mMVweKWOA3xyk5MlpGVf3QVoqc6KZEv2NPh0b6BzhmMrfzRe7Z1V','2018-07-17 05:11:18','2018-07-17 05:11:18',NULL),(3,'Mr Mechanic New','mechanic@ingic.com','$2y$10$6g0OdKa91ged7Jj8LcSuyesvcpazaWmS5/MH8Sb4pntkOvJIMfK7y','VledIcl9RxE6x7rexkKnjbuEGNMw77FbOLXcWhEfq0U47YUbNNxSXxOGt6Li','2018-08-01 13:22:09','2018-08-01 13:22:09',NULL),(4,'driver','driver@ingic.com','$2y$10$Scjg9cVnLUtVyKFkIFyPw.IK.28rDHkWfREBSnPNI8gI9u05a27UK','kQhgre2qkZ2wHsP3epndC24Atg2H1M7RSnSf2rLfapdg8M3ng2YEoKVv4DlR','2018-08-01 13:23:19','2018-09-11 12:59:16',NULL),(5,'string','mechanic2@yopmail.com','$2y$10$c88Ds.tEFFt0tgyY3JfzIupr9cDdY7.XtMsaTI.nY/vtzM64yus22','VNrc0VfvHnX6R8wfUTefBIa4I9swJOYns57YFeeU6snK9UoTMX4ilxa5Twrs','2018-08-01 15:13:01','2018-09-11 12:44:50',NULL),(6,'Driver 2','driver2@ingic.com','$2y$10$C7mqRS5EQiQ8OEpl/bp1aeULN6H.0Su4YfmT6Qqb.lqVWu8jHfdhC',NULL,'2018-08-01 15:16:31','2018-08-01 15:16:31',NULL),(7,'Bla Blauser','test@yopmail.com','$2y$10$RDuPzGL9RkNVX2WYneP0WuAtrfWcFEofAwbo2elWl/SFfvSLHrmq.',NULL,'2018-08-31 12:56:59','2018-08-31 12:56:59',NULL),(8,'Babu Rao','string@string.com','$2y$10$pQz4LXKtL8KlpBCtf/O0wufWQ8ZqMVi5WiJRZDURvyL4CbBJ2XGI2',NULL,'2018-09-10 11:54:00','2018-09-10 11:54:00',NULL);

/*!40101 SET SQL_MODE=@OLD_SQL_MODE */;
/*!40014 SET FOREIGN_KEY_CHECKS=@OLD_FOREIGN_KEY_CHECKS */;
/*!40014 SET UNIQUE_CHECKS=@OLD_UNIQUE_CHECKS */;
/*!40111 SET SQL_NOTES=@OLD_SQL_NOTES */;
